For Example 3, Average KL-DV of Tokens Across Perturbations for desp method is: [0.0012, 0.0045, 0.0002, 0.0259, 0.0478, 0.0493, 0.0100, 0.0173, 0.0464, 0.0255, 0.0000, 0.0088, 0.1399, 0.1529, 0.0000, 0.0102, 0.0753, 0.1396, 0.0457, 0.0001, 0.0040, 0.0027, 0.0097, 0.0041, 0.0002, 0.0528, 0.2196, 0.0069, 0.0253, 0.1364, 0.0592, 0.0144]
For Example 4, Average KL-DV of Tokens Across Perturbations for desp method is: [0.0157, 0.0208, 0.0284, 0.9133, 0.6035, 0.0410, 0.0850, 0.4915, 0.0003, 0.1757, 0.2039, 0.3954, 0.0000, 0.0261, 0.0018, 0.0019, 0.0020, 0.0100, 0.0270, 0.0003, 0.0193, 0.0229, 0.0000, 0.0128, 0.0000, 0.0246, 0.0010, 0.0006, 0.0000, 0.0022, 0.0011, 0.0025]
For Example 5, Average KL-DV of Tokens Across Perturbations for desp method is: [0.0028, 0.0596, 0.0254, 0.2930, 0.1522, 0.0002, 0.0857, 0.0001, 0.0814, 0.0651, 0.0000, 0.1901, 0.0403, 0.0000, 0.0205, 0.0415, 0.0556, 0.0660, 0.0147, 0.0081, 0.0007, 0.0153, 0.0000, 0.0046, 0.0010, 0.0022, 0.0360, 0.0128, 0.0040, 0.0024, 0.0265, 0.0005]
For Example 10, Average KL-DV of Tokens Across Perturbations for desp method is: [0.0003, 0.0047, 0.0006, 0.0300, 0.0227, 0.0254, 0.0000, 0.0545, 0.0071, 0.0310, 0.0493, 0.0000, 0.0083, 0.0005, 0.0012, 0.0042, 0.0463, 0.0057, 0.0089, 0.0096, 0.0064, 0.0283, 0.0047, 0.0079, 0.0168, 0.0092, 0.0000, 0.0031, 0.0039, 0.0001, 0.0187, 0.0015]
For Example 11, Average KL-DV of Tokens Across Perturbations for desp method is: [0.0007, 0.0081, 0.0000, 0.0000, 0.0023, 0.0531, 0.0001, 0.0972, 0.0292, 0.0222, 0.0171, 0.0328, 0.2510, 0.0000, 0.0004, 0.0248, 0.1021, 0.0001, 0.0159, 0.0194, 0.0033, 0.0480, 0.0012, 0.0184, 0.0003, 0.0264, 0.0000, 0.0724, 0.0064, 0.0383, 0.0023, 0.0033]
For Example 12, Average KL-DV of Tokens Across Perturbations for desp method is: [0.0008, 0.0135, 0.0152, 0.0665, 0.0702, 0.0033, 0.0000, 0.0208, 0.0443, 0.2042, 0.0629, 0.0202, 0.0094, 0.0097, 0.0032, 0.0088, 0.0034, 0.0216, 0.0222, 0.0076, 0.0211, 0.0000, 0.0343, 0.0203, 0.0130, 0.0004, 0.0000, 0.0124, 0.0246, 0.0005, 0.0199, 0.0000]
For Example 14, Average KL-DV of Tokens Across Perturbations for desp method is: [0.0041, 0.0133, 0.0015, 0.0342, 0.0146, 0.0069, 0.0638, 0.0331, 0.0070, 0.0072, 0.0382, 2.3771, 1.9313, 1.6074, 0.6490, 0.8020, 2.5818, 1.8658, 1.0035, 0.2553, 0.0347, 0.0103, 0.0117, 0.0223, 0.0097, 0.0118, 0.0074, 0.0104, 0.0188, 0.0068, 0.0180, 0.0000]
For Example 15, Average KL-DV of Tokens Across Perturbations for desp method is: [0.0007, 0.0048, 0.0008, 0.0488, 0.0008, 0.0028, 0.0971, 0.0228, 0.0161, 0.0641, 0.0000, 0.0284, 0.0133, 0.0009, 0.0077, 0.0026, 0.0251, 0.0174, 0.0333, 0.0451, 0.0188, 0.0018, 0.0059, 0.0166, 0.0010, 0.0166, 0.0066, 0.0255, 0.0000, 0.0034, 0.0007, 0.0399]
For Example 18, Average KL-DV of Tokens Across Perturbations for desp method is: [0.0003, 0.0082, 0.0251, 0.0851, 0.0001, 0.1215, 0.0194, 0.0238, 0.0284, 0.0274, 0.0284, 0.0033, 0.0626, 0.0191, 0.0003, 0.0005, 0.0000, 0.0024, 0.0091, 0.0379, 0.0239, 0.0494, 0.0000, 0.0569, 0.1283, 0.0012, 0.0625, 0.0016, 0.0062, 0.0050, 0.0025, 0.0002]
For Example 21, Average KL-DV of Tokens Across Perturbations for desp method is: [0.0078, 0.0072, 0.0000, 0.0010, 0.0583, 0.0535, 0.0024, 0.0166, 0.0064, 0.0408, 0.0093, 0.0044, 0.0090, 0.0106, 0.0247, 0.0070, 0.0177, 0.0244, 0.0059, 0.0089, 0.0343, 0.0099, 0.1477, 0.0000, 0.2428, 0.0092, 0.0041, 0.0008, 0.0452, 0.0000, 0.0047, 0.0000]
For Example 22, Average KL-DV of Tokens Across Perturbations for desp method is: [0.0025, 0.0025, 0.0002, 0.0571, 0.0325, 0.0153, 0.0076, 0.0966, 0.1275, 0.1143, 0.1461, 0.9674, 0.2147, 0.0841, 0.0000, 0.0101, 0.0042, 0.0051, 0.0848, 0.0158, 0.0107, 0.0008, 0.0772, 0.0275, 0.0121, 0.4910, 0.0205, 0.0289, 0.0346, 0.0000, 0.0000, 0.0033]
For Example 27, Average KL-DV of Tokens Across Perturbations for desp method is: [0.0013, 0.0307, 0.0093, 0.1795, 0.0221, 0.0419, 0.0678, 0.2039, 0.0053, 0.0382, 0.0251, 0.0077, 0.0194, 0.2918, 0.0056, 0.1753, 0.1371, 0.0056, 0.0066, 0.0439, 0.0018, 0.0175, 0.0683, 0.0000, 0.0061, 0.0014, 0.0277, 0.0030, 0.0123, 0.0018, 0.0433, 0.0331]
For Example 31, Average KL-DV of Tokens Across Perturbations for desp method is: [0.0096, 0.0117, 0.0000, 0.0207, 0.2382, 0.0000, 0.0421, 0.0045, 0.0290, 0.1749, 0.2792, 0.2140, 0.0805, 0.0263, 0.0018, 0.0158, 0.0001, 0.0000, 0.0124, 0.0656, 0.0057, 0.0698, 0.0350, 0.0189, 0.0035, 0.0022, 0.0181, 0.0010, 0.0059, 0.0006, 0.0028, 0.0035]
For Example 32, Average KL-DV of Tokens Across Perturbations for desp method is: [0.0113, 0.0436, 0.0083, 0.2306, 0.1050, 0.1259, 0.0968, 0.0033, 0.0451, 0.0448, 0.1395, 0.0005, 0.2359, 1.9670, 0.5507, 0.0011, 0.0604, 0.9428, 0.4094, 0.0004, 0.0178, 0.0452, 0.0265, 0.0944, 0.0082, 0.2129, 0.0430, 0.0228, 0.0002, 0.0145, 0.0496, 0.0077]
For Example 33, Average KL-DV of Tokens Across Perturbations for desp method is: [0.0054, 0.0217, 0.0000, 0.0000, 0.0401, 0.2570, 0.0249, 0.0376, 0.0353, 0.1104, 0.5552, 0.0000, 0.0418, 0.0139, 0.0353, 0.0012, 0.0015, 0.0004, 0.0422, 0.0369, 0.0218, 0.0931, 0.0000, 0.0305, 0.0242, 0.0079, 0.0037, 0.0049, 0.0014, 0.0006, 0.0114, 0.0045]
For Example 34, Average KL-DV of Tokens Across Perturbations for desp method is: [0.0006, 0.0315, 0.0140, 0.0709, 0.0234, 0.0003, 0.0005, 0.0176, 0.0088, 0.0046, 0.0354, 0.0000, 0.0000, 0.0180, 0.0597, 0.0001, 0.0103, 0.0556, 0.0308, 0.0180, 0.0549, 0.0141, 0.3277, 0.0392, 0.0443, 0.3007, 0.2231, 0.0176, 0.0011, 0.0002, 0.0003, 0.0045]
For Example 36, Average KL-DV of Tokens Across Perturbations for desp method is: [0.0204, 0.0543, 0.0354, 0.4152, 1.0859, 0.0590, 0.0088, 0.2917, 0.0043, 0.0332, 0.0536, 0.0685, 0.1942, 0.0865, 0.0784, 0.3585, 0.0177, 0.0893, 0.0535, 0.0878, 0.0527, 0.2557, 0.0108, 0.0018, 0.0011, 0.0002, 0.0067, 0.0134, 0.0111, 0.0000, 0.0018, 0.0029]
For Example 39, Average KL-DV of Tokens Across Perturbations for desp method is: [0.0038, 0.0171, 0.2778, 0.8289, 0.6931, 0.1836, 0.0215, 0.0278, 0.1785, 0.0161, 0.0589, 0.0301, 0.1485, 0.0000, 0.0266, 0.0117, 0.1824, 0.0440, 0.0068, 0.0524, 0.0000, 0.0179, 0.0001, 0.0063, 0.0806, 0.0042, 0.0423, 0.0475, 0.0101, 0.0070, 0.0044, 0.0138]
For Example 40, Average KL-DV of Tokens Across Perturbations for desp method is: [0.0058, 0.0882, 0.0041, 0.2692, 0.1361, 0.0786, 0.0454, 0.8057, 0.0429, 0.5790, 0.0820, 0.3064, 0.0336, 0.1639, 0.1203, 0.1551, 0.0170, 0.0210, 0.0000, 0.0021, 0.0329, 0.0633, 0.0093, 0.0466, 0.0000, 0.0359, 0.2750, 0.0509, 0.0000, 0.0077, 0.0431, 0.0026]
For Example 41, Average KL-DV of Tokens Across Perturbations for desp method is: [0.0011, 0.0040, 0.0000, 0.0000, 0.0270, 0.0382, 0.0001, 0.1390, 0.0412, 0.0085, 0.0020, 0.1267, 0.0000, 0.0007, 0.0237, 0.2053, 0.0044, 0.2011, 0.0834, 0.0146, 0.0949, 0.0044, 0.0521, 0.0014, 0.0967, 0.0027, 0.0075, 0.0042, 0.0082, 0.0010, 0.0107, 0.0252]
For Example 46, Average KL-DV of Tokens Across Perturbations for desp method is: [0.0018, 0.0323, 0.0038, 0.2003, 0.0003, 0.0000, 0.0038, 0.0139, 0.2912, 0.0003, 0.0554, 0.0659, 0.3504, 1.1107, 0.1400, 0.0175, 0.0818, 0.0000, 0.1222, 0.0418, 0.0092, 0.0096, 0.0352, 0.0244, 0.0900, 0.0613, 0.1429, 0.0000, 0.0016, 0.0230, 0.0483, 0.1498]
For Example 47, Average KL-DV of Tokens Across Perturbations for desp method is: [0.0093, 0.0126, 0.0000, 0.0433, 0.3944, 0.2210, 0.1818, 0.0000, 0.0910, 0.4789, 0.1066, 0.7300, 0.0001, 0.0498, 0.0475, 0.0604, 0.0036, 0.0543, 0.0001, 0.0257, 0.0141, 0.0215, 0.0069, 0.0769, 0.0471, 0.2439, 0.0930, 0.0070, 0.0038, 0.0154, 0.0069, 0.0127]
For Example 50, Average KL-DV of Tokens Across Perturbations for desp method is: [0.0006, 0.0026, 0.0000, 0.0000, 0.0004, 0.0152, 0.0114, 0.0014, 0.0185, 0.0000, 0.0101, 0.0101, 0.0050, 0.0447, 0.0000, 0.0195, 0.0014, 0.0000, 0.0060, 0.0089, 0.0024, 0.0139, 0.0161, 0.0000, 0.0000, 0.0000, 0.0307, 0.0036, 0.0002, 0.0042, 0.0030, 0.0027]
For Example 52, Average KL-DV of Tokens Across Perturbations for desp method is: [0.0049, 0.0220, 0.2609, 0.2015, 0.0489, 0.3919, 0.2438, 0.0845, 0.3245, 0.5414, 0.7493, 0.0789, 0.0755, 0.0281, 0.0150, 0.0465, 0.0154, 0.0969, 0.0001, 0.0161, 0.0556, 0.0168, 0.0023, 0.2469, 0.0697, 0.0078, 0.0000, 0.0046, 0.0239, 0.0017, 0.0297, 0.0000]
For Example 58, Average KL-DV of Tokens Across Perturbations for desp method is: [0.0035, 0.0457, 0.0098, 1.1230, 0.3589, 0.0637, 0.0618, 0.2689, 0.0000, 0.0143, 0.0455, 0.1711, 0.0720, 0.3055, 0.0032, 0.0344, 0.0227, 0.0001, 0.0019, 0.0025, 0.0506, 0.0588, 0.0336, 0.2639, 0.0000, 0.0315, 0.0580, 0.0309, 0.0012, 0.0017, 0.0446, 0.0083]
For Example 60, Average KL-DV of Tokens Across Perturbations for desp method is: [0.0110, 0.0284, 0.0107, 0.6529, 0.3903, 0.4489, 0.1339, 0.0469, 0.3524, 0.2073, 0.7136, 0.0082, 0.2034, 0.0988, 0.0126, 0.0869, 0.1016, 0.0330, 0.2856, 0.0031, 0.1794, 0.0035, 0.0477, 0.0023, 0.0196, 0.0008, 0.0065, 0.0518, 0.0237, 0.0001, 0.0105, 0.0021]
For Example 61, Average KL-DV of Tokens Across Perturbations for desp method is: [0.0024, 0.0066, 0.0017, 0.0799, 0.0001, 0.0000, 0.0038, 0.0055, 0.2091, 0.0001, 0.0759, 0.0640, 0.2387, 0.6560, 0.0306, 0.0301, 0.0664, 0.0604, 0.0405, 0.3217, 0.0385, 0.4638, 0.2668, 0.0138, 0.0021, 0.0173, 0.0185, 0.0268, 0.0031, 0.0009, 0.0010, 0.0001]
For Example 63, Average KL-DV of Tokens Across Perturbations for desp method is: [0.0077, 0.0268, 0.0041, 0.0439, 0.1781, 0.0153, 0.0000, 0.1757, 0.0000, 0.0743, 0.0073, 0.0203, 0.0289, 0.0634, 0.1580, 0.0830, 0.0001, 0.0740, 0.0059, 0.0249, 0.0303, 0.0221, 0.0909, 0.0000, 0.0240, 0.0115, 0.0561, 0.0004, 0.0138, 0.0298, 0.0027, 0.0161]
For Example 65, Average KL-DV of Tokens Across Perturbations for desp method is: [0.0226, 0.0529, 0.0134, 0.0117, 0.0001, 0.0000, 0.0278, 0.0065, 0.0570, 1.2781, 0.0855, 0.0563, 0.1308, 0.1412, 0.0578, 0.1508, 0.0153, 0.0256, 0.3149, 0.0911, 0.0790, 0.0102, 0.0015, 0.0428, 0.1306, 0.0213, 0.0685, 0.0310, 0.0126, 0.0315, 0.0522, 0.0000]
For Example 66, Average KL-DV of Tokens Across Perturbations for desp method is: [0.0015, 0.0520, 0.0060, 0.0735, 0.1301, 0.0016, 0.0855, 0.0217, 0.0473, 0.1118, 0.0356, 0.0704, 0.0555, 0.2030, 0.0000, 0.0030, 0.0096, 0.0024, 0.0126, 0.0000, 0.0006, 0.0217, 0.0620, 0.0000, 0.2996, 0.2091, 0.0280, 0.0564, 0.0925, 0.0616, 0.0071, 0.0000]
For Example 67, Average KL-DV of Tokens Across Perturbations for desp method is: [0.0039, 0.0376, 0.0066, 0.0163, 0.0000, 0.0000, 0.0102, 0.0078, 0.0148, 0.3102, 0.4193, 0.4760, 0.0771, 0.0303, 0.1093, 0.1134, 0.0340, 0.0013, 0.0363, 0.0020, 0.0828, 0.1383, 0.0070, 0.1049, 0.0062, 0.3548, 0.0377, 0.0279, 0.0661, 0.0233, 0.0136, 0.0172]
For Example 68, Average KL-DV of Tokens Across Perturbations for desp method is: [0.0012, 0.0094, 0.0467, 0.1107, 0.0003, 0.0000, 0.0032, 0.0346, 0.0258, 0.0000, 0.0042, 0.0000, 0.0196, 0.0206, 0.0126, 0.0137, 0.0167, 0.0133, 0.0006, 0.0000, 0.0000, 0.0011, 0.0054, 0.0202, 0.0000, 0.0060, 0.0283, 0.0000, 0.0116, 0.0223, 0.0157, 0.0031]
For Example 69, Average KL-DV of Tokens Across Perturbations for desp method is: [0.0014, 0.0098, 0.0019, 0.0748, 0.2658, 0.0000, 0.0904, 0.0178, 0.0055, 0.0842, 0.0314, 0.1705, 0.0000, 0.0447, 0.4677, 0.0000, 0.2477, 0.0200, 0.0610, 0.0063, 0.3113, 1.2973, 0.0461, 0.0293, 0.0930, 0.0151, 0.0165, 0.0039, 0.0012, 0.0000, 0.0075, 0.0000]
For Example 70, Average KL-DV of Tokens Across Perturbations for desp method is: [0.0047, 0.0178, 0.0014, 0.0937, 0.0119, 0.0018, 0.2867, 0.0122, 0.0000, 0.0032, 0.1039, 0.0123, 0.0170, 0.0000, 0.0250, 0.0046, 0.1466, 0.0317, 0.0000, 0.0000, 0.0304, 0.0021, 0.0245, 0.0046, 0.0453, 0.0383, 0.0391, 0.0734, 0.0070, 0.0174, 0.0000, 0.0458]
For Example 71, Average KL-DV of Tokens Across Perturbations for desp method is: [0.0042, 0.0189, 0.0814, 1.3418, 0.2046, 0.0656, 0.6790, 0.0298, 0.2383, 0.0146, 0.1047, 0.0499, 0.5257, 0.0384, 0.0158, 0.1403, 0.0213, 0.0364, 0.0859, 0.0816, 0.0547, 0.1847, 0.0138, 0.0212, 0.0062, 0.0531, 0.0715, 0.0250, 0.0000, 0.0103, 0.0012, 0.0287]
For Example 73, Average KL-DV of Tokens Across Perturbations for desp method is: [0.0063, 0.0510, 0.0000, 0.0000, 0.0037, 0.0569, 0.0078, 0.4092, 0.0391, 0.2038, 0.3705, 0.0709, 0.0150, 0.0032, 0.0065, 0.0178, 0.0794, 0.0346, 0.1077, 0.0025, 0.0842, 0.0102, 0.0344, 0.0499, 0.0856, 0.0927, 0.0000, 0.1321, 0.0049, 0.0088, 0.0129, 0.0031]
For Example 75, Average KL-DV of Tokens Across Perturbations for desp method is: [0.0010, 0.0143, 0.0033, 0.0707, 0.0000, 0.0367, 0.0435, 0.0834, 0.0835, 0.1026, 0.0473, 0.0444, 0.0225, 0.0088, 0.0020, 0.0047, 0.0083, 0.0120, 0.2780, 0.0216, 0.0281, 0.0000, 0.0511, 0.0382, 0.0001, 0.0229, 0.0329, 0.0079, 0.0071, 0.0101, 0.0002, 0.0066]
For Example 76, Average KL-DV of Tokens Across Perturbations for desp method is: [0.0058, 0.0174, 0.0008, 0.1158, 0.0768, 0.0243, 0.0000, 0.0404, 0.0454, 0.2510, 0.3314, 0.0102, 0.1109, 0.1449, 0.0178, 0.0380, 0.0515, 0.0143, 0.0331, 0.0119, 0.0067, 0.0449, 0.0016, 0.0038, 0.0255, 0.1279, 0.0967, 0.0024, 0.0010, 0.0022, 0.0000, 0.0013]
For Example 77, Average KL-DV of Tokens Across Perturbations for desp method is: [0.0008, 0.0043, 0.0013, 0.1545, 0.3429, 0.0003, 0.0645, 0.0512, 0.1026, 0.1775, 0.1137, 0.0845, 0.0672, 0.0353, 0.0722, 0.0482, 0.0177, 0.1649, 0.0162, 0.1819, 0.2802, 0.0185, 0.0029, 0.0713, 0.0246, 0.0402, 0.0028, 0.0008, 0.0008, 0.0000, 0.0026, 0.0007]
For Example 78, Average KL-DV of Tokens Across Perturbations for desp method is: [0.0024, 0.0109, 0.0087, 1.2381, 0.2712, 0.0637, 0.0005, 0.0000, 0.3983, 0.0193, 0.0347, 0.0381, 0.0210, 0.5343, 0.1218, 0.0001, 0.0716, 0.0482, 0.0190, 0.0391, 0.0001, 0.0169, 0.1094, 0.0781, 0.1076, 0.5262, 0.0343, 0.0817, 0.0389, 0.0107, 0.0039, 0.0013]
For Example 79, Average KL-DV of Tokens Across Perturbations for desp method is: [0.0042, 0.0489, 0.0084, 0.0224, 0.0006, 0.0000, 0.0086, 0.0150, 0.0537, 1.2074, 0.3336, 0.3175, 0.0032, 0.6935, 0.0298, 0.1150, 0.2551, 0.1273, 0.0607, 0.0097, 0.0332, 0.0030, 0.0500, 0.1761, 0.0310, 0.0255, 0.0042, 0.1346, 0.0074, 0.0249, 0.0175, 0.1126]
For Example 81, Average KL-DV of Tokens Across Perturbations for desp method is: [0.0011, 0.0210, 0.0000, 0.0000, 0.0043, 0.0573, 0.0443, 0.0000, 0.0114, 0.0322, 0.0125, 0.0088, 0.0745, 0.0060, 0.0357, 0.0617, 0.1589, 0.0000, 0.0144, 0.0773, 0.0172, 0.0464, 0.0160, 0.0027, 0.0523, 0.0858, 0.0026, 0.0714, 0.6170, 0.0306, 0.0213, 0.0261]
For Example 82, Average KL-DV of Tokens Across Perturbations for desp method is: [0.0075, 0.0362, 0.0012, 0.3581, 0.0510, 0.1287, 0.0450, 0.0536, 0.0000, 0.0100, 0.0150, 0.0108, 0.1312, 0.0758, 0.2181, 0.4442, 0.2255, 0.0172, 0.0152, 0.0073, 0.0091, 0.0078, 0.0182, 0.0512, 0.0000, 0.0136, 0.0030, 0.0101, 0.0013, 0.0031, 0.0214, 0.0010]
For Example 85, Average KL-DV of Tokens Across Perturbations for desp method is: [0.0008, 0.0116, 0.0079, 0.1259, 0.0274, 0.0933, 0.0979, 0.0000, 0.0606, 0.0355, 0.0341, 0.0000, 0.0411, 0.0330, 0.0136, 0.0080, 0.0079, 0.0328, 0.0055, 0.0347, 0.0028, 0.0004, 0.0047, 0.0009, 0.0048, 0.0018, 0.0029, 0.0028, 0.0001, 0.0000, 0.0105, 0.0021]
For Example 86, Average KL-DV of Tokens Across Perturbations for desp method is: [0.0008, 0.0096, 0.0099, 0.0788, 0.0234, 0.0000, 0.1224, 0.0000, 0.0996, 0.0196, 0.0299, 0.0005, 0.0147, 0.0243, 0.0175, 0.0002, 0.0000, 0.0079, 0.0006, 0.0054, 0.0186, 0.0128, 0.0276, 0.0023, 0.0872, 0.0321, 0.0000, 0.1814, 0.0041, 0.0443, 0.1798, 0.0000]
For Example 87, Average KL-DV of Tokens Across Perturbations for desp method is: [0.0065, 0.0427, 0.0098, 0.3138, 0.2628, 0.0003, 0.0062, 0.0004, 0.0336, 0.0317, 0.0062, 0.0056, 0.1911, 0.0246, 0.0084, 0.0692, 0.0002, 0.0257, 0.2702, 0.0132, 0.6275, 0.0067, 0.0215, 0.1783, 0.2897, 0.4683, 0.2245, 0.0000, 0.0123, 0.0022, 0.0346, 0.0017]
For Example 89, Average KL-DV of Tokens Across Perturbations for desp method is: [0.0017, 0.0169, 0.0050, 0.3399, 0.9998, 0.1198, 0.1539, 0.1479, 0.6246, 0.0157, 0.0012, 0.0000, 0.2944, 0.0386, 0.0537, 0.0000, 0.0493, 0.1373, 0.0161, 0.0633, 0.0238, 0.1206, 0.0124, 0.1557, 0.0488, 0.0283, 0.2634, 0.0216, 0.2425, 0.0153, 0.0129, 0.0214]
For Example 91, Average KL-DV of Tokens Across Perturbations for desp method is: [0.0020, 0.0268, 0.0170, 0.3803, 0.1774, 0.4034, 0.1321, 0.0000, 0.0000, 0.3983, 0.1117, 0.0118, 0.0675, 0.0009, 0.0517, 0.3444, 0.0303, 0.0434, 0.0000, 0.0000, 0.0422, 0.1033, 0.0058, 0.0016, 0.0015, 0.0000, 0.0050, 0.0072, 0.0286, 0.0104, 0.0671, 0.0074]
For Example 92, Average KL-DV of Tokens Across Perturbations for desp method is: [0.0015, 0.0128, 0.0000, 0.0000, 0.0110, 0.1018, 0.1391, 0.0000, 0.0087, 0.0433, 0.0359, 0.0079, 0.1640, 0.0187, 0.1868, 0.1323, 0.5192, 0.0000, 0.0475, 0.4211, 0.0000, 0.0249, 0.0000, 0.0291, 0.0224, 0.0108, 0.0836, 0.0177, 0.0020, 0.0480, 0.0018, 0.0178]
For Example 96, Average KL-DV of Tokens Across Perturbations for desp method is: [0.0073, 0.0544, 0.5503, 0.3956, 0.3015, 0.1146, 0.0899, 0.0055, 0.0000, 0.0001, 0.1121, 0.0064, 0.0032, 0.3847, 0.0000, 0.0931, 0.0483, 0.0322, 0.1123, 0.2741, 0.0556, 0.0458, 0.2476, 0.0001, 0.5445, 1.6142, 0.0119, 0.0289, 0.0577, 0.0260, 0.0380, 0.0257]
For Example 102, Average KL-DV of Tokens Across Perturbations for desp method is: [0.0030, 0.0179, 0.0035, 0.1203, 0.1396, 0.0428, 0.0258, 0.0305, 0.2563, 0.0134, 0.0001, 0.1153, 0.0028, 0.0216, 0.0164, 0.0034, 0.0171, 0.0156, 0.0897, 0.0597, 0.0474, 0.1191, 0.0330, 0.0159, 0.0195, 0.0044, 0.0297, 0.0077, 0.0257, 0.0065, 0.0100, 0.0012]
For Example 104, Average KL-DV of Tokens Across Perturbations for desp method is: [0.0018, 0.0143, 0.0017, 0.0964, 0.0000, 0.1281, 0.0041, 0.0134, 0.1187, 0.1340, 0.0000, 0.3402, 0.0213, 0.7206, 0.0098, 0.0178, 0.1078, 0.0283, 0.0767, 0.0008, 0.0345, 0.0013, 0.0098, 0.0000, 0.0099, 0.0787, 0.0002, 0.0059, 0.0731, 0.0031, 0.0359, 0.2004]
For Example 105, Average KL-DV of Tokens Across Perturbations for desp method is: [0.0006, 0.0056, 0.0004, 0.2976, 0.3304, 0.0427, 0.4417, 0.0121, 0.0017, 0.0018, 0.4634, 0.2496, 0.0017, 0.0529, 0.3201, 0.0093, 0.0152, 0.0086, 0.0068, 0.0059, 0.0173, 0.0009, 0.0409, 0.0190, 0.0034, 0.0139, 0.0142, 0.0284, 0.0000, 0.0132, 0.0154, 0.0189]
For Example 106, Average KL-DV of Tokens Across Perturbations for desp method is: [0.0014, 0.0030, 0.0000, 0.0000, 0.0273, 0.0460, 0.0002, 0.0547, 0.0399, 0.1258, 0.0050, 0.0178, 0.0107, 0.0356, 0.0745, 0.0140, 0.0185, 0.1144, 0.0229, 0.0085, 0.0058, 0.0079, 0.0108, 0.0496, 0.0581, 0.0462, 0.0072, 0.0149, 0.0000, 0.0018, 0.0000, 0.0155]
For Example 107, Average KL-DV of Tokens Across Perturbations for desp method is: [0.0009, 0.0041, 0.0006, 0.1690, 0.0003, 0.0000, 0.0316, 0.0507, 0.0201, 0.0042, 0.0627, 0.0003, 0.0144, 0.0116, 0.0701, 0.0001, 0.4304, 0.7804, 0.1241, 0.7002, 0.1703, 0.0003, 0.0069, 0.0078, 0.0058, 0.0247, 0.0015, 0.0904, 0.0312, 0.0002, 0.0240, 0.0281]
For Example 109, Average KL-DV of Tokens Across Perturbations for desp method is: [0.0063, 0.0444, 0.0127, 0.4289, 0.0111, 0.2986, 0.0691, 0.1932, 0.7596, 0.0536, 0.6199, 0.1150, 0.1582, 0.1515, 0.1332, 0.6347, 0.0006, 0.8584, 0.3728, 0.1054, 0.0937, 0.1498, 0.0406, 0.0881, 0.0202, 0.0387, 0.0472, 0.0160, 0.0018, 0.0433, 0.1669, 0.0085]
For Example 110, Average KL-DV of Tokens Across Perturbations for desp method is: [0.0009, 0.0054, 0.0056, 0.1210, 0.0000, 0.2151, 0.0420, 0.0003, -0.0000, 0.0134, 0.0020, 0.0040, 0.2137, 0.1508, 0.1336, 0.1416, 0.1158, 0.3256, 0.1238, 0.0184, 0.0025, 0.0124, 0.0001, 0.0000, 0.0053, 0.0361, 0.0002, 0.0073, 0.0083, 0.0111, 0.0018, 0.0076]
For Example 117, Average KL-DV of Tokens Across Perturbations for desp method is: [0.0032, 0.0058, 0.0049, 0.0758, 0.0001, 0.0000, 0.0036, 0.0156, 0.0694, 0.0558, 0.0078, 0.0457, 0.0353, 0.0080, 0.0062, 0.0287, 0.0059, 0.0406, 0.0586, 0.0024, 0.0047, 0.0111, 0.0101, 0.0366, 0.0000, 0.0935, 0.0997, 0.1907, 0.0398, 0.0068, 0.0053, 0.0090]
For Example 118, Average KL-DV of Tokens Across Perturbations for desp method is: [0.0024, 0.0227, 0.0069, 0.1119, 0.1039, 0.1251, 0.0012, 0.1276, 0.0112, 0.1367, 0.2975, 0.1267, 0.0001, 0.0225, 0.0658, 0.2962, 0.0018, 0.0019, 0.0052, 0.0614, 0.0155, 0.1018, 0.0000, 0.0234, 0.1233, 0.0227, 0.0142, 0.0116, 0.0006, 0.0010, 0.0351, 0.0028]
For Example 119, Average KL-DV of Tokens Across Perturbations for desp method is: [0.0004, 0.0108, 0.0000, 0.0000, 0.0082, 0.1787, 0.0000, 0.0588, 0.0630, 0.0240, 0.0066, 0.0820, 0.0233, 0.1332, 0.0266, 0.0263, 0.0487, 0.0334, 0.0032, 0.0712, 0.0030, 0.1718, 0.0000, 0.4211, 0.1583, 0.0335, 0.0041, 0.0038, 0.0004, 0.0063, 0.0008, 0.0117]
For Example 120, Average KL-DV of Tokens Across Perturbations for desp method is: [0.0025, 0.0096, 0.0036, 0.1301, 0.1940, 0.0018, 0.0526, 0.0657, 0.0818, 0.0641, 0.2412, 0.0019, 0.2450, 0.0277, 0.0119, 0.0731, 0.1234, 0.0152, 0.0251, 0.0018, 0.0122, 0.0455, 0.1252, 0.0126, 0.1571, 0.0000, 0.0530, 0.0118, 0.0038, 0.0011, 0.0553, 0.0000]
For Example 123, Average KL-DV of Tokens Across Perturbations for desp method is: [0.0080, 0.0284, 0.0000, 0.0034, 0.0724, 0.1516, 0.0069, 0.0429, 0.0213, 0.2953, 0.0348, 0.0000, 0.0150, 0.0072, 0.0215, 0.0826, 0.1607, 0.0740, 0.0259, 0.0222, 0.1430, 0.0117, 0.0106, 0.0905, 0.0130, 0.0395, 0.0000, 0.1059, 0.0015, 0.0000, 0.0628, 0.0125]
For Example 125, Average KL-DV of Tokens Across Perturbations for desp method is: [0.0029, 0.0058, 0.0000, 0.0000, 0.0021, 0.0550, 0.0761, 0.0235, 0.0000, 0.0726, 0.0511, 0.0548, 0.0186, 0.0604, 0.0086, 0.0009, 0.0898, 0.1387, 0.0002, 0.0135, 0.1304, 0.0079, 0.0009, 0.0077, 0.0411, 0.0034, 0.0160, 0.0200, 0.0499, 0.0000, 0.0691, 0.0060]
For Example 128, Average KL-DV of Tokens Across Perturbations for desp method is: [0.0018, 0.0049, 0.0037, 0.0694, 0.0522, 0.0447, 0.0493, 0.0441, 0.0241, 0.0380, 0.1814, 0.0234, 0.0109, 0.0019, 0.0017, 0.0032, 0.0306, 0.0529, 0.0108, 0.0013, 0.0018, 0.0191, 0.1054, 0.0107, 0.0056, 0.0061, 0.0119, 0.0155, 0.0248, 0.0113, 0.0191, 0.0000]
For Example 130, Average KL-DV of Tokens Across Perturbations for desp method is: [0.0056, 0.0261, 0.0138, 0.2976, 0.2591, 0.2717, 0.4050, 0.0930, 0.1498, 0.2642, 0.0085, 0.1007, 0.1093, 0.0147, 0.0151, 0.1862, 0.0003, 0.0101, 0.0505, 0.0237, 0.0284, 0.0828, 0.0362, 0.1872, 0.0074, 0.0378, 0.0421, 0.0250, 0.0234, 0.0057, 0.0015, 0.0007]
For Example 131, Average KL-DV of Tokens Across Perturbations for desp method is: [0.0133, 0.0060, 0.0094, 0.3372, 0.1435, 1.0858, 0.0394, 0.0000, 0.0024, 0.0000, 0.0663, 0.0020, 0.0191, 0.0001, 0.0559, 0.0504, 0.1568, 0.7175, 0.1414, 0.0670, 0.2822, 0.0174, 0.4964, 0.1784, 0.1136, 0.1886, 0.2469, 1.4417, 0.0317, 0.0108, 0.0803, 0.0006]
For Example 132, Average KL-DV of Tokens Across Perturbations for desp method is: [0.0096, 0.0078, 0.0475, 0.0631, 0.0670, 0.0073, 0.0000, 0.0360, 0.0437, 0.1133, 0.0138, 0.0007, 0.0338, 0.0303, 0.0797, 0.0862, 0.0230, 0.0647, 0.0095, 0.0048, 0.0101, 0.0416, 0.1443, 0.0391, 0.0195, 0.0520, 0.0000, 0.0327, 0.0092, 0.0110, 0.0002, 0.0008]
For Example 135, Average KL-DV of Tokens Across Perturbations for desp method is: [0.0029, 0.0088, 0.0035, 0.1709, 0.1753, 0.0000, 0.0262, 0.0587, 0.0657, 0.0400, 0.0368, 0.0169, 0.0361, 0.0053, 0.0155, 0.0164, 0.0150, 0.0358, 0.0088, 0.0057, 0.0443, 0.0032, 0.0520, 0.0102, 0.0063, 0.0005, 0.0216, 0.0000, 0.0054, 0.0169, 0.0000, 0.0101]
For Example 137, Average KL-DV of Tokens Across Perturbations for desp method is: [0.0011, 0.0125, 0.0146, 0.0785, 0.0671, 0.1058, 0.0254, 0.1409, 0.0349, 0.0250, 0.0190, 0.0752, 0.0199, 0.0735, 0.0958, 0.0202, 0.0093, 0.0053, 0.0523, 0.0000, 0.0053, 0.1930, 0.0000, 0.0043, 0.0304, 0.0014, 0.0002, 0.0398, 0.0000, 0.0013, 0.0191, 0.0103]
For Example 143, Average KL-DV of Tokens Across Perturbations for desp method is: [0.0027, 0.0409, 0.0347, 1.6181, 1.5366, 0.1063, 0.0001, 0.0757, 0.0666, 0.5855, 0.0692, 0.0630, 0.1054, 0.0000, 0.3175, 0.2204, 0.0289, 0.0369, 0.0867, 0.0292, 0.1181, 0.0000, 0.0303, 0.0805, 0.1280, 0.0026, 0.0001, 0.0676, 0.0148, 0.0460, 0.1221, 0.0736]
For Example 145, Average KL-DV of Tokens Across Perturbations for desp method is: [0.0010, 0.0077, 0.0016, 0.1427, 1.1929, 0.0000, 0.0402, 0.0205, 0.0031, 0.0201, 0.0001, 0.0048, 0.0147, 0.0026, 0.0330, 0.0000, 0.0002, 0.0006, 0.0021, 0.0063, 0.0000, 0.0050, 0.0237, 0.0000, 0.0150, 0.0147, 0.0511, 0.0032, 0.0075, 0.0004, 0.0051, 0.0008]
For Example 147, Average KL-DV of Tokens Across Perturbations for desp method is: [0.0027, 0.0142, 0.0097, 0.0615, 0.0286, 0.0000, 0.0027, 0.0079, 0.0715, 0.1152, 0.0412, 0.0009, 0.0053, 0.0003, 0.0018, 0.0010, 0.0496, 0.0048, 0.0991, 0.0297, 0.0003, 0.0000, 0.0300, 0.0122, 0.0345, 0.0443, 0.0138, 0.0000, 0.0098, 0.0024, 0.0206, 0.0206]
For Example 148, Average KL-DV of Tokens Across Perturbations for desp method is: [0.0014, 0.0044, 0.0611, 0.1275, 0.0002, 0.0000, 0.0026, 0.2235, 0.2427, 0.5472, 0.0143, 0.2382, 0.0397, 0.2413, 0.0003, 0.0445, 0.0004, 0.0150, 0.0745, 0.0000, 0.2123, 0.0887, 0.0130, 0.0432, 0.0329, 0.0150, 0.0423, 0.0062, 0.0036, 0.0011, 0.0001, 0.0026]
For Example 150, Average KL-DV of Tokens Across Perturbations for desp method is: [0.0039, 0.0103, 0.0000, 0.0000, 0.0055, 0.2006, 0.0751, 0.0587, 0.0259, 0.0154, 0.0045, 0.0397, 0.0000, 0.0126, 0.0024, 0.0000, 0.0108, 0.0251, 0.0481, 0.0000, 0.0407, 0.0058, 0.0316, 0.0217, 0.0107, 0.0007, 0.0008, 0.0101, 0.0275, 0.0064, 0.0191, 0.0609]
For Example 151, Average KL-DV of Tokens Across Perturbations for desp method is: [0.0021, 0.0662, 0.0000, 0.0000, 0.0253, 0.0629, 0.0001, 0.2197, 0.0811, 0.1211, 0.0298, 0.0887, 0.0000, 0.0059, 0.0769, 0.0046, 0.0230, 0.0478, 0.0855, 0.0000, 0.0340, 0.0595, 0.0000, 0.0236, 0.0168, 0.0576, 0.0006, 0.1864, 0.1210, 0.0339, 0.0231, 0.1166]
For Example 154, Average KL-DV of Tokens Across Perturbations for desp method is: [0.0007, 0.0093, 0.0172, 0.1698, 0.0003, 0.0000, 0.0053, 0.0540, 0.1761, 0.0222, 0.0698, 0.2190, 0.3315, 0.0008, 0.0950, 0.1243, 0.0002, 0.0126, 0.0011, 0.0011, 0.0077, 0.0198, 0.0094, 0.0209, 0.0060, 0.0006, 0.0059, 0.0006, 0.0145, 0.0028, 0.0063, 0.0010]
For Example 155, Average KL-DV of Tokens Across Perturbations for desp method is: [0.0006, 0.0019, 0.0000, 0.0000, 0.0115, 0.0560, 0.0001, 0.0883, 0.0327, 0.0542, 0.0335, 0.1797, 0.3375, 0.0151, 0.0608, 0.0002, 0.0064, 0.0149, 0.0030, 0.0188, 0.0010, 0.0066, 0.0001, 0.0748, 0.0000, 0.0938, 0.0019, 0.0030, 0.0016, 0.0001, 0.0017, 0.0003]
For Example 157, Average KL-DV of Tokens Across Perturbations for desp method is: [0.0015, 0.0208, 0.0210, 0.0247, 0.0313, 0.0322, 0.0263, 0.0986, 0.0000, 0.0003, 0.0665, 0.1463, 0.0000, 0.0157, 0.2238, 0.0426, 1.5843, 0.0444, 0.0522, 0.5720, 0.4895, 0.0001, 0.1241, 0.0001, 0.0495, 0.0028, 0.0041, 0.0071, 0.0067, 0.0669, 0.0000, 0.0145]
For Example 160, Average KL-DV of Tokens Across Perturbations for desp method is: [0.0047, 0.0309, 0.0015, 0.0559, 0.0000, 0.0860, 0.0503, 0.0251, 0.0484, 0.0088, 0.1900, 0.0058, 0.0971, 0.0003, 0.0042, 0.0007, 0.0068, 0.0090, 0.0217, 0.0015, 0.0972, 0.0000, 0.1573, 0.0198, 0.0797, 0.0017, 0.0050, 0.0006, 0.0051, 0.0003, 0.0153, 0.0037]
For Example 161, Average KL-DV of Tokens Across Perturbations for desp method is: [0.0009, 0.0032, 0.0117, 0.0248, 0.0296, 0.0231, 0.1110, 0.0000, 0.0212, 0.0262, 0.0000, 0.0071, 0.0123, 0.0131, 0.0253, 0.0032, 0.0222, 0.0186, 0.0080, 0.0109, 0.0000, 0.0017, 0.0078, 0.0061, 0.0041, 0.0354, 0.0000, 0.0047, 0.0871, 0.0052, 0.0615, 0.0152]
For Example 164, Average KL-DV of Tokens Across Perturbations for desp method is: [0.0018, 0.0260, 0.0080, 0.0896, 0.2280, 0.1451, 0.2505, 0.0093, 0.0025, 0.0818, 0.1203, 0.0046, 0.0074, 0.0093, 0.0000, 0.0000, 0.0033, 0.0106, 0.0027, 0.0044, 0.0271, 0.0030, 0.0096, 0.0157, 0.0051, 0.0317, 0.0685, 0.0834, 0.1421, 0.0767, 0.0127, 0.0020]
For Example 169, Average KL-DV of Tokens Across Perturbations for desp method is: [0.0008, 0.0061, 0.0326, 0.0119, 0.0260, 0.0000, 0.0080, 0.0000, 0.0059, 0.0208, 0.2602, 0.0118, 0.0000, 0.0069, 0.0064, 0.0254, 0.0039, 0.0000, 0.0117, 0.0156, 0.0000, 0.0082, 0.0010, 0.0076, 0.0012, 0.0002, 0.0236, 0.0004, 0.0030, 0.0050, 0.0114, 0.0066]
For Example 170, Average KL-DV of Tokens Across Perturbations for desp method is: [0.0009, 0.0113, 0.0000, 0.0000, 0.1222, 0.5399, 0.0003, 0.3411, 0.1253, 0.0150, 0.0167, 0.1977, 0.1735, 0.0457, 0.1699, 0.0008, 0.0269, 0.0300, 0.0102, 0.0574, 0.0043, 0.1451, 0.0065, 0.3765, 0.0073, 0.0146, 0.0013, 0.0037, 0.0300, 0.1230, 0.0340, 0.0191]
For Example 174, Average KL-DV of Tokens Across Perturbations for desp method is: [0.0010, 0.0046, 0.0031, 0.3458, 0.0008, 0.0000, 0.0021, 0.0051, 0.5363, 0.1250, 0.3649, 0.1895, 0.0000, 0.0157, 0.1854, 0.4200, 0.0959, 0.2047, 0.0050, 0.0005, 0.0043, 0.0015, 0.0027, 0.0130, 0.0000, 0.0145, 0.0110, 0.0079, 0.0995, 0.0051, 0.0089, 0.0000]
For Example 175, Average KL-DV of Tokens Across Perturbations for desp method is: [0.0024, 0.0030, 0.0161, 0.5377, 0.0734, 0.1140, 0.0700, 0.0447, 0.0024, 0.1115, 0.0005, 0.0147, 0.0085, 0.0033, 0.0467, 0.0055, 0.0220, 0.0174, 0.1207, 0.0071, 0.2618, 0.0177, 0.0592, 0.0473, 0.3660, 0.0156, 0.0046, 0.0015, 0.0069, 0.0152, 0.0746, 0.0254]
For Example 176, Average KL-DV of Tokens Across Perturbations for desp method is: [0.0018, 0.0098, 0.0017, 0.2555, 0.0023, 0.0549, 0.1486, 0.0552, 0.0158, 0.1264, 0.0000, 0.0241, 0.0243, 0.0132, 0.0114, 0.0343, 0.0140, 0.0002, 0.0013, 0.0335, 0.0021, 0.0001, 0.0017, 0.0112, 0.0027, 0.0009, 0.0125, 0.0000, 0.0071, 0.0113, 0.0036, 0.0104]
For Example 178, Average KL-DV of Tokens Across Perturbations for desp method is: [0.0072, 0.0263, 0.0883, 0.2138, 0.0002, 0.0000, 0.0041, 0.2071, 0.3006, 0.0615, 0.1689, 0.2442, 0.1801, 0.0152, 0.0460, 0.0000, 0.1505, 0.0981, 0.0059, 0.0361, 0.0441, 0.0209, 0.0768, 0.0000, 0.0283, 0.0210, 0.0269, 0.0032, 0.0018, 0.0090, 0.0033, 0.0087]
For Example 180, Average KL-DV of Tokens Across Perturbations for desp method is: [0.0005, 0.0080, 0.0084, 0.5255, 0.0869, 0.0644, 0.0394, 0.0030, 0.0325, 0.0220, 0.0836, 0.0200, 0.0000, 0.0002, 0.0000, 0.0040, 0.0056, 0.0368, 0.0000, 0.0076, 0.1974, 0.0000, 0.0103, 0.0166, 0.0145, 0.0001, 0.0110, 0.0122, 0.0077, 0.0046, 0.0387, 0.0032]
For Example 182, Average KL-DV of Tokens Across Perturbations for desp method is: [0.0076, 0.0740, 0.0120, 0.0529, 0.0809, 0.1150, 0.0879, 0.0161, 0.0452, 0.2730, 0.0007, 0.0133, 0.0138, 0.0000, 0.0081, 0.0207, 0.0601, 0.0544, 0.0072, 0.1850, 0.0790, 0.0084, 0.0183, 0.0134, 0.0291, 0.0210, 0.0144, 0.0570, 0.0596, 0.0201, 0.0022, 0.0078]
For Example 183, Average KL-DV of Tokens Across Perturbations for desp method is: [0.0118, 0.0141, 0.0000, 0.0000, 0.0021, 0.1342, 0.0000, 0.0000, 0.0181, 0.0099, 0.0165, 0.0006, 0.0103, 0.1107, 0.1997, 0.2900, 0.0000, 0.0988, 0.1535, 0.0977, 0.0026, 0.0407, 0.0013, 0.0332, 0.1201, 0.0072, 0.0623, 0.0000, 0.0507, 0.0234, 0.0105, 0.0083]
For Example 184, Average KL-DV of Tokens Across Perturbations for desp method is: [0.0036, 0.0113, 0.0000, 0.0011, 0.0554, 0.0000, 0.0598, 0.0276, 0.0120, 0.1293, 0.0376, 0.1936, 0.0000, 0.0075, 0.0438, 0.0667, 0.0813, 0.0146, 0.0199, 0.0030, 0.0080, 0.0069, 0.0274, 0.0846, 0.0201, 0.0610, 0.0013, 0.0181, 0.0085, 0.0187, 0.1343, 0.0228]
For Example 185, Average KL-DV of Tokens Across Perturbations for desp method is: [0.0037, 0.0096, 0.0021, 0.1842, 0.2694, 0.0320, 0.0096, 0.0246, 0.0629, 0.0127, 0.0000, 0.0122, 0.0161, 0.0153, 0.0630, 0.1756, 0.0015, 0.0293, 0.0140, 0.0044, 0.0612, 0.1025, 0.0153, 0.0532, 0.0394, 0.0376, 0.4845, 0.0170, 0.0242, 0.0705, 0.0625, 0.0189]
For Example 186, Average KL-DV of Tokens Across Perturbations for desp method is: [0.0043, 0.0120, 0.0000, 0.0000, 0.0443, 0.3930, 0.0933, 0.0277, 0.2286, 0.2651, 0.0468, 0.0161, 0.0108, 0.0409, 0.0107, 0.2075, 0.0288, 0.0381, 0.0792, 0.0157, 0.0027, 0.0055, 0.0331, 0.1416, 0.2141, 0.0017, 0.1359, 0.7122, 0.0000, 0.0000, 0.0195, 0.0344]
For Example 190, Average KL-DV of Tokens Across Perturbations for desp method is: [0.0066, 0.0593, 0.0000, 0.0000, 0.0378, 0.7222, 1.1265, 0.2954, 0.0629, 0.0547, 0.0000, 0.0132, 0.5292, 0.1548, 0.0965, 0.3226, 0.1171, 0.1329, 0.2597, 0.4342, 0.0266, 0.0229, 0.1048, 0.0047, 0.0481, 0.0001, 0.0007, 0.0000, 0.0111, 0.0076, 0.0296, 0.1307]
For Example 191, Average KL-DV of Tokens Across Perturbations for desp method is: [0.0005, 0.0135, 0.0000, 0.0000, 0.0331, 0.1151, 0.0001, 0.2222, 0.0953, 0.0369, 0.0163, 0.1947, 0.0191, 0.1570, 0.0761, 0.4503, 0.0387, 0.0077, 0.0906, 0.2193, 0.0041, 0.0094, 0.0889, 0.0041, 0.0892, 0.0684, 0.0368, 0.0098, 0.0218, 0.0034, 0.0348, 0.0269]
For Example 193, Average KL-DV of Tokens Across Perturbations for desp method is: [0.0126, 0.0183, 0.0000, 0.0000, 0.0140, 0.3113, 0.0000, 0.0000, 0.0370, 0.0114, 0.0335, 0.0662, 0.1901, 0.2561, 0.1865, 0.1218, 0.0004, 0.0378, 0.0247, 0.0032, 0.0048, 0.0355, 0.0128, 0.0024, 0.0505, 0.0530, 0.0043, 0.0455, 0.3804, 0.0124, 0.0032, 0.0451]
For Example 195, Average KL-DV of Tokens Across Perturbations for desp method is: [0.0008, 0.0058, 0.0100, 0.0969, 0.0257, 0.0400, 0.0356, 0.0280, 0.0349, 0.0535, 0.0270, 0.0563, 0.0704, 0.0034, 0.0132, 0.0098, 0.0002, 0.0009, 0.0152, 0.0307, 0.0081, 0.0031, 0.0013, 0.0346, 0.0032, 0.0069, 0.0000, 0.0022, 0.0003, 0.0000, 0.0017, 0.0140]
For Example 196, Average KL-DV of Tokens Across Perturbations for desp method is: [0.0061, 0.0191, 0.0456, 0.0480, 0.5083, 0.1020, 0.0001, 0.0269, 0.0691, 0.2150, 0.0731, 0.0214, 0.0381, 0.0212, 0.0867, 0.0140, 0.0106, 0.0264, 0.0202, 0.0607, 0.0045, 0.0039, 0.0013, 0.0147, 0.0133, 0.0000, 0.0134, 0.0265, 0.0000, 0.0188, 0.0081, 0.0896]
For Example 198, Average KL-DV of Tokens Across Perturbations for desp method is: [0.0028, 0.0109, 0.0189, 0.1856, 0.0006, 0.0000, 0.0026, 0.1956, 0.3952, 0.0568, 0.0000, 0.4483, 0.0066, 0.1244, 0.0199, 0.0408, 0.4457, 0.0003, 0.0010, 0.0000, 0.0002, 0.0021, 0.0027, 0.0742, 0.0146, 0.0411, 0.0015, 0.0792, 0.0369, 0.0000, 0.1948, 0.0001]
For Example 199, Average KL-DV of Tokens Across Perturbations for desp method is: [0.0100, 0.0258, 0.0167, 0.2598, 0.2819, 0.1639, 0.3729, 0.7401, 0.1332, 0.2084, 0.4372, 0.1647, 0.2142, 0.0157, 0.0022, 0.0185, 0.0205, 0.0933, 0.1106, 0.0287, 0.2546, 0.0000, 0.0754, 0.0655, 0.0455, 0.0099, 0.0318, 0.0417, 0.0050, 0.0204, 0.0274, 0.0119]
For Example 201, Average KL-DV of Tokens Across Perturbations for desp method is: [0.0063, 0.0140, 0.0045, 1.1458, 0.1980, 0.0896, 0.0497, 0.4216, 0.0678, 0.0843, 0.0133, 0.0161, 0.0330, 0.0596, 0.0000, 0.0031, 0.0124, 0.3210, 0.0649, 0.0059, 0.0039, 0.0056, 0.0786, 0.0195, 0.0471, 0.0081, 0.0114, 0.0171, 0.0096, 0.0258, 0.0101, 0.0044]
For Example 203, Average KL-DV of Tokens Across Perturbations for desp method is: [0.0040, 0.0104, 0.0000, 0.0008, 0.0182, 0.0000, 0.0298, 0.0012, 0.0031, 0.0194, 0.0799, 0.0171, 0.0008, 0.0285, 0.0010, 0.0123, 0.0030, 0.0131, 0.0576, 0.0218, 0.0061, 0.0057, 0.0009, 0.0068, 0.0009, 0.0025, 0.0012, 0.0002, 0.0005, 0.0000, 0.0028, 0.0001]
For Example 204, Average KL-DV of Tokens Across Perturbations for desp method is: [0.0014, 0.0075, 0.0000, 0.0000, 0.0013, 0.0148, 0.0014, 0.0473, 0.0396, 0.0222, 0.0521, 0.0256, 0.0248, 0.0091, 0.0018, 0.0163, 0.0031, 0.0050, 0.0142, 0.0025, 0.0099, 0.0003, 0.0158, 0.0010, 0.0065, 0.0099, 0.0075, 0.0043, 0.0033, 0.0106, 0.0046, 0.0005]
For Example 206, Average KL-DV of Tokens Across Perturbations for desp method is: [0.0143, 0.0302, 0.0078, 0.6933, 0.6281, 0.1302, 0.0941, 0.4976, 0.0002, 0.9730, 0.0380, 0.0993, 0.0105, 0.0377, 0.0042, 0.2684, 0.3226, 0.0303, 0.1320, 0.0046, 0.0959, 0.0152, 0.0550, 0.0026, 0.0196, 0.0200, 0.0006, 0.0174, 0.0142, 0.0179, 0.0000, 0.0001]
For Example 207, Average KL-DV of Tokens Across Perturbations for desp method is: [0.0065, 0.0124, 0.0061, 0.1384, 0.0000, 0.0897, 0.0150, 0.0381, 0.1234, 0.1426, 0.0000, 0.0061, 0.0450, 0.0982, 0.3120, 0.1215, 0.0046, 0.0277, 0.0045, 0.0091, 0.0020, 0.1858, 0.0390, 0.0456, 0.0227, 0.0149, 0.0179, 0.0579, 0.0018, 0.0042, 0.0169, 0.0556]
For Example 210, Average KL-DV of Tokens Across Perturbations for desp method is: [0.0314, 0.1104, 0.0138, 0.5564, 0.2801, 0.0419, 0.0899, 0.1975, 0.0458, 0.0133, 0.0023, 0.0287, 0.0172, 0.0140, 0.0091, 0.0920, 0.1763, 0.0477, 0.0827, 0.2341, 0.2367, 0.0174, 0.0044, 0.0038, 0.0024, 0.0172, 0.0671, 0.0076, 0.2194, 1.0629, 0.4878, 0.0493]
For Example 211, Average KL-DV of Tokens Across Perturbations for desp method is: [0.0007, 0.0097, 0.0000, 0.0000, 0.0017, 0.0557, 0.0427, 0.0000, 0.0060, 0.0178, 0.0230, 0.0839, 0.1441, 0.0147, 0.0275, 0.0731, 0.1073, 0.0156, 0.0122, 0.0320, 0.0870, 0.0010, 0.0100, 0.0148, 0.0033, 0.0471, 0.1190, 0.0111, 0.0488, 0.3888, 0.0485, 0.0546]
For Example 214, Average KL-DV of Tokens Across Perturbations for desp method is: [0.0035, 0.0070, 0.0024, 0.0150, 0.0467, 0.0000, 0.0427, 0.0341, 0.0099, 0.0000, 0.0195, 0.1331, 0.1999, 0.0000, 0.0334, 0.0545, 0.0128, 0.0188, 0.0001, 0.0545, 0.6716, 0.0222, 0.0090, 0.0100, 0.0014, 0.0002, 0.0459, 0.0000, 0.0048, 0.0532, 0.0000, 0.0074]
For Example 215, Average KL-DV of Tokens Across Perturbations for desp method is: [0.0040, 0.0207, 0.0278, 0.0594, 0.0279, 0.0002, 0.0003, 0.0033, 0.0830, 0.0193, 0.0763, 0.0133, 0.0465, 0.0000, 0.0000, 0.0686, 0.1347, 0.1015, 0.0163, 0.0002, 0.0502, 0.0056, 0.0200, 0.0158, 0.0594, 0.1069, 0.0000, 0.0000, 0.0006, 0.1237, 0.2137, 0.0000]
For Example 216, Average KL-DV of Tokens Across Perturbations for desp method is: [0.0038, 0.0224, 0.0010, 0.1642, 0.0656, 0.0137, 0.1645, 0.1530, 0.0003, 0.0645, 0.0320, 0.2343, 0.0055, 0.0401, 0.0084, 0.0083, 0.0236, 0.0795, 0.0000, 0.0183, 0.0001, 0.1097, 0.0009, 0.0000, 0.0252, 0.0029, 0.0326, 0.0243, 0.0752, 0.0230, 0.0124, 0.0237]
For Example 218, Average KL-DV of Tokens Across Perturbations for desp method is: [0.0060, 0.0208, 0.0076, 0.3062, 0.0425, 0.0120, 0.0615, 0.2076, 0.1030, 0.0516, 0.0348, 0.0443, 0.1344, 0.0329, 0.1679, 0.0000, 0.1211, 0.0153, 0.0342, 0.0130, 0.0132, 0.0100, 0.0118, 0.1110, 0.0003, 0.0024, 0.0070, 0.0016, 0.0093, 0.0106, 0.0196, 0.0185]
For Example 219, Average KL-DV of Tokens Across Perturbations for desp method is: [0.0021, 0.0166, 0.0106, 0.1838, 0.0009, 0.0732, 0.0286, 0.0001, 0.0458, 0.0120, 0.0254, 0.0003, 0.0139, 0.0000, 0.0107, 0.0184, 0.0000, 0.0065, 0.0004, 0.0524, 0.0267, 0.0107, 0.0297, 0.0001, 0.0013, 0.1667, 0.1747, 0.0110, 0.0001, 0.0087, 0.0195, 0.0061]
For Example 223, Average KL-DV of Tokens Across Perturbations for desp method is: [0.0062, 0.0617, 0.0846, 0.6690, 0.0003, 0.5848, 1.1021, 1.6166, 0.4769, 0.0042, 0.1149, 0.1505, 0.2419, 0.0787, 0.2604, 0.7272, 0.1558, 0.1174, 0.0726, 0.0180, 0.0305, 0.0005, 0.0475, 0.3822, 1.0303, 1.6867, 0.0047, 0.0975, 0.0432, 0.0002, 0.0005, 0.0026]
For Example 225, Average KL-DV of Tokens Across Perturbations for desp method is: [0.0010, 0.0062, 0.0027, 0.4210, 0.1889, 0.0555, 0.2841, 0.2276, 0.3221, 0.0007, 0.1097, 0.0262, 0.0340, 0.0999, 0.0011, 0.0286, 0.0756, 0.0174, 0.0143, 0.0161, 0.0036, 0.0007, 0.1322, 0.2216, 0.0010, 0.0104, 0.0227, 0.0026, 0.0185, 0.1102, 0.0063, 0.0014]
For Example 227, Average KL-DV of Tokens Across Perturbations for desp method is: [0.0010, 0.0077, 0.0315, 0.1984, 0.0005, 0.0000, 0.0055, 0.0908, 0.1626, 0.2236, 0.0599, 0.0622, 0.0001, 0.2636, 0.0186, 0.1729, 0.3526, 0.0039, 0.0172, 0.0219, 0.0149, 0.0151, 0.0470, 0.0000, 0.3380, 0.0806, 0.0100, 0.0244, 0.0026, 0.0403, 0.0012, 0.0000]
For Example 229, Average KL-DV of Tokens Across Perturbations for desp method is: [0.0040, 0.0378, 0.0021, 0.3607, 0.3733, 0.1797, 0.0000, 0.0655, 0.3750, 0.2025, 0.2250, 0.0001, 0.0371, 0.0133, 0.0061, 0.0356, 0.1462, 0.0206, 0.0178, 0.0349, 0.0813, 0.0132, 0.0221, 0.0000, 0.0093, 0.0871, 0.0000, 0.0628, 0.0354, 0.2577, 0.0134, 0.0006]
For Example 230, Average KL-DV of Tokens Across Perturbations for desp method is: [0.0007, 0.0102, 0.0065, 0.0963, 0.0094, 0.0032, 0.0181, 0.0111, 0.0061, 0.0453, 0.0489, 0.0012, 0.0248, 0.0222, 0.0080, 0.0784, 0.0073, 0.0413, 0.0217, 0.0041, 0.0016, 0.0077, 0.0019, 0.0127, 0.0000, 0.0296, 0.0313, 0.0000, 0.0277, 0.0100, 0.0037, 0.0038]
For Example 231, Average KL-DV of Tokens Across Perturbations for desp method is: [0.0025, 0.0999, 0.0080, 0.5596, 0.1624, 0.0898, 0.2452, 0.1259, 0.0106, 0.0034, 0.0099, 0.0532, 0.0425, 0.0778, 0.1960, 0.0456, 0.1985, 0.0124, 0.1171, 0.1520, 0.2187, 0.1519, 0.0004, 0.0553, 0.0400, 0.0272, 0.0498, 0.2239, 0.0007, 0.0380, 0.1990, 0.0186]
For Example 232, Average KL-DV of Tokens Across Perturbations for desp method is: [0.0052, 0.0660, 0.0000, 0.0076, 0.1846, 0.1535, 0.3446, 0.1382, 0.4476, 0.1960, 0.1835, 0.1599, 0.5078, 0.7656, 0.0000, 0.1936, 0.0359, 0.0058, 0.0007, 0.0619, 0.3717, 0.0113, 0.2046, 0.0750, 0.1512, 0.0447, 0.0042, 0.0133, 0.1305, 0.0000, 0.1397, 0.1981]
For Example 234, Average KL-DV of Tokens Across Perturbations for desp method is: [0.0168, 0.0382, 0.5227, 0.5483, 0.0398, 0.0313, 0.5457, 0.0906, 0.1588, 0.0321, 0.0132, 0.0382, 0.0067, 0.0056, 0.0139, 0.1495, 0.0000, 0.0660, 0.2486, 0.1320, 0.0000, 0.0093, 0.1720, 0.0035, 0.0005, 0.1776, 0.3600, 0.2888, 0.0279, 0.0758, 0.0033, 0.0007]
For Example 235, Average KL-DV of Tokens Across Perturbations for desp method is: [0.0004, 0.0043, 0.0251, 0.0577, 0.0002, 0.0000, 0.0033, 0.0754, 0.0736, 0.0389, 0.0899, 0.0628, 0.0002, 0.0425, 0.0171, 0.0000, 0.0057, 0.0304, 0.0000, 0.0589, 0.0093, 0.0023, 0.0121, 0.0054, 0.0075, 0.0362, -0.0000, 0.0092, 0.0053, 0.0156, 0.0040, 0.0013]
For Example 237, Average KL-DV of Tokens Across Perturbations for desp method is: [0.0003, 0.0068, 0.0605, 0.0491, 0.0188, 0.0800, 0.0916, 0.0000, 0.0595, 0.0403, 0.0029, 0.0025, 0.0209, 0.0241, 0.0071, 0.0158, 0.1175, 0.0375, 0.0000, 0.0176, 0.0056, 0.0391, 0.0004, 0.0051, 0.0020, 0.0011, 0.0040, 0.0000, 0.0045, 0.0000, 0.0003, 0.0005]
For Example 241, Average KL-DV of Tokens Across Perturbations for desp method is: [0.0016, 0.0089, 0.0056, 0.1003, 0.0303, 0.1587, 0.2069, 0.1789, 0.6533, 1.1051, 0.0542, 0.0644, 0.0275, 0.0231, 0.0000, 0.0110, 0.1231, 0.0167, 0.0414, 0.0297, 0.0611, 0.1775, 0.0000, 0.0791, 0.2082, 0.0439, 0.0000, 0.0034, 0.0381, 0.0454, 0.0787, 0.0182]
For Example 242, Average KL-DV of Tokens Across Perturbations for desp method is: [0.0065, 0.0223, 0.0164, 0.3427, 0.6721, 0.0344, 0.0001, 0.0701, 0.0527, 0.3112, 0.0860, 0.0461, 0.0075, 0.0157, 0.0132, 0.0127, 0.0322, 0.0017, 0.0121, 0.0212, 0.0127, 0.2349, 0.0000, 0.0095, 0.0069, 0.0304, 0.0011, 0.0003, 0.0096, 0.0032, 0.0233, 0.0125]
For Example 243, Average KL-DV of Tokens Across Perturbations for desp method is: [0.0037, 0.0068, 0.2521, 0.4955, 0.3294, 0.0007, 0.2657, 0.1214, 1.0172, 0.0015, 0.4324, 0.6016, 0.0620, 0.0669, 0.0065, 0.0021, 0.0013, 0.0041, 0.0357, 0.0133, 0.0000, 0.0283, 0.1187, 0.0637, 0.0556, 0.0083, 0.0182, 0.0966, 0.4919, 0.2382, 0.0244, 0.0530]
For Example 245, Average KL-DV of Tokens Across Perturbations for desp method is: [0.0016, 0.0061, 0.0143, 1.1295, 0.3594, 0.0003, 0.0576, 0.0001, 0.1077, 0.1622, 0.6999, 0.1413, 0.0000, 0.0006, 0.0331, 0.1142, 0.0447, 0.0127, 0.0866, 0.0851, 0.0048, 0.0035, 0.0203, 0.0000, 0.0100, 0.1073, 0.0018, 0.0086, 0.0000, 0.0109, 0.1207, 0.0251]
For Example 247, Average KL-DV of Tokens Across Perturbations for desp method is: [0.0050, 0.0552, 0.0215, 0.8428, 0.2590, 0.3747, 0.0002, 0.3756, 0.3696, 0.0000, 0.5961, 0.1247, 0.2045, 0.4497, 0.0016, 0.0002, 0.0072, 0.4827, 0.2810, 0.0000, 0.0001, 0.0072, 0.1022, 0.0367, 0.0023, 0.0514, 0.2520, 0.1431, 0.0363, 0.1215, 0.0347, 0.0580]
For Example 248, Average KL-DV of Tokens Across Perturbations for desp method is: [0.0007, 0.0090, 0.0208, 0.5718, 0.1149, 0.0831, 0.9354, 0.0000, 0.7462, 0.3223, 0.0113, 0.3006, 0.1105, 0.0779, 0.1711, 1.1108, 1.5599, 0.4440, 0.0033, 0.2668, 0.0255, 0.0786, 0.1953, 0.5988, 0.0001, 0.0318, 0.0636, 0.0032, 0.0793, 0.1634, 0.5955, 0.9784]
For Example 250, Average KL-DV of Tokens Across Perturbations for desp method is: [0.0011, 0.0144, 0.0848, 0.1283, 0.2844, 0.0250, 0.2587, 0.1703, 0.0012, 0.0461, 0.0101, 0.2414, 0.0120, 0.0417, 0.0122, 0.0000, 0.0121, 0.0378, 0.0020, 0.0080, 0.0014, 0.0375, 0.0025, 0.0432, 0.0521, 0.0421, 0.0821, 0.0041, 0.0334, 0.0015, 0.0042, 0.0010]
For Example 252, Average KL-DV of Tokens Across Perturbations for desp method is: [0.0015, 0.0270, 0.0141, 0.2319, 0.0537, 0.1188, 0.2167, 0.0138, 0.0000, 0.0166, 0.0536, 0.0209, 0.0545, 0.0229, 0.0274, 0.1192, 0.0012, 0.0306, 0.0113, 0.0133, 0.0136, 0.0000, 0.0085, 0.0640, 0.0000, 0.0255, 0.0278, 0.1622, 0.0147, 0.0100, 0.0125, 0.0182]
For Example 253, Average KL-DV of Tokens Across Perturbations for desp method is: [0.0033, 0.0363, 0.0106, 0.1552, 0.0989, 0.0262, 0.4450, 0.2065, 0.0071, 0.0223, 0.0087, 0.0452, 0.0522, 0.0113, 0.1383, 0.0153, 0.0065, 0.0185, 0.0301, 0.0050, 0.0101, 0.0005, 0.0804, 0.2541, 0.2118, 0.0248, 0.0187, 0.0227, 0.0156, 0.0115, 0.0698, 0.0100]
For Example 255, Average KL-DV of Tokens Across Perturbations for desp method is: [0.0004, 0.0056, 0.0005, 0.3075, 0.0338, 0.0000, 0.0000, 0.0296, 0.0001, 0.0046, 0.0068, 0.0391, 0.0736, 0.0302, 0.0195, 0.0969, 0.0000, 0.0052, 0.0044, 0.0355, 0.0116, 0.0722, 0.0058, 0.0053, 0.0018, 0.0325, 0.0000, 0.0000, 0.0044, 0.0174, 0.0000, 0.0060]
For Example 257, Average KL-DV of Tokens Across Perturbations for desp method is: [0.0070, 0.0259, 0.0000, 0.0000, 0.0037, 0.1663, 0.0000, 0.0000, 0.0183, 0.0064, 0.0926, 0.0538, 0.2114, 0.0000, 0.0317, 0.0162, 0.0358, 0.0037, 0.0062, 0.0003, 0.0187, 0.0361, 0.0007, 0.0326, 0.0000, 0.0400, 0.0079, 0.0031, 0.0036, 0.0010, 0.0009, 0.0003]
For Example 258, Average KL-DV of Tokens Across Perturbations for desp method is: [0.0020, 0.0301, 0.0221, 0.2755, 0.0006, 0.0000, 0.0066, 0.2676, 0.5508, 0.0000, 0.0045, 1.3278, 0.8602, 0.0006, 0.0020, 0.0958, 0.1647, 0.3961, 0.0301, 0.0118, 0.0392, 0.0417, 0.0000, 0.0002, 0.0096, 0.0716, 0.0093, 0.0091, 0.0599, 0.0000, 0.0048, 0.0000]
For Example 259, Average KL-DV of Tokens Across Perturbations for desp method is: [0.0135, 0.0373, 0.0165, 0.6476, 0.4472, 0.0004, 0.1210, 0.0000, 0.0082, 0.0451, 0.0366, 0.1647, 0.0058, 0.0394, 0.0000, 0.0248, 0.0353, 0.0405, 0.1735, 0.0001, 0.0327, 0.0138, 0.0186, 0.0166, 0.0074, 0.0000, 0.0024, 0.0481, 0.0022, 0.0118, 0.0046, 0.0023]
For Example 262, Average KL-DV of Tokens Across Perturbations for desp method is: [0.0047, 0.0519, 0.0137, 0.3777, 0.0553, 0.0541, 0.4347, 0.0009, 0.0874, 0.0169, 0.0090, 0.0080, 0.0180, 0.0789, 0.0452, 0.0000, 0.0172, 0.1424, 0.0005, 0.0000, 0.0036, 0.1451, 0.2197, 0.0001, 0.2197, 0.0033, 0.5108, 0.4223, 0.0015, 0.0415, 0.1000, 0.2796]
For Example 263, Average KL-DV of Tokens Across Perturbations for desp method is: [0.0050, 0.0223, 0.0103, 0.4915, 0.0000, 0.2722, 0.0314, 0.0462, 0.2410, 0.5453, 0.0000, 0.0060, 0.0576, 0.0618, 0.0197, 0.0160, 0.0026, 0.0296, 0.0555, 0.0198, 0.0000, 0.0008, 0.0056, 0.0900, 0.1738, 0.0437, 0.0217, 0.0058, 0.0331, 0.0049, 0.0035, 0.0210]
For Example 268, Average KL-DV of Tokens Across Perturbations for desp method is: [0.0014, 0.0111, 0.0078, 0.7789, 1.1590, 0.0785, 0.0000, 0.0213, 0.0419, 0.0974, 0.3533, 0.0011, 0.3617, 0.0458, 0.0387, 0.0334, 0.0000, 0.3815, 0.0353, 0.4861, 0.0006, 0.0047, 0.0146, 0.0000, 0.0126, 0.0324, 0.0000, 0.0090, 0.0022, 0.0129, 0.0003, 0.0001]
For Example 269, Average KL-DV of Tokens Across Perturbations for desp method is: [0.0008, 0.0032, 0.0004, 0.2836, 0.6040, 0.0129, 0.1394, 0.0003, 0.0154, 0.0668, 0.1327, 0.0337, 0.0494, 0.0479, 0.0210, 0.0331, 0.0147, 0.0000, 0.0026, 0.0021, 0.0074, 0.0119, 0.0058, 0.0359, 0.0000, 0.0113, 0.0025, 0.0247, 0.0005, 0.0002, 0.0048, 0.0019]
For Example 272, Average KL-DV of Tokens Across Perturbations for desp method is: [0.0009, 0.0033, 0.0385, 0.0288, 0.0434, 0.0180, 0.0281, 0.1003, 0.2716, 0.0891, 0.4946, 0.0161, 0.0057, 0.0026, 0.0035, 0.0008, 0.0728, 0.0038, 0.0041, 0.0143, 0.0000, 0.0000, 0.0053, 0.0191, 0.0000, 0.0045, 0.0110, 0.0125, 0.0030, 0.0398, 0.0000, 0.0028]
For Example 274, Average KL-DV of Tokens Across Perturbations for desp method is: [0.0056, 0.0077, 0.0056, 0.2585, 0.0277, 0.0145, 0.0046, 0.2036, 0.0007, 0.0369, 0.1174, 0.0000, 0.0777, 0.1005, 0.1106, 0.0000, 0.0056, 0.5649, 0.9509, 2.0030, 0.0114, 0.0001, 0.0165, 0.0015, 0.0089, 0.2861, 0.0209, 0.9155, 0.0000, 0.0317, 0.0969, 0.0013]
For Example 280, Average KL-DV of Tokens Across Perturbations for desp method is: [0.0023, 0.0175, 0.0015, 0.1554, 0.1274, 0.2887, 0.1398, 0.0966, 0.1945, 0.3394, 0.0004, 0.1277, 0.3255, 0.0406, 0.0663, 0.0000, 0.1424, 0.0322, 0.0097, 0.0390, 0.0252, 0.1140, 0.0000, 0.0161, 0.0064, 0.0199, 0.0047, 0.0030, 0.0159, 0.0028, 0.0187, 0.0065]
For Example 281, Average KL-DV of Tokens Across Perturbations for desp method is: [0.0063, 0.0342, 0.0292, 0.1395, 0.1856, 0.3146, 0.0149, 0.0549, 0.2404, 0.4205, 0.0255, 0.1208, 0.0116, 0.0513, 0.0592, 0.0388, 0.0823, 0.0606, 0.0974, 0.0204, 0.0590, 0.0765, 0.0620, 0.0092, 0.3353, 0.0499, 0.0097, 0.0375, 0.1016, 0.0444, 0.0187, 0.0000]
For Example 284, Average KL-DV of Tokens Across Perturbations for desp method is: [0.0044, 0.0171, 0.0016, 0.4836, 0.8691, 0.2288, 0.0000, 0.0225, 0.0031, 0.0674, 0.0160, 0.0000, 0.0047, 0.1061, 0.0680, 0.0224, 0.0479, 0.0224, 0.0176, 0.0325, 0.0642, 0.1568, 0.0836, 0.1231, 0.0299, 0.0000, 0.0106, 0.0002, 0.0015, 0.0010, 0.0385, 0.0252]
For Example 285, Average KL-DV of Tokens Across Perturbations for desp method is: [0.0016, 0.0119, 0.0018, 0.5738, 0.1398, 0.2842, 0.0465, 0.1283, 0.0654, 0.5387, 0.0070, 0.0425, 0.1220, 0.0638, 0.0129, 0.0506, 0.0254, 0.0357, 0.0185, 0.0169, 0.1091, 0.0000, 0.3879, 0.0278, 0.0722, 0.0000, 0.0229, 0.1575, 0.8994, 0.0002, 0.0455, 0.0135]
For Example 287, Average KL-DV of Tokens Across Perturbations for desp method is: [0.0068, 0.0813, 0.0926, 0.9005, 0.4711, 0.1125, 0.0090, 0.1151, 0.3021, 0.0593, 0.0385, 0.2607, 0.0275, 0.2535, 1.2781, 0.6849, 0.0000, 0.0918, 0.0659, 0.2395, 0.0011, 0.0000, 0.0774, 0.2663, 0.0007, 0.6113, 0.1547, 0.0273, 0.0492, 0.3202, 0.0134, 0.0513]
For Example 291, Average KL-DV of Tokens Across Perturbations for desp method is: [0.0010, 0.0079, 0.0000, 0.0000, 0.0250, 0.1397, 0.1473, 0.0674, 0.1513, 0.0250, 0.0376, 0.1151, 0.0000, 0.0337, 0.0168, 0.0402, 0.0457, 0.0275, 0.0085, 0.0003, 0.0197, 0.0661, 0.0000, 0.0133, 0.0121, 0.0000, 0.0001, 0.0081, 0.0006, 0.0000, 0.0077, 0.0007]
For Example 292, Average KL-DV of Tokens Across Perturbations for desp method is: [0.0031, 0.0421, 0.0573, 0.5190, 0.0005, 0.0948, 0.0927, 0.1196, 0.4933, 0.0000, 0.2657, 0.0000, 0.2447, 0.0018, 0.0584, 0.0505, 0.0124, 0.1804, 0.2465, 0.2045, 0.0001, 0.1954, 0.0358, 0.0190, 0.1323, 0.2700, 0.5256, 0.0000, 0.0299, 0.0851, 0.1618, 0.3936]
For Example 294, Average KL-DV of Tokens Across Perturbations for desp method is: [0.0032, 0.0060, 0.0079, 0.0923, 0.1147, 0.0316, 0.1989, 0.1505, 0.0000, 0.1583, 0.9060, 0.1947, 0.0000, 0.1965, 0.2238, 0.0000, 0.0991, 1.5282, 0.3511, 0.8326, 0.0387, 0.0962, 0.0037, 0.1866, 0.0000, 0.0008, 0.3116, 0.1856, 0.0002, 0.0608, 0.0666, 0.1487]
For Example 295, Average KL-DV of Tokens Across Perturbations for desp method is: [0.0011, 0.0114, 0.0501, 0.1637, 0.0002, 0.0000, 0.0067, 0.2138, 0.4049, 0.1845, 0.1073, 0.0595, 0.0796, 0.2408, 0.0000, 0.0233, 0.0000, 0.0000, 0.0072, 0.0986, 0.1612, 0.2182, 0.2955, 0.1603, 0.0293, 0.0066, 0.0093, 0.0027, 0.0037, 0.0237, 0.0040, 0.0145]
For Example 296, Average KL-DV of Tokens Across Perturbations for desp method is: [0.0010, 0.0083, 0.0126, 0.2972, 0.0005, 0.0000, 0.0071, 0.0688, 0.4078, 0.1490, 0.0628, 0.4592, 0.4123, 0.0389, 0.0176, 0.0401, 0.0000, 0.4632, 0.0993, 0.0006, 0.0551, 0.0069, 0.0648, 0.0302, 0.1251, 0.0908, 0.0138, 0.3733, 0.0148, 0.0149, 0.0117, 0.1321]
For Example 298, Average KL-DV of Tokens Across Perturbations for desp method is: [0.0260, 0.0494, 0.9090, 1.5994, 1.2354, 0.0255, 0.0020, 0.7732, 0.0607, 0.0009, 0.0950, 0.1018, 0.2016, 0.1716, 0.0596, 0.5732, 0.0656, 0.0159, 0.0504, 0.0642, 0.0332, 0.0742, 0.0000, 0.0879, 0.8863, 0.9778, 0.0015, 0.0109, 0.0134, 0.0013, 0.0007, 0.0222]
For Example 300, Average KL-DV of Tokens Across Perturbations for desp method is: [0.0014, 0.0084, 0.0000, 0.0000, 0.0019, 0.0787, 0.0000, 0.0671, 0.0198, 0.0196, 0.0144, 0.0590, 0.0090, 0.0099, 0.0122, 0.0000, 0.0618, 0.0664, 0.0003, 0.0119, 0.0411, 0.0061, 0.0060, 0.0107, 0.0063, 0.0191, 0.0142, 0.0631, 0.1406, 0.0067, 0.0132, 0.0020]
For Example 301, Average KL-DV of Tokens Across Perturbations for desp method is: [0.0435, 0.0960, 0.0000, 0.0000, 0.0782, 0.9069, 0.0707, 0.0946, 0.1837, 1.0318, 0.3633, 0.0210, 0.0988, 0.1134, 0.1971, 0.0001, 0.1512, 0.2389, 0.3535, 0.1990, 0.1799, 0.0367, 0.4044, 0.2977, 0.0304, 0.0707, 0.0000, 0.0172, 0.0010, 0.0180, 0.0019, 0.0015]
For Example 303, Average KL-DV of Tokens Across Perturbations for desp method is: [0.0032, 0.0063, 0.0000, 0.0000, 0.0010, 0.3365, 0.0333, 0.0374, 0.0143, 0.4091, 0.0000, 0.0060, 0.0539, 0.0438, 0.0738, 0.0000, 0.0239, 0.0424, 0.0009, 0.0008, 0.0319, 0.0036, 0.0086, 0.2788, 0.0305, 0.0001, 0.0111, 0.0273, 0.1108, 0.4251, 0.0208, 0.0255]
For Example 305, Average KL-DV of Tokens Across Perturbations for desp method is: [0.0004, 0.0024, 0.0063, 0.2006, 0.1368, 0.0266, 0.0036, 0.3989, 0.0107, 0.0234, 0.0337, 0.0022, 0.5915, 0.2919, 0.0355, 0.1678, 0.2056, 0.0007, 0.1301, 0.0229, 0.0078, 0.0193, 0.0065, 0.0851, 0.0000, 0.0228, 0.0345, 0.0048, 0.0013, 0.0029, 0.0131, 0.0005]
For Example 306, Average KL-DV of Tokens Across Perturbations for desp method is: [0.0051, 0.0230, 0.1434, 0.0534, 0.4671, 0.0219, 0.0000, 0.0007, 1.0988, 0.6785, 0.0315, 0.1485, 0.1536, 1.3229, 0.5941, 0.0605, 0.2383, 0.0315, 0.0302, 0.3269, 0.0260, 0.0464, 0.1521, 0.0000, 0.0013, 0.0266, 0.1730, 0.9535, 0.0000, 0.0904, 0.0059, 0.0035]
For Example 307, Average KL-DV of Tokens Across Perturbations for desp method is: [0.0066, 0.0201, 0.0025, 0.3581, 0.5164, 0.0000, 0.0237, 0.0293, 0.0663, 0.2481, 0.0670, 0.0876, 0.0022, 0.1192, 0.0186, 0.1835, 0.2417, 0.0667, 0.1191, 0.0214, 0.0114, 0.0599, 0.0002, 0.0011, 0.0215, 0.0200, 0.0258, 0.0987, 0.0328, 0.0050, 0.0045, 0.0465]
For Example 309, Average KL-DV of Tokens Across Perturbations for desp method is: [0.0214, 0.0559, 0.0000, 0.0000, 0.0091, 0.2068, 0.0256, 0.0416, 0.0825, 0.0000, 0.9522, 0.0842, 0.1795, 0.0896, 0.0304, 0.1436, 0.1255, 0.0000, 0.0225, 0.0863, 0.0097, 0.0469, 0.3091, 0.0574, 0.0221, 0.0018, 0.0071, 0.0068, 0.0136, 0.0340, 0.0550, 0.0000]
For Example 314, Average KL-DV of Tokens Across Perturbations for desp method is: [0.0017, 0.0212, 0.0308, 0.2824, 0.0003, 0.0000, 0.0052, 0.0959, 0.3710, 0.0020, 0.0634, 0.1346, 0.1232, 0.1498, 0.0926, 0.1541, 0.0480, 0.3456, 0.0634, 0.0001, 0.0478, 0.1485, 0.0601, 0.0577, 0.2511, 0.0117, 0.0097, 0.0588, 0.0510, 0.0878, 0.0000, 0.0746]
For Example 315, Average KL-DV of Tokens Across Perturbations for desp method is: [0.0003, 0.0016, 0.0002, 0.3755, 1.1269, 0.0952, 0.8840, 0.0081, 0.0012, 0.0000, 0.0010, 0.0016, 0.0217, 0.0073, 0.0006, 0.0085, 0.0023, 0.0061, 0.0047, 0.0191, 0.0080, 0.0019, 0.0154, 0.0048, 0.0092, 0.0238, 0.0062, 0.0114, 0.0087, 0.0000, 0.0004, 0.0000]
For Example 317, Average KL-DV of Tokens Across Perturbations for desp method is: [0.0018, 0.0132, 0.0151, 0.1413, 0.0002, 0.0000, 0.0039, 0.0743, 0.2604, 0.0001, 0.0401, 0.0630, 0.2735, 0.2389, 0.1745, 0.0168, 0.0487, 0.0000, 0.2742, 0.0604, 0.0067, 0.0045, 0.0421, 0.0148, 0.0591, 0.0000, 0.0242, 0.0104, 0.0192, 0.0006, 0.0009, 0.0049]
For Example 319, Average KL-DV of Tokens Across Perturbations for desp method is: [0.0013, 0.0148, 0.0176, 0.2942, 0.0003, 0.0000, 0.0024, 0.0862, 0.2689, 0.0720, 0.1754, 0.2226, 0.1303, 0.7841, 0.0016, 0.0554, 0.0201, 0.0033, 0.0144, 0.0197, 0.0231, 0.0925, 0.0032, 0.0073, 0.0094, 0.0426, 0.0138, 0.0019, 0.0309, 0.0060, 0.0312, 0.0133]
For Example 320, Average KL-DV of Tokens Across Perturbations for desp method is: [0.0004, 0.0095, 0.0001, 0.1276, 0.1386, 0.0072, 0.0001, 0.0082, 0.0042, 0.0265, 0.0031, 0.0138, 0.0275, 0.0000, 0.3327, 0.0925, 0.6174, 0.0013, 0.0048, 0.0024, 0.0046, 0.0038, 0.0243, 0.0000, 0.0069, 0.0021, 0.0047, 0.0003, 0.0002, 0.0041, 0.0009, 0.0110]
For Example 323, Average KL-DV of Tokens Across Perturbations for desp method is: [0.0105, 0.0224, 0.0054, 0.3069, 0.0039, 0.1262, 0.1501, 0.3085, 0.5769, 0.0700, 0.1503, 0.1169, 0.1094, 0.0111, 0.0623, 0.0935, 0.0374, 0.1851, 0.0002, 0.3813, 0.1220, 0.0186, 0.0400, 0.0107, 0.0018, 0.1003, 0.0082, 0.0109, 0.0365, 0.0000, 0.0041, 0.0004]
For Example 326, Average KL-DV of Tokens Across Perturbations for desp method is: [0.0051, 0.0258, 0.0871, 0.2471, 0.1518, 0.0788, 0.0889, 0.0003, 0.0487, 0.0099, 0.0415, 0.0661, 0.1014, 0.1559, 0.4329, 0.0897, 0.0568, 0.0073, 0.0485, 0.0953, 0.0059, 0.0541, 0.1328, 0.0000, 0.0378, 0.0293, 0.0340, 0.0025, 0.0044, 0.0188, 0.0053, 0.0157]
For Example 328, Average KL-DV of Tokens Across Perturbations for desp method is: [0.0039, 0.0296, 0.0082, 0.4391, 0.1121, 0.0344, 0.2107, 0.0001, 0.1270, 0.0376, 0.0307, 0.0273, 0.0443, 0.1094, 0.0322, 0.0142, 0.0076, 0.0048, 0.0074, 0.0126, 0.0076, 0.0000, 0.0208, 0.0562, 0.0071, 0.0159, 0.0000, 0.0026, 0.0000, 0.0057, 0.0439, 0.0000]
For Example 330, Average KL-DV of Tokens Across Perturbations for desp method is: [0.0035, 0.0139, 0.0005, 0.2328, 0.4821, 0.0927, 0.0009, 0.0291, 0.0324, 0.4868, 0.1413, 0.0040, 0.0543, 0.0059, 0.0398, 0.0227, 0.1688, 0.0559, 0.0228, 0.0491, 0.0368, 0.0900, 0.0000, 0.5611, 0.2240, 0.0391, 0.0572, 0.0356, 0.0130, 0.0011, 0.0909, 0.0384]
For Example 333, Average KL-DV of Tokens Across Perturbations for desp method is: [0.0023, 0.0094, 0.0080, 0.3655, 0.0003, 0.0000, 0.0035, 0.0293, 0.8295, 0.1648, 0.0585, 0.3601, 0.5094, 0.0657, 0.0187, 0.1062, 0.0206, 0.1871, 0.1937, 0.0000, 0.0001, 0.0113, 0.0417, 0.0327, 0.0447, 0.2809, 0.0313, 0.2239, 0.0185, 0.0084, 0.0221, 0.0146]
For Example 335, Average KL-DV of Tokens Across Perturbations for desp method is: [0.0065, 0.0131, 0.0005, 0.2574, 0.1226, 0.1286, 0.1900, 0.2097, 0.1089, 0.4144, 0.2261, 0.0632, 0.0682, 0.1483, 0.0115, 0.0045, 0.0379, 0.0182, 0.0219, 0.0513, 0.0146, 0.0006, 0.0043, 0.0097, 0.0302, 0.0001, 0.0000, 0.0008, 0.0199, 0.0000, 0.0000, 0.0000]
For Example 336, Average KL-DV of Tokens Across Perturbations for desp method is: [0.0084, 0.0255, 0.0120, 0.0954, 0.3001, 0.0075, 0.1125, 0.1242, 0.1272, 0.0286, 0.0154, 0.0279, 0.0125, 0.0412, 0.0264, 0.0246, 0.0631, 0.0000, 0.0243, 0.0100, 0.0382, 0.0005, 0.0009, 0.0001, 0.0331, 0.0025, 0.0148, 0.0000, 0.0010, 0.0005, 0.0001, 0.0002]
For Example 337, Average KL-DV of Tokens Across Perturbations for desp method is: [0.0028, 0.0210, 0.0149, 0.1556, 0.0783, 0.0404, 0.2145, 0.1354, 0.3080, 0.0516, 0.0519, 0.1341, 0.0488, 0.0127, 0.0054, 0.0586, 0.1370, 0.0219, 0.0032, 0.0022, 0.0471, 0.0474, 0.0567, 0.0650, 0.1218, 0.2907, 0.0001, 0.0575, 0.0020, 0.0466, 0.0124, 0.0275]
For Example 338, Average KL-DV of Tokens Across Perturbations for desp method is: [0.0029, 0.1038, 0.5322, 0.8965, 0.0000, 0.3943, 0.0279, 0.4145, 0.9812, 0.2190, 0.0000, 0.5794, 0.4177, 0.0045, 0.0850, 0.0764, 0.5109, 0.3020, 0.0551, 0.1536, 0.0470, 0.0019, 0.0820, 0.0109, 0.1246, 0.0000, 0.0173, 0.0636, 0.0571, 0.1161, 0.1686, 0.0000]
For Example 339, Average KL-DV of Tokens Across Perturbations for desp method is: [0.0050, 0.0281, 0.0157, 0.2074, 0.1062, 0.1784, 0.1241, 0.4212, 0.1884, 0.2618, 0.3509, 0.0614, 0.1467, 0.1566, 0.0681, 0.1597, 0.0982, 0.1349, 0.3064, 0.0001, 0.3767, 1.0218, 0.0038, 0.0683, 0.3691, 0.0370, 0.0219, 0.0046, 0.0010, 0.0160, 0.0000, 0.0164]
For Example 341, Average KL-DV of Tokens Across Perturbations for desp method is: [0.0009, 0.0347, 0.0247, 0.1967, 0.0854, 0.0004, 0.0293, 0.0001, 0.0072, 0.0224, 0.0354, 0.0000, 0.0408, 0.0200, 0.0111, 0.0329, 0.0433, 0.0000, 0.2057, 0.0315, 0.1435, 0.0015, 0.0290, 0.0086, 0.0000, 0.0083, 0.0220, 0.0000, 0.0252, 0.0189, 0.0174, 0.0009]
For Example 342, Average KL-DV of Tokens Across Perturbations for desp method is: [0.0136, 0.0765, 0.0885, 0.4342, 0.0393, 0.0079, 0.1383, 0.0000, 0.1172, 0.0945, 0.3875, 0.0188, 0.0040, 0.0832, 0.1476, 0.0418, 0.0324, 0.0003, 0.0956, 0.1965, 0.0000, 0.1119, 0.0294, 0.2827, 0.0000, 0.0096, 0.0614, 0.1000, 0.0240, 0.0151, 0.0050, 0.1430]
For Example 344, Average KL-DV of Tokens Across Perturbations for desp method is: [0.0006, 0.0040, 0.0004, 0.1891, 0.0418, 0.1400, 0.0057, 0.0017, 0.0490, 0.0000, 0.0091, 0.2107, 0.0000, 0.0123, 0.0074, 0.0688, 0.0000, 0.0032, 0.0095, 0.0017, 0.0065, 0.0015, 0.0276, 0.0001, 0.1451, 0.0865, 0.0008, 0.0229, 0.0716, 0.0028, 0.0064, 0.1248]
For Example 345, Average KL-DV of Tokens Across Perturbations for desp method is: [0.0055, 0.0377, 0.0000, 0.0070, 0.1541, 0.0967, 0.0028, 0.0270, 0.0048, 0.0115, 0.0109, 0.0000, 0.0130, 0.0089, 0.0160, 0.0265, 0.0233, 0.0062, 0.0154, 0.0980, 0.0459, 0.0110, 0.0079, 0.0251, 0.0083, 0.0674, 0.0000, 0.0442, 0.0940, 0.0220, 0.0000, 0.0051]
For Example 346, Average KL-DV of Tokens Across Perturbations for desp method is: [0.0005, 0.0103, 0.0005, 0.2488, 0.1621, 0.0777, 0.0000, 0.0346, 0.0289, 0.0405, 0.2801, 0.1574, 0.0598, 0.7529, 0.0129, 0.0021, 0.0117, 0.0000, 0.0092, 0.0445, 0.0000, 0.0243, 0.0043, 0.0127, 0.0005, 0.0001, 0.0416, 0.0014, 0.0155, 0.0000, 0.1533, 0.0131]
For Example 348, Average KL-DV of Tokens Across Perturbations for desp method is: [0.0015, 0.0129, 0.0000, 0.0000, 0.0970, 0.0847, 0.0002, 0.2947, 0.1130, 0.2021, 0.1668, 0.2789, 0.4809, 0.0000, 0.0003, 0.0801, 0.0929, 0.0002, 0.0308, 0.0732, 0.0097, 0.0583, 0.0040, 0.0692, 0.0007, 0.3020, 0.0001, 0.2486, 0.0044, 0.0147, 0.0031, 0.0005]
For Example 350, Average KL-DV of Tokens Across Perturbations for desp method is: [0.0047, 0.0159, 0.6480, 0.4602, 0.1620, 0.1324, 0.3911, 0.1220, 0.1039, 0.0576, 1.2779, 0.1926, 0.1627, 0.3620, 0.3359, 1.6612, 0.0627, 0.0372, 0.0130, 0.0435, 0.1048, 0.0000, 0.0172, 0.0418, 0.0000, 0.0148, 0.0002, 0.0177, 0.0000, 0.0138, 0.0338, 0.0072]
For Example 352, Average KL-DV of Tokens Across Perturbations for desp method is: [0.0042, 0.0173, 0.0832, 0.1148, 0.0002, 0.0275, 0.0152, 0.0025, 0.0820, 0.0038, 0.0073, 0.0000, 0.0053, 0.0025, 0.0437, 0.1865, 0.0071, 0.0846, 0.1285, 0.0275, 0.0058, 0.0158, 0.0732, 0.0576, 0.0014, 0.0981, 0.0146, 0.0044, 0.0225, 0.0176, 0.0118, 0.1541]
For Example 355, Average KL-DV of Tokens Across Perturbations for desp method is: [0.0003, 0.0115, 0.0257, 0.0317, 0.0001, 0.3052, 0.0265, 0.0283, 0.0032, 0.0134, 0.0151, 0.0357, 0.0670, 0.1211, 0.0107, 0.0000, 0.2522, 1.3892, 0.5936, 0.0000, 0.0075, 0.0933, 0.3846, 0.0001, 0.0054, 0.0419, 0.0491, 0.0010, 0.0061, 0.0020, 0.0313, 0.0007]
For Example 357, Average KL-DV of Tokens Across Perturbations for desp method is: [0.0012, 0.0079, 0.0677, 0.1354, 0.0003, 0.0000, 0.0032, 0.1659, 0.2942, 0.8774, 0.0344, 0.3904, 0.2830, 0.0103, 0.0120, 0.0745, 0.0000, 0.0549, 0.0413, 0.0042, 0.0203, 0.0526, 0.0119, 0.0709, 0.0000, 0.0060, 0.0033, 0.0084, 0.0014, 0.0017, 0.0027, 0.0011]
For Example 358, Average KL-DV of Tokens Across Perturbations for desp method is: [0.0007, 0.0022, 0.0004, 0.0211, 0.0369, 0.0341, 0.0430, 0.0479, 0.0330, 0.0602, 0.6086, 0.1706, 0.0049, 0.0053, 0.0057, 0.0000, 0.0013, 0.0072, 0.0365, 0.0000, 0.0060, 0.0423, 0.0027, 0.0014, 0.0036, 0.0177, 0.0042, 0.0188, 0.0000, 0.0138, 0.0034, 0.0048]
For Example 359, Average KL-DV of Tokens Across Perturbations for desp method is: [0.0060, 0.0355, 0.0041, 0.4287, 0.0001, 0.0122, 0.0552, 0.0743, 0.5493, 0.0000, 0.2865, 0.0185, 0.0299, 0.1367, 1.0968, 0.0787, 0.0059, 0.0474, 0.0487, 0.1161, 0.0000, 0.0052, 0.0213, 0.0483, 0.0171, 0.0334, 0.4416, 0.0000, 0.0016, 0.0242, 0.0580, 0.0210]
For Example 360, Average KL-DV of Tokens Across Perturbations for desp method is: [0.0031, 0.0164, 0.0000, 0.0000, 0.0112, 0.2558, 0.0796, 0.0165, 0.0389, 0.0877, 0.5204, 0.2814, 0.0000, 0.0094, 0.0342, 0.0640, 0.0199, 0.2299, 0.0095, 0.0103, 0.0439, 0.0031, 0.0307, 0.0000, 0.0034, 0.0005, 0.0045, 0.0067, 0.0046, 0.0040, 0.0041, 0.0016]
For Example 362, Average KL-DV of Tokens Across Perturbations for desp method is: [0.0051, 0.0119, 0.0000, 0.0000, 0.0017, 0.1036, 0.0198, 0.0001, 0.0587, 0.0484, 0.0549, 0.0124, 0.0825, 0.0152, 0.1114, 0.0363, 0.0227, 0.0019, 0.0308, 0.0000, 0.3199, 0.0316, 0.0001, 0.0037, 0.1513, 0.0063, 0.0010, 0.0005, 0.2153, 0.0521, 0.0264, 0.0013]
For Example 364, Average KL-DV of Tokens Across Perturbations for desp method is: [0.0005, 0.0047, 0.0000, 0.0000, 0.0137, 0.0451, 0.0000, 0.0865, 0.0219, 0.0324, 0.0109, 0.1443, 0.0139, 0.0344, 0.0001, 0.0096, 0.0252, 0.0054, 0.0266, 0.0009, 0.0212, 0.0017, 0.0914, 0.0000, 0.1283, 0.0007, 0.0005, 0.0003, 0.0042, 0.0001, 0.0059, 0.0082]
For Example 365, Average KL-DV of Tokens Across Perturbations for desp method is: [0.0027, 0.0217, 0.0000, 0.0000, 0.0008, 0.0412, 0.0031, 0.0375, 0.0257, 0.0260, 0.1172, 0.0000, 0.0391, 0.0308, 0.0009, 0.0324, 0.0020, 0.0066, 0.0189, 0.0070, 0.0338, 0.0001, 0.0171, 0.0225, 0.0089, 0.0008, 0.0035, 0.0025, 0.0035, 0.0003, 0.0092, 0.0000]
For Example 366, Average KL-DV of Tokens Across Perturbations for desp method is: [0.0100, 0.0066, 0.2066, 0.6105, 0.0000, 0.3243, 0.0214, 0.6147, 0.5907, 0.2324, 0.3110, 0.5242, 0.8519, 0.0151, 0.0564, 0.2345, 0.4906, 0.0347, 0.0551, 0.0431, 0.0249, 0.1034, 0.0005, 0.1829, 0.2036, 0.3158, 0.0181, 0.0695, 0.1325, 0.3160, 0.0386, 0.0643]
For Example 367, Average KL-DV of Tokens Across Perturbations for desp method is: [0.0272, 0.1656, 0.0000, 0.0000, 0.0418, 0.5801, 0.0445, 0.1240, 0.3563, 0.0000, 0.5689, 0.0712, 0.1629, 0.0972, 0.0590, 0.5608, 0.8807, 0.0004, 0.0255, 0.1370, 0.0633, 0.0959, 0.5559, 0.0721, 0.0624, 0.0023, 0.0164, 0.0130, 0.0126, 0.0299, 0.0573, 0.0000]
For Example 368, Average KL-DV of Tokens Across Perturbations for desp method is: [0.0040, 0.0253, 0.0249, 0.0611, 0.0414, 0.0423, 0.0430, 0.0582, 0.0072, 0.0239, 0.0398, 0.0194, 0.0000, 0.0169, 0.0165, 0.0634, 0.0805, 0.0175, 0.0057, 0.0383, 0.0005, 0.0134, 0.0455, 0.0141, 0.0156, 0.0664, 0.0870, 0.0088, 0.0049, 0.0179, 0.0037, 0.0062]
For Example 369, Average KL-DV of Tokens Across Perturbations for desp method is: [0.0010, 0.0127, 0.0467, 0.1071, 0.0910, 0.0294, 0.0000, 0.0471, 0.0634, 0.1078, 0.0473, 0.0149, 0.0001, 0.0498, 0.0558, 0.0695, 0.0000, 0.0008, 0.0000, 0.0480, 0.0075, 0.0826, 0.0034, 0.0064, 0.0434, 0.0050, 0.0115, 0.0003, 0.1439, 0.0001, 0.0250, 0.0205]
For Example 370, Average KL-DV of Tokens Across Perturbations for desp method is: [0.0053, 0.0058, 0.0037, 0.1314, 0.1011, 0.0238, 0.1272, 0.1234, 0.0152, 0.0000, 0.0488, 0.0256, 0.0005, 0.0077, 0.0075, 0.0107, 0.0086, 0.0000, 0.0000, 0.0144, 0.0454, 0.0067, 0.0083, 0.0242, 0.0009, 0.0028, 0.0027, 0.0044, 0.0362, 0.0145, 0.0056, 0.0075]
For Example 372, Average KL-DV of Tokens Across Perturbations for desp method is: [0.0034, 0.0213, 0.0000, 0.0000, 0.0242, 0.1676, 0.0001, 0.0794, 0.3527, 0.1360, 0.0071, 0.2515, 0.1021, 0.0000, 0.1278, 0.0162, 0.0549, 0.0268, 0.0622, 0.0091, 0.0071, 0.0319, 0.0874, 0.0000, 0.0108, 0.0567, 0.0015, 0.0729, 0.0000, 0.1759, 0.0155, 0.0423]
For Example 374, Average KL-DV of Tokens Across Perturbations for desp method is: [0.0028, 0.0184, 0.0150, 0.2151, 0.1726, 0.0000, 0.1359, 0.4827, 0.1970, 0.0124, 0.0161, 0.2386, 0.3806, 0.1074, 0.0831, 0.0878, 0.1252, 0.0178, 0.0015, 0.0057, 0.0082, 0.0187, 0.0013, 0.1107, 0.2803, 0.0610, 0.2203, 0.2893, 0.0325, 0.7325, 0.0025, 0.0952]
For Example 375, Average KL-DV of Tokens Across Perturbations for desp method is: [0.0057, 0.0358, 0.0000, 0.0000, 0.0058, 0.2954, 0.1661, 0.3101, 0.0024, 0.0793, 0.2477, 0.1156, 0.9196, 0.0000, 0.0531, 0.3019, 0.0000, 0.1931, 0.5019, 0.1133, 0.0776, 0.0000, 0.1228, 0.1091, 0.0033, 0.1406, 0.0000, 0.2757, 0.0350, 0.0629, 0.0014, 0.0146]
For Example 376, Average KL-DV of Tokens Across Perturbations for desp method is: [0.0646, 0.1320, 0.0000, 0.0000, 0.0303, 0.5724, 0.0214, 0.0244, 0.2111, 0.3905, 0.7685, 0.0002, 1.1421, 0.0249, 0.0832, 0.0000, 0.0002, 0.0000, 0.0061, 0.0590, 0.0214, 0.1001, 0.0315, 0.0537, 0.0000, 0.0155, 0.0037, 0.0149, 0.0050, 0.0191, 0.0603, 0.1453]
For Example 377, Average KL-DV of Tokens Across Perturbations for desp method is: [0.0012, 0.0057, 0.0149, 0.1447, 0.0002, 0.0000, 0.0029, 0.1055, 0.1237, 0.0000, 0.0887, 0.0294, 0.0100, 0.0085, 0.0234, 0.0120, 0.0000, 0.0000, 0.0009, 0.0153, 0.0145, 0.0095, 0.0185, 0.0003, 0.0077, 0.0032, 0.0157, 0.0036, 0.0037, 0.0258, 0.0106, 0.0042]
For Example 378, Average KL-DV of Tokens Across Perturbations for desp method is: [0.0036, 0.0182, 0.0084, 0.3265, 0.0595, 0.0000, 0.1109, 0.7855, 0.0452, 0.1650, 0.1336, 0.0659, 0.4868, 0.1956, 0.2565, 0.0206, 0.0172, 0.0416, 0.0102, 0.0064, 0.0009, 0.0665, 0.6475, 0.0176, 0.0755, 0.0024, 0.0174, 0.0205, 0.0168, 0.0096, 0.0662, 0.0000]
For Example 379, Average KL-DV of Tokens Across Perturbations for desp method is: [0.0023, 0.0089, 0.1139, 0.2622, 0.0004, 0.0000, 0.0054, 0.1705, 0.1653, 0.0774, 0.0000, 0.0523, 0.0704, 0.0919, 0.2261, 0.0279, 0.0476, 0.0831, 0.0000, 0.0981, 0.0307, 0.0244, 0.0447, 0.0196, 0.0285, 0.0453, 0.0033, 0.0016, 0.0036, 0.0000, 0.0118, 0.0006]
For Example 380, Average KL-DV of Tokens Across Perturbations for desp method is: [0.0263, 0.0305, 0.0032, 0.7535, 0.0998, 0.0019, 0.0776, 0.0000, 0.1126, 0.0138, 0.0380, 0.0000, 0.0096, 0.1471, 0.1239, 0.2881, 1.1568, 0.2955, 0.0413, 0.0000, 0.0037, 0.1754, 0.0821, 0.1724, 0.0418, 0.1396, 0.0000, 0.0419, 0.0215, 0.0470, 0.0019, 0.0052]
For Example 383, Average KL-DV of Tokens Across Perturbations for desp method is: [0.0009, 0.0032, 0.0000, 0.0121, 0.0914, 0.0226, 0.1701, 0.0361, 0.1631, 0.1320, 0.0001, 0.0913, 0.0302, 0.0118, 0.0001, 0.1782, 0.0000, 0.3469, 0.0934, 0.1364, 0.0000, 0.0000, 0.0221, 0.0043, 0.0386, 0.0105, 0.0000, 0.0021, 0.0010, 0.0203, 0.0065, 0.0756]
For Example 385, Average KL-DV of Tokens Across Perturbations for desp method is: [0.0120, 0.0121, 0.0106, 1.3138, 0.0033, 0.0191, 0.0726, 0.6656, 0.6033, 1.0749, 0.0015, 0.0008, 0.0536, 0.0190, 0.0282, 0.0272, 0.0985, 0.0252, 0.0247, 0.0146, 0.0127, 0.0757, 0.0169, 0.0017, 0.0089, 0.0031, 0.0538, 0.2442, 0.0238, 0.0243, 0.0132, 0.0322]
For Example 390, Average KL-DV of Tokens Across Perturbations for desp method is: [0.0033, 0.0101, 0.0105, 0.0420, 0.1722, 0.0115, 0.0000, 0.0366, 0.0000, 0.0120, 0.0064, 0.0034, 0.0363, 0.0400, 0.0647, 0.1109, 0.0747, 0.0007, 0.0068, 0.0002, 0.0005, 0.0010, 0.0298, 0.0142, 0.0068, 0.0255, 0.0000, 0.0141, 0.0075, 0.0178, 0.0002, 0.0001]
For Example 392, Average KL-DV of Tokens Across Perturbations for desp method is: [0.0012, 0.0095, 0.0247, 0.0915, 0.0111, 0.3124, 0.1015, 0.0091, 0.1448, 0.1091, 0.0268, 0.0453, 0.0000, 0.0211, 0.0198, 0.1655, 0.0031, 0.0181, 0.0008, 0.0075, 0.0208, 0.0128, 0.0304, 0.0028, 0.0001, 0.0118, 0.0006, 0.0040, 0.0026, 0.0045, 0.0004, 0.0001]
For Example 393, Average KL-DV of Tokens Across Perturbations for desp method is: [0.0112, 0.0274, 0.0099, 0.8838, 0.7280, 0.0003, 0.0239, 0.0008, 0.0001, 0.0377, 0.0000, 0.1182, 0.0000, 0.3540, 0.0000, 0.0986, 0.0284, 1.7425, 0.0561, 0.1313, 1.6270, 2.8827, 0.0215, 0.0070, 0.0150, 0.0061, 0.0006, 0.0050, 0.0000, 0.0062, 0.0003, 0.0018]
For Example 394, Average KL-DV of Tokens Across Perturbations for desp method is: [0.0041, 0.0245, 0.0088, 0.0222, 0.0001, 0.0000, 0.0263, 0.0166, 0.0163, 0.6554, 0.2053, 0.0623, 0.0727, 0.1066, 0.6180, 1.3284, 0.0484, 0.1089, 0.0559, 0.0062, 0.0293, 0.1348, 0.0001, 0.0786, 0.0203, 0.0360, 0.0026, 0.0310, 0.0000, 0.0042, 0.0250, 0.0083]
For Example 398, Average KL-DV of Tokens Across Perturbations for desp method is: [0.0019, 0.0037, 0.0013, 0.2584, 0.3985, 0.0081, 0.0000, 0.0433, 0.0021, 0.0003, 0.0154, 0.0552, 0.0013, 0.0015, 0.0192, 0.0036, 0.0355, 0.0019, 0.0114, 0.0000, 0.0001, 0.0017, 0.0875, 0.0352, 0.0000, 0.0379, 0.3123, 0.0004, 0.4927, 0.0074, 0.1508, 0.0007]
For Example 399, Average KL-DV of Tokens Across Perturbations for desp method is: [0.0059, 0.0219, 0.0058, 0.0921, 0.0229, 0.0939, 0.0000, 0.0684, 1.3121, 0.1464, 0.4757, 0.1356, 0.0001, 0.0338, 0.1562, 0.0359, 0.0049, 0.0377, 0.0348, 0.1923, 0.0146, 1.2141, 0.0000, 0.0000, 0.0000, 0.0094, 0.0181, 0.0033, 0.0024, 0.0001, 0.0558, 0.0503]
For Example 402, Average KL-DV of Tokens Across Perturbations for desp method is: [0.0017, 0.0412, 0.0187, 0.9720, 0.1315, 0.0002, 0.0791, 0.0258, 0.2375, 0.2113, 0.0476, 0.1313, 0.0000, 0.0159, 0.0082, 0.0203, 0.1532, 0.0631, 0.2204, 0.1162, 0.0294, 0.3160, 0.0278, 0.0729, 0.1253, 0.0001, 0.2004, 0.2868, 0.0990, 0.0390, 0.0207, 0.0290]
For Example 403, Average KL-DV of Tokens Across Perturbations for desp method is: [0.0011, 0.0124, 0.0024, 0.2383, 0.9498, 0.0957, 0.0000, 0.0000, 0.0319, 0.0378, 0.0010, 0.0192, 0.0161, 0.1752, 0.0033, 0.0125, 0.0097, 0.0034, 0.0128, 0.0115, 0.0372, 0.0086, 0.0013, 0.0097, 0.0004, 0.0003, 0.0097, 0.0013, 0.0312, 0.0000, 0.0850, 0.0009]
For Example 404, Average KL-DV of Tokens Across Perturbations for desp method is: [0.0101, 0.0384, 0.0000, 0.0011, 0.1642, 0.0000, 0.1693, 0.0240, 0.1625, 1.0524, 0.0062, 0.1125, 0.0494, 0.1832, 0.0000, 0.0051, 0.0128, 0.0916, 0.1479, 0.5415, 0.0126, 0.0359, 0.0000, 0.0000, 0.0559, 0.0235, 0.0012, 0.0084, 0.0000, 0.0002, 0.4245, 0.1679]
For Example 409, Average KL-DV of Tokens Across Perturbations for desp method is: [0.0041, 0.0176, 0.0265, 0.3187, 0.0233, 0.0000, 0.1092, 0.0294, 0.0152, 0.5583, 0.0032, 0.1075, 0.0330, 0.1405, 0.0002, 0.5354, 0.3717, 0.3309, 0.0275, 0.0868, 0.0144, 0.0000, 0.0715, 0.2288, 0.0000, 0.0379, 0.0146, 0.0673, 0.0019, 0.0067, 0.0697, 0.0048]
For Example 412, Average KL-DV of Tokens Across Perturbations for desp method is: [0.0073, 0.0105, 0.0024, 0.1182, 0.3334, 0.0000, 0.0074, 0.0186, 0.0385, 0.0945, 0.0064, 0.0000, 0.0053, 0.0005, 0.0046, 0.0055, 0.0570, 0.0748, 0.0163, 0.0371, 0.0131, 0.0107, 0.0477, 0.0001, 0.0002, 0.0025, 0.0161, 0.0027, 0.0067, 0.0004, 0.0163, 0.0000]
For Example 413, Average KL-DV of Tokens Across Perturbations for desp method is: [0.0027, 0.0177, 0.0171, 0.1391, 0.0000, 0.0379, 0.0402, 0.0123, 0.0152, 0.0000, 0.0249, 0.0033, 0.0140, 0.0198, 0.0838, 0.0147, 0.0583, 0.0000, 0.0428, 0.0041, 0.0057, 0.0046, 0.0209, 0.0364, 0.0444, 0.0435, 0.0418, 0.0067, 0.0239, 0.0058, 0.0053, 0.0002]
For Example 415, Average KL-DV of Tokens Across Perturbations for desp method is: [0.0005, 0.0044, 0.0005, 0.0578, 0.0858, 0.0000, 0.0000, 0.0811, 0.0001, 0.0040, 0.0333, 0.0708, 0.0469, 0.0097, 0.1211, 0.0005, 0.0059, 0.1158, 0.0095, 0.0012, 0.0170, 0.0000, 0.0000, 0.0246, 0.0365, 0.0000, 0.0152, 0.0042, 0.0119, 0.0006, 0.0000, 0.0056]
For Example 417, Average KL-DV of Tokens Across Perturbations for desp method is: [0.0045, 0.0617, 0.0257, 0.9447, 0.2243, 0.6946, 0.0000, 0.0277, 0.3723, 0.0002, 0.2634, 0.1242, 0.0409, 0.6136, 0.1633, 0.0367, 0.0910, 0.0000, 0.0931, 0.2174, 0.0000, 0.2584, 0.0004, 0.0000, 0.5731, 0.0233, 0.4794, 0.0194, 0.0280, 0.1024, 0.0304, 0.1738]
For Example 419, Average KL-DV of Tokens Across Perturbations for desp method is: [0.0120, 0.0218, 0.0040, 0.5633, 0.4913, 0.0119, 0.0520, 0.1615, 0.0048, 0.0167, 0.0047, 0.0010, 0.0144, 0.0486, 0.0000, 0.0000, 0.0156, 0.1779, 0.0399, 0.1023, 0.2364, 0.1036, 0.0138, 0.2024, 0.5740, 0.7240, 0.0123, 0.0093, 0.0320, 0.0100, 0.0508, 0.0000]
For Example 420, Average KL-DV of Tokens Across Perturbations for desp method is: [0.0008, 0.0226, 0.0011, 0.0953, 0.0002, 0.0365, 0.0780, 0.0575, 0.0312, 0.1006, 0.0549, 0.0000, 0.3417, 0.0131, 0.3294, 0.0001, 0.0003, 0.1105, 0.0001, 0.0285, 0.1472, 0.0211, 0.0000, 0.0029, 0.0284, 0.0133, 0.0278, 0.0664, 0.0005, 0.0767, 0.1491, 0.0064]
For Example 421, Average KL-DV of Tokens Across Perturbations for desp method is: [0.0009, 0.0106, 0.0012, 0.0950, 0.1630, 0.0696, 0.0493, 0.0440, 0.0150, 0.0661, 0.0231, 0.0000, 0.0000, 0.0020, 0.0689, 0.0674, 0.0599, 0.0732, 0.0025, 0.1173, 0.4954, 0.3022, 0.0297, 0.0014, 0.0257, 0.0109, 0.0512, 0.0000, 0.1447, 0.1723, 0.2046, 0.0049]
For Example 422, Average KL-DV of Tokens Across Perturbations for desp method is: [0.0022, 0.0048, 0.0000, 0.0000, 0.0020, 0.0152, 0.0000, 0.0000, 0.0384, 0.0041, 0.0136, 0.0000, 0.0289, 0.0182, 0.0171, 0.0570, 0.0000, 0.0067, 0.0222, 0.0000, 0.0016, 0.0020, 0.0571, 0.0085, 0.0021, 0.0109, 0.0000, -0.0000, 0.0003, 0.0962, 0.4229, 0.1109]
For Example 423, Average KL-DV of Tokens Across Perturbations for desp method is: [0.0009, 0.0157, 0.0002, 0.1764, 0.1547, 0.0019, 0.0001, 0.0025, 0.0031, 0.0518, 0.0013, 0.0543, 0.0491, 0.0287, 0.0086, 0.0089, 0.0040, 0.0286, 0.0065, 0.0325, 0.0000, 0.0036, 0.0015, 0.0120, 0.0001, 0.0000, 0.0150, 0.0052, 0.0106, 0.0150, 0.0174, 0.0061]
For Example 424, Average KL-DV of Tokens Across Perturbations for desp method is: [0.0042, 0.0068, 0.0030, 0.1600, 0.0001, 0.0977, 0.0554, 0.0000, 0.0014, 0.0005, 0.1744, 0.0009, 0.0183, 0.0470, 0.0987, 0.0136, 0.2250, 0.2173, 0.0000, 0.0047, 0.0000, 0.0821, 0.0186, 0.0656, 0.0281, 0.0108, 0.0168, 0.0000, 0.0003, 0.0000, 0.0043, 0.0334]
For Example 427, Average KL-DV of Tokens Across Perturbations for desp method is: [0.0027, 0.0061, 0.9469, 0.0996, 0.0901, 0.0582, 0.0783, 0.0000, 0.0832, 0.1781, 0.0001, 0.0061, 0.0597, 0.0705, 0.1692, 0.0064, 0.0507, 0.0199, 0.0046, 0.0053, 0.0000, 0.0059, 0.0309, 0.0329, 0.0110, 0.0799, 0.0000, 0.0034, 0.0489, 0.0049, 0.0410, 0.0342]
For Example 430, Average KL-DV of Tokens Across Perturbations for desp method is: [0.0009, 0.0215, 0.0190, 0.8933, 0.4805, 0.5981, 0.1286, 0.0000, 0.0001, 0.0393, 0.0001, 0.0092, 0.0101, 0.0251, 0.0233, 0.0359, 0.0223, 0.0883, 0.0000, 0.0013, 0.0035, 0.0037, 0.0366, 0.0000, 0.0000, 0.0106, 0.0353, 0.0000, 0.0107, 0.0010, 0.0558, 0.0046]
For Example 433, Average KL-DV of Tokens Across Perturbations for desp method is: [0.0011, 0.0085, 0.0014, 0.0975, 0.0004, 0.0000, 0.0016, 0.0044, 0.2391, 0.3842, 0.0103, 0.0443, 0.1541, 0.0495, 0.0151, 0.3504, 0.3031, 0.0385, 0.0038, 0.0033, 0.0179, 0.0068, 0.0466, 0.0000, 0.1346, 0.0928, 0.2105, 0.0014, 0.0052, 0.0082, 0.0002, 0.0002]
For Example 434, Average KL-DV of Tokens Across Perturbations for desp method is: [0.0015, 0.0173, 0.0168, 0.1599, 0.0004, 0.0000, 0.0085, 0.0529, 0.2707, 0.0070, 0.0001, 0.0000, 0.0430, 0.0774, 0.0382, 0.0000, 0.0000, 0.0118, 0.0695, 0.0000, 0.0863, 0.0595, 0.0001, 0.0651, 0.0035, 0.0210, 0.0205, 0.0139, 0.1582, 0.0000, 0.0790, 0.2497]
For Example 436, Average KL-DV of Tokens Across Perturbations for desp method is: [0.0013, 0.0157, 0.0910, 0.2640, 0.0356, 0.0005, 0.0126, 0.0074, 0.0384, 0.0032, 0.0370, 0.1733, 0.0000, 0.1886, 0.0944, 0.4230, 0.0012, 0.0066, 0.0323, 0.0244, 0.0167, 0.1571, 0.0000, 0.0112, 0.0038, 0.0082, 0.0007, 0.0005, 0.0118, 0.0036, 0.0319, 0.0643]
For Example 437, Average KL-DV of Tokens Across Perturbations for desp method is: [0.0050, 0.0618, 0.0071, 0.1505, 0.2088, 0.0108, 0.0053, 0.0253, 0.0410, 0.2185, 0.0960, 0.0001, 0.0262, 0.0421, 0.3119, 0.8703, 0.8790, 0.0587, 0.0122, 0.0202, 0.0016, 0.0136, 0.0696, 0.0148, 0.0000, 0.0911, 0.0034, 0.0181, 0.0983, 0.0000, 0.0000, 0.0006]
For Example 438, Average KL-DV of Tokens Across Perturbations for desp method is: [0.0032, 0.0116, 0.0044, 0.1301, 0.1463, 0.1499, 0.2213, 0.7541, 0.1584, 0.0005, 0.0412, 0.0466, 0.0734, 0.1342, 0.0000, 0.0046, 0.0000, 0.0000, 0.0206, 0.0621, 0.0000, 0.1805, 0.0424, 0.2067, 0.4753, 0.0097, 0.0624, 0.0203, 0.0348, 0.0000, 0.0902, 0.1194]
For Example 442, Average KL-DV of Tokens Across Perturbations for desp method is: [0.0021, 0.0171, 0.1599, 0.0329, 0.0000, 0.3511, 0.1278, 0.1654, 0.0995, 0.1563, 0.0213, 0.0937, 0.0243, 0.2141, 0.0001, 0.0098, 0.0021, 0.0026, 0.0139, 0.0362, 0.0108, 0.0486, 0.0643, 0.0000, 0.3147, 0.0000, 0.0147, 0.0470, 0.0024, 0.0004, 0.0958, 0.0000]
For Example 443, Average KL-DV of Tokens Across Perturbations for desp method is: [0.0049, 0.0155, 0.0000, 0.0015, 0.0983, 0.0656, 0.0153, 0.0262, 0.0229, 0.0150, 0.1609, 0.0378, 0.0000, 0.0478, 0.0072, 0.0171, 0.0150, 0.0569, 0.1685, 0.1393, 0.0373, 0.0269, 0.0000, 0.0000, 0.0137, 0.0022, 0.0546, 0.0031, 0.0257, 0.0297, 0.0650, 0.0109]
For Example 445, Average KL-DV of Tokens Across Perturbations for desp method is: [0.0025, 0.0059, 0.0000, 0.0008, 0.0203, 0.0306, 0.0024, 0.0097, 0.0047, 0.0056, 0.0206, 0.0054, 0.0155, 0.0117, 0.0456, 0.0103, 0.0364, 0.5640, 0.0779, 0.0856, 0.0039, 0.0000, 0.0290, 0.0097, 0.0634, 0.0120, 0.0351, 0.0000, 0.0321, 0.0033, 0.0066, 0.0010]
For Example 446, Average KL-DV of Tokens Across Perturbations for desp method is: [0.0023, 0.0107, 0.0000, 0.0000, 0.0021, 0.0487, 0.0000, 0.0000, 0.0745, 0.0207, 0.0269, 0.0447, 0.3648, 0.0000, 0.0120, 0.0294, 0.0362, 0.0105, 0.2399, 0.0015, 0.0135, 0.0472, 0.0036, 0.0119, 0.0000, 0.0048, 0.0008, 0.0030, 0.0023, 0.0032, 0.0027, 0.0011]
For Example 448, Average KL-DV of Tokens Across Perturbations for desp method is: [0.0090, 0.0249, 0.0000, 0.0052, 0.0644, 0.0000, 0.1096, 0.0080, 0.0879, 0.0693, 0.1427, 0.0171, 0.0000, 0.0402, 0.0341, 0.0364, 0.0058, 0.0050, 0.0071, 0.0535, 0.0065, 0.0223, 0.0027, 0.0686, 0.3370, 0.0212, 0.0512, 0.0040, 0.1589, 0.0166, 0.0255, 0.0381]
For Example 450, Average KL-DV of Tokens Across Perturbations for desp method is: [0.0020, 0.0210, 0.0131, 0.3912, 0.4000, 0.0281, 0.0098, 0.2433, 0.4755, 0.0000, 0.4724, 0.0889, 0.2062, 0.6639, 0.2186, 1.0221, 0.0668, 0.0259, 0.0680, 0.3378, 0.0174, 0.0194, 0.0588, 0.0111, 0.0002, 0.0272, 0.0024, 0.0547, 0.0026, 0.0167, 0.0072, 0.0372]
For Example 451, Average KL-DV of Tokens Across Perturbations for desp method is: [0.0057, 0.0720, 0.0520, 0.4105, 0.0663, 0.0170, 0.2199, 0.6986, 0.1474, 0.1313, 0.0073, 0.0811, 0.0122, 0.0302, 0.1006, 0.0000, 0.0279, 0.0306, 0.0187, 0.0807, 0.1002, 0.0365, 0.1255, 0.0000, 0.0329, 0.0206, 0.0605, 0.0018, 0.0000, 0.0192, 0.0153, 0.0344]
For Example 452, Average KL-DV of Tokens Across Perturbations for desp method is: [0.0082, 0.0561, 0.0000, 0.0000, 0.0063, 0.1539, 0.0009, 0.0250, 0.0092, 0.0252, 0.0240, 0.0857, 0.0746, 0.0000, 0.0052, 0.0133, 0.0424, 0.1165, 0.0201, 0.0194, 0.0000, 0.0000, 0.0089, 0.0399, 0.2120, 0.0000, 0.0091, 0.0121, 0.1497, 0.0235, 0.0181, 0.0829]
For Example 453, Average KL-DV of Tokens Across Perturbations for desp method is: [0.0022, 0.0258, 0.0016, 0.0834, 0.0049, 0.0000, 0.0221, 0.0308, 0.0482, 0.0168, 0.0086, 0.0221, 0.0121, 0.0205, 0.0336, 0.0172, 0.0220, 0.0000, 0.0273, 0.0000, 0.0000, 0.0000, 0.0000, 0.0012, 0.0241, 0.0034, 0.0010, 0.0097, 0.0169, 0.0126, 0.0600, 0.0079]
For Example 455, Average KL-DV of Tokens Across Perturbations for desp method is: [0.0030, 0.0186, 0.3005, 1.1656, 0.0001, 0.1283, 0.0506, 0.0189, 1.3537, 0.9537, 0.0610, 0.0000, 0.0620, 0.0294, 0.0109, 0.0358, 0.0199, 0.0135, 0.0128, 0.0008, 0.0123, 0.0591, 0.1883, 0.0471, 0.0002, 0.0513, 0.2471, 0.0000, 0.0382, 0.0518, 0.3006, 0.0000]
For Example 459, Average KL-DV of Tokens Across Perturbations for desp method is: [0.0072, 0.0841, 0.0000, 0.0000, 0.0038, 0.0707, 0.0908, 0.0001, 0.0007, 0.0000, 0.0246, 0.0212, 0.0100, 0.0546, 0.0225, 0.0171, 0.0384, 0.0001, 0.0831, 0.0472, 0.0179, 0.0184, 0.0176, 0.0081, 0.0440, 0.0002, 0.0003, 0.1077, 0.0900, 0.0003, 0.0144, 0.0053]
For Example 461, Average KL-DV of Tokens Across Perturbations for desp method is: [0.0022, 0.0063, 0.0000, 0.0037, 0.0244, 0.0002, 0.0099, 0.0009, 0.0050, 0.0202, 0.0089, 0.0012, 0.0027, 0.0138, 0.0174, 0.0298, 0.0028, 0.0039, 0.0000, 0.0001, 0.0018, 0.0264, 0.0049, 0.0077, 0.0080, 0.0133, 0.0072, 0.0000, 0.0077, 0.0236, 0.0000, 0.0083]
For Example 462, Average KL-DV of Tokens Across Perturbations for desp method is: [0.0023, 0.0052, 0.0025, 0.0497, 0.0282, 0.0414, 0.0039, 0.0710, 0.0398, 0.0875, 0.0000, 0.0232, 0.0890, 0.0750, 0.0513, 0.0000, 0.0001, 0.0893, 0.0275, 0.2691, 0.0247, 0.1415, 0.0004, 0.0038, 0.0020, 0.0154, 0.0049, 0.0880, 0.0000, 0.1119, 0.1276, 0.0776]
For Example 464, Average KL-DV of Tokens Across Perturbations for desp method is: [0.0021, 0.0061, 0.0059, 0.1602, 0.6614, 0.1477, 1.2587, 0.1347, 0.0568, 0.3591, 0.4675, 0.0297, 0.0198, 0.0714, 0.0452, 0.0206, 0.2338, 0.0026, 0.0574, 0.0068, 0.0166, 0.0360, 0.0509, 0.0036, 0.0005, 0.0009, 0.0001, 0.0059, 0.0008, 0.0259, 0.0252, 0.0166]
For Example 468, Average KL-DV of Tokens Across Perturbations for desp method is: [0.0059, 0.0457, 0.0200, 0.0464, 0.0001, 0.0000, 0.0133, 0.0213, 0.0173, 0.5858, 0.1616, 0.0951, 0.1856, 0.1396, 0.1207, 0.0000, 0.0005, 0.0246, 0.0000, 0.0623, 0.0383, 0.0441, 0.1072, 0.0989, 0.0995, 0.0658, 1.0461, 0.0290, 0.0338, 0.0737, 0.0443, 0.1553]
For Example 471, Average KL-DV of Tokens Across Perturbations for desp method is: [0.0041, 0.0251, 0.0075, 0.2130, 0.2035, 0.0096, 0.0292, 0.0587, 0.0444, 0.3538, 0.1066, 0.1514, 0.3315, 0.0223, 0.0007, 0.0077, 0.0083, 0.0327, 0.0377, 0.0516, 0.1041, 0.0000, 0.0000, 0.0159, 0.0834, 0.0107, 0.0175, 0.0008, 0.0377, 0.0000, 0.0000, 0.0387]
For Example 474, Average KL-DV of Tokens Across Perturbations for desp method is: [0.0028, 0.0875, 0.0071, 0.5668, 0.7028, 0.0004, 0.8985, 0.8379, 0.0033, 0.1145, 0.2710, 0.5445, 0.2658, 0.0120, 0.2376, 0.1672, 0.1107, 0.0431, 0.0000, 0.2643, 0.0158, 0.0236, 0.0818, 0.0000, 0.0089, 0.2556, 0.0237, 0.0394, 0.2321, 0.0001, 0.0175, 0.0000]
For Example 475, Average KL-DV of Tokens Across Perturbations for desp method is: [0.0040, 0.0215, 0.0032, 0.0444, 0.0004, 0.0000, 0.0134, 0.0109, 0.0552, 0.0298, 0.0140, 0.0338, 0.1041, 0.0169, 0.0058, 0.0368, 0.0150, 0.1736, 0.0116, 0.0052, 0.0031, 0.0137, 0.0139, 0.0392, 0.0000, 0.0798, 0.1660, 0.0592, 0.0039, 0.0298, 0.0279, 0.0000]
For Example 476, Average KL-DV of Tokens Across Perturbations for desp method is: [0.0016, 0.0309, 0.0027, 0.3940, 0.0544, 0.9152, 0.4479, 0.1293, 0.3066, 0.0001, 0.0004, 0.2547, 0.0001, 0.0419, 0.0810, 0.0502, 0.2620, 0.0168, 0.0194, 0.0003, 0.0414, 0.0044, 0.0293, 0.0053, 0.0350, 0.0178, 0.0005, 0.2472, 0.0017, 0.0086, 0.0008, 0.0169]
For Example 477, Average KL-DV of Tokens Across Perturbations for desp method is: [0.0022, 0.0136, 0.0187, 0.3120, 0.1128, 0.0435, 0.0058, 0.0125, 0.0641, 0.0242, 0.0205, 0.0103, 0.0548, 0.0582, 0.1938, 0.0457, 0.1007, 0.0320, 0.0019, 0.0118, 0.0374, 0.0000, 0.0355, 0.1577, 0.0000, 0.0184, 0.0207, 0.0139, 0.0007, 0.0000, 0.0080, 0.0042]
For Example 479, Average KL-DV of Tokens Across Perturbations for desp method is: [0.0039, 0.0184, 0.0000, 0.0000, 0.0024, 0.1075, 0.0172, 0.0000, 0.0125, 0.0269, 0.0127, 0.0391, 0.0181, 0.0242, 0.0591, 0.1883, 0.0193, 0.0149, 0.0045, 0.0001, 0.0021, 0.0105, 0.0575, 0.0054, 0.0002, 0.0000, 0.0000, 0.0001, 0.0566, 0.0197, 0.0000, 0.0048]
For Example 480, Average KL-DV of Tokens Across Perturbations for desp method is: [0.0030, 0.0345, 0.0124, 0.2176, 0.1594, 0.2572, 0.2134, 0.2218, 0.0602, 0.2136, 0.3595, 0.1639, 0.4706, 0.1083, 0.0469, 0.0243, 0.0584, 0.0076, 0.0153, 0.0698, 0.0367, 0.0337, 0.0030, 0.3094, 0.1922, 0.0155, 0.0010, 0.0012, 0.0149, 0.0554, 0.1112, 0.1425]
For Example 481, Average KL-DV of Tokens Across Perturbations for desp method is: [0.0026, 0.0282, 0.0182, 0.6392, 0.0011, 0.0000, 0.0153, 0.1034, 0.6983, 0.1421, 0.2465, 0.7184, 0.0006, 0.6836, 0.0461, 0.0345, 0.3128, 0.0008, 0.0504, 0.0780, 0.3012, 0.1932, 0.0019, 0.0002, 0.2619, 0.0026, 0.0265, 0.0600, 0.0532, 0.0197, 0.1809, 0.0028]
For Example 482, Average KL-DV of Tokens Across Perturbations for desp method is: [0.0020, 0.0032, 0.0040, 0.0508, 0.0568, 0.0116, 0.0019, 0.0283, 0.1206, 0.0000, 0.0000, 0.0022, 0.0304, 0.0065, 0.0000, 0.0001, 0.0023, 0.0156, 0.0065, 0.0211, 0.0000, 0.0040, 0.0088, 0.0040, 0.0016, 0.0026, 0.0085, 0.0000, 0.0045, 0.0023, 0.0001, 0.0086]
For Example 484, Average KL-DV of Tokens Across Perturbations for desp method is: [0.0046, 0.0507, 0.0200, 0.0988, 0.0617, 0.1154, 0.0511, 0.0480, 0.0208, 0.0662, 0.4388, 0.1969, 0.8174, 0.1053, 0.1373, 0.0138, 0.0000, 0.4256, 0.0190, 0.0338, 0.0292, 0.0375, 0.0353, 0.1162, 0.0024, 0.0121, 0.0034, 0.0209, 0.0214, 0.0265, 0.0103, 0.0034]
For Example 486, Average KL-DV of Tokens Across Perturbations for desp method is: [0.0024, 0.0141, 0.0755, 0.3289, 0.0598, 0.3102, 0.4468, 0.0000, 0.2497, 0.0012, 0.1242, 0.1609, 0.0832, 0.0318, 0.1843, 0.0001, 0.0207, 0.1926, 0.0007, 0.0020, 0.0553, 0.0084, 0.0636, 0.1081, 0.0005, 0.0295, 0.0778, 0.0040, 0.0340, 0.0103, 0.0308, 0.0002]
For Example 489, Average KL-DV of Tokens Across Perturbations for desp method is: [0.0022, 0.0086, 0.0100, 0.0823, 0.0003, 0.0000, 0.0065, 0.0174, 0.1460, 0.0004, 0.0230, 0.0272, 0.1485, 0.2330, 0.0091, 0.0730, 0.0129, 0.0704, 0.0000, 0.1609, 0.0281, 0.0017, 0.0083, 0.0217, 0.0264, 0.0564, 0.0000, 0.0159, 0.0054, 0.0263, 0.0029, 0.0003]
For Example 492, Average KL-DV of Tokens Across Perturbations for desp method is: [0.0035, 0.0407, 0.0054, 0.5457, 0.5285, 0.0001, 0.0479, 0.1004, 0.0583, 0.1103, 0.0514, 0.1654, 0.2233, 0.7160, 1.2386, 0.0421, 0.2624, 0.0272, 0.0000, 0.0788, 0.0078, 0.0022, 0.0408, 0.2948, 0.0000, 0.0167, 0.0443, 0.0834, 0.0007, 0.0002, 0.2931, 0.0074]
For Example 493, Average KL-DV of Tokens Across Perturbations for desp method is: [0.0130, 0.0722, 0.0000, 0.0000, 0.0064, 0.3541, 0.0000, 0.4783, 0.2837, 0.0234, 0.0493, 0.0560, 0.1433, 0.0001, 0.0729, 0.0261, 0.1595, 0.0129, 0.2123, 0.2947, 0.0612, 0.6223, 0.0012, 0.0141, 0.0281, 0.0026, 0.0406, 0.0364, 0.0033, 0.0040, 0.0977, 0.0043]
For Example 497, Average KL-DV of Tokens Across Perturbations for desp method is: [0.0016, 0.0108, 0.0228, 0.4088, 0.2319, 0.0837, 0.4016, 0.4857, 0.2329, 0.0000, 0.0493, 0.2720, 0.3818, 0.0204, 0.0057, 0.1091, 0.9044, 0.0045, 0.1136, 0.2474, 0.0142, 0.0965, 0.0569, 0.0390, 0.2598, 0.4522, 0.5098, 0.0717, 0.0449, 0.2449, 0.0000, 0.0143]
For Example 498, Average KL-DV of Tokens Across Perturbations for desp method is: [0.0073, 0.0222, 0.0000, 0.0000, 0.0039, 0.1382, 0.0090, 0.2715, 0.0767, 0.1765, 0.1137, 0.0001, 1.0458, 0.0047, 0.0867, 0.0551, 0.0641, 0.0066, 0.0053, 0.0439, 0.0039, 0.0738, 0.1216, 0.0129, 0.0000, 0.0339, 0.0033, 0.0109, 0.0041, 0.0274, 0.0180, 0.0094]
For Example 499, Average KL-DV of Tokens Across Perturbations for desp method is: [0.0015, 0.0130, 0.0000, 0.0000, 0.0135, 0.1777, 0.0932, 0.1400, 0.1029, 0.0140, 0.1926, 0.2098, 0.0170, 0.0000, 0.0075, 0.0553, 0.0108, 0.1648, 0.0117, 0.0000, 0.0021, 0.0364, 0.1099, 0.0100, 0.0482, 0.0112, 0.0725, 0.0479, 0.1350, 0.0018, 0.0155, 0.0142]
For Example 501, Average KL-DV of Tokens Across Perturbations for desp method is: [0.0027, 0.0279, 0.0000, 0.0000, 0.0334, 0.1604, 0.0002, 0.0577, 0.0811, 0.3372, 0.0493, 0.4016, 0.0482, 0.2445, 0.0000, 0.0280, 0.0001, 0.0203, 0.0148, 0.0510, 0.1690, 0.0178, 0.1164, 0.0028, 0.0001, 0.0668, 0.0019, 0.2029, 0.0000, 0.7439, 0.1852, 0.1162]
For Example 502, Average KL-DV of Tokens Across Perturbations for desp method is: [0.0026, 0.0310, 0.0085, 0.2451, 0.2593, 0.1995, 0.1056, 0.0320, 0.1845, 0.0356, 0.0437, 0.8312, 0.0576, 0.0410, 0.0200, 0.0535, 0.0282, 0.1181, 0.0490, 0.1409, 0.0444, 0.0000, 0.0463, 0.0048, 0.0365, 0.0135, 0.0101, 0.1020, 0.0270, 0.0232, 0.2829, 0.0000]
For Example 509, Average KL-DV of Tokens Across Perturbations for desp method is: [0.0012, 0.0197, 0.0023, 0.3531, 0.9154, 0.2368, 0.0578, 0.1140, 0.0304, 0.1932, 0.0083, 0.0000, 0.0000, 0.0044, 0.0717, 0.0648, 0.0521, 0.4289, 0.0034, 0.0823, 0.0901, 0.0043, 0.0250, 0.0173, 0.0490, 0.0000, 0.0451, 0.0424, 0.0721, 0.0004, 0.0001, 0.0074]
For Example 510, Average KL-DV of Tokens Across Perturbations for desp method is: [0.0045, 0.0239, 0.0110, 0.3302, 0.3046, 0.0564, 0.0811, 0.4174, 0.0009, 0.0030, 0.3039, 0.1184, 0.4091, 0.7967, 0.0000, 0.0225, 0.0824, 0.0059, 0.0074, 0.0145, 0.0324, 0.1312, 0.0103, 0.0030, 0.0106, 0.0417, 0.0000, 0.0706, 0.0849, 0.0007, 0.0209, 0.0402]
For Example 511, Average KL-DV of Tokens Across Perturbations for desp method is: [0.0202, 0.0061, 0.0052, 1.5173, 0.3734, 0.0140, 0.0011, 0.0175, 0.2222, 0.0677, 0.0000, 0.0000, 0.0331, 0.0052, 0.1042, 0.7504, 0.1028, 0.0034, 0.0066, 0.0059, 0.0057, 0.0740, 0.0213, 0.0275, 0.0606, 0.0000, 0.0000, 0.0549, 0.0012, 0.3036, 0.2617, 0.4967]
For Example 514, Average KL-DV of Tokens Across Perturbations for desp method is: [0.0015, 0.0081, 0.0624, 0.3771, 0.0002, 0.0000, 0.0030, 0.0846, 0.2411, 0.0371, 0.1536, 0.8237, 0.0428, 0.1227, 0.1940, 0.0494, 0.3900, 0.0022, 0.0526, 0.2300, 0.1452, 0.0519, 0.6060, 0.1275, 0.0048, 0.0744, 0.0359, 0.1176, 0.0000, 0.0529, 0.0252, 0.0415]
For Example 515, Average KL-DV of Tokens Across Perturbations for desp method is: [0.0026, 0.0307, 0.0000, 0.0058, 0.2393, 0.0000, 0.1460, 0.0261, 0.1274, 0.8159, 0.0079, 0.0682, 0.0604, 0.0064, 0.0035, 0.0054, 0.0461, 0.1057, 0.3216, 0.5058, 0.0508, 0.1010, 0.0430, 0.0966, 0.0634, 0.1065, 0.0142, 0.0667, 0.0848, 0.0648, 0.0000, 0.0001]
For Example 516, Average KL-DV of Tokens Across Perturbations for desp method is: [0.0037, 0.0612, 0.0119, 0.3011, 0.7588, 0.0000, 0.0965, 0.0236, 0.0439, 0.3142, 0.0816, 0.0001, 0.0297, 0.0005, 0.0053, 0.0038, 0.0545, 0.0447, 0.0287, 0.0508, 0.0651, 0.0707, 0.2045, 0.0000, 0.0000, 0.0098, 0.0071, 0.0458, 0.2470, 0.2863, 0.0102, 0.0017]
For Example 517, Average KL-DV of Tokens Across Perturbations for desp method is: [0.0020, 0.0044, 0.0077, 0.3476, 0.8853, 0.7906, 0.0755, 0.7089, 0.0546, 0.0195, 0.0201, 0.3386, 0.1221, 0.0001, 0.0217, 0.0044, 0.0376, 0.0000, 0.0057, 0.0027, 0.0119, 0.0318, 0.0098, 0.0666, 0.0000, 0.0134, 0.0000, 0.0022, 0.0066, 0.0047, 0.0000, 0.0002]
For Example 520, Average KL-DV of Tokens Across Perturbations for desp method is: [0.0013, 0.0256, 0.0102, 0.1751, 0.0289, 0.1281, 0.0967, 0.1654, 0.3058, 0.0082, 0.0211, 0.1472, 0.0000, 0.0166, 0.0680, 0.0239, 0.0004, 0.2744, 0.0287, 0.0319, 0.0069, 0.0064, 0.0395, 0.0154, 0.0756, 0.0082, 0.0164, 0.1432, 0.0082, 0.0153, 0.0000, 0.0422]
For Example 521, Average KL-DV of Tokens Across Perturbations for desp method is: [0.0035, 0.0102, 0.0068, 0.1378, 0.1501, 0.0414, 0.0175, 0.1840, 0.0131, 0.0654, 0.0105, 0.0056, 0.0412, 0.0696, 0.0166, 0.0604, 0.0278, 0.0000, 0.0000, 0.0000, 0.0000, 0.0071, 0.0428, 0.0323, 0.0422, 0.1514, 0.0409, 0.0208, 0.3450, 0.0000, 0.0017, 0.0088]
For Example 525, Average KL-DV of Tokens Across Perturbations for desp method is: [0.0014, 0.0062, 0.0014, 0.1619, 0.0111, 0.0227, 0.0001, 0.2121, 0.3127, 0.0002, 0.2700, 0.0001, 0.0553, 0.0267, 0.3510, 0.4712, 0.0003, 0.0000, 0.0263, 0.1007, 0.0045, 0.0002, 0.0004, 0.0095, 0.0979, 0.2324, 0.6269, 0.0015, 0.0371, 0.0070, 0.1201, 0.0418]
For Example 529, Average KL-DV of Tokens Across Perturbations for desp method is: [0.0044, 0.0126, 0.0039, 0.1781, 0.0771, 0.0160, 0.1258, 0.0247, 0.0002, 0.0492, 0.0834, 0.0266, 0.0253, 0.1415, 0.9237, 0.0055, 0.2232, 1.7180, 0.0134, 0.1292, 0.4495, 0.0112, 0.0030, 0.0989, 0.0570, 0.1820, 0.2123, 0.0181, 0.0526, 0.0596, 0.0196, 0.0540]
For Example 531, Average KL-DV of Tokens Across Perturbations for desp method is: [0.0011, 0.0130, 0.0000, 0.0053, 0.1314, 0.0643, 0.0278, 0.0590, 0.0049, 0.0649, 0.0309, 0.0752, 0.0001, 0.0581, 0.1404, 0.3949, 0.0000, 0.0114, 0.3885, 0.5485, 0.0005, 0.0078, 0.0173, 0.0042, 0.0083, 0.0001, 0.0359, 0.0143, 0.0023, 0.0127, 0.0172, 0.0000]
For Example 532, Average KL-DV of Tokens Across Perturbations for desp method is: [0.0019, 0.0127, 0.2057, 0.1221, 0.0004, 0.0000, 0.0038, 0.3724, 0.1736, 0.0153, 0.0425, 0.0718, 0.0838, 0.0000, 0.0227, 0.0001, 0.0395, 0.0147, 0.0658, 0.0109, 0.0192, 0.0545, 0.0000, 0.0275, 0.0107, 0.0160, 0.0082, 0.0016, 0.0038, 0.0085, 0.0295, 0.0001]
For Example 535, Average KL-DV of Tokens Across Perturbations for desp method is: [0.0009, 0.0148, 0.0068, 0.0426, 0.0493, 0.0000, 0.0029, 0.0159, 0.0081, 0.0578, 0.0001, 0.0067, 0.0002, 0.0090, 0.0140, 0.0092, 0.0006, 0.0015, 0.0028, 0.0059, 0.0184, 0.0004, 0.0062, 0.0000, 0.0160, 0.0137, 0.0477, 0.0083, 0.0173, 0.0006, 0.0206, 0.0000]
For Example 537, Average KL-DV of Tokens Across Perturbations for desp method is: [0.0013, 0.0091, 0.0016, 0.0569, 0.0495, 0.0000, 0.0251, 0.0208, 0.0530, 0.1177, 0.0082, 0.0000, 0.0068, 0.0001, 0.0015, 0.0005, 0.0590, 0.0044, 0.0504, 0.0210, 0.0259, 0.0021, 0.0003, 0.0137, 0.0042, 0.0000, 0.0033, 0.0013, 0.0112, 0.0071, 0.0001, 0.0001]
For Example 544, Average KL-DV of Tokens Across Perturbations for desp method is: [0.0020, 0.0924, 0.0126, 0.4087, 0.3049, 0.0710, 0.2113, 0.2597, 0.7534, 0.1869, 0.0726, 0.0206, 0.0099, 0.0174, 0.1026, 0.0308, 0.0820, 0.0404, 0.0034, 0.0187, 0.0025, 0.0029, 0.0689, 0.0066, 0.0563, 0.0019, 0.0230, 0.0290, 0.0342, 0.0394, 0.0124, 0.0007]
For Example 549, Average KL-DV of Tokens Across Perturbations for desp method is: [0.0016, 0.0035, 0.0337, 0.0481, 0.0002, 0.0000, 0.0019, 0.0864, 0.0931, 0.0007, 0.0157, 0.0197, 0.1396, 0.0536, 0.0010, 0.0149, 0.0303, 0.0321, 0.1685, 0.0001, 0.0014, 0.0000, 0.0000, 0.0151, 0.0277, 0.0373, 0.0335, 0.5868, 0.0593, 0.9296, 0.0776, 0.0075]
For Example 550, Average KL-DV of Tokens Across Perturbations for desp method is: [0.0064, 0.0339, 0.0326, 0.3131, 0.0438, 0.0000, 0.0287, 0.0686, 0.3209, 0.7959, 0.0122, 0.0360, 0.0584, 0.0537, 0.0276, 0.1290, 0.0284, 0.0310, 0.0056, 0.0640, 0.0001, 0.0118, 0.0224, 0.0000, 0.0331, 0.0000, 0.5430, 0.0083, 0.0000, 0.0143, 0.0031, 0.0249]
For Example 552, Average KL-DV of Tokens Across Perturbations for desp method is: [0.0065, 0.0403, 0.0038, 0.0830, 0.0433, 0.0142, 0.0227, 0.0272, 0.0552, 0.0000, 0.1668, 0.0006, 0.0026, 0.0000, 0.0122, 0.0368, 0.0000, 0.0003, 0.0000, 0.0143, 0.0009, 0.0156, 0.0017, 0.0039, 0.0027, 0.0060, 0.0006, 0.0247, 0.0254, 0.0000, 0.0053, 0.0026]
For Example 558, Average KL-DV of Tokens Across Perturbations for desp method is: [0.0059, 0.0249, 0.0137, 0.2070, 0.1551, 0.1046, 0.0808, 0.0054, 0.0000, 0.0001, 0.1610, 0.0378, 0.3294, 0.4721, 0.1965, 0.2796, 0.3607, 0.0000, 0.0431, 0.0316, 0.0264, 0.0352, 0.1019, 0.2916, 0.0341, 0.0166, 0.0573, 0.0528, 0.0591, 0.0347, 0.0237, 0.0676]
For Example 559, Average KL-DV of Tokens Across Perturbations for desp method is: [0.0016, 0.0229, 0.0104, 0.1579, 0.0007, 0.0000, 0.0152, 0.1077, 0.2767, 0.0874, 0.0019, 0.3185, 0.3019, 0.0300, 0.0691, 0.2882, 0.0002, 0.0051, 0.0001, 0.0000, 0.0223, 0.0245, 0.0736, 0.1618, 0.0788, 0.0033, 0.0132, 0.0162, 0.0133, 0.0503, 0.0000, 0.0877]
For Example 562, Average KL-DV of Tokens Across Perturbations for desp method is: [0.0079, 0.0112, 0.0060, 0.2313, 0.0019, 0.2994, 0.0002, 0.2117, 0.0681, 0.2275, 0.0854, 0.0881, 0.1993, 0.0455, 0.1838, 0.7296, 0.0214, 0.1208, 0.0301, 0.0047, 0.0201, 0.0001, 0.0193, 0.1199, 0.0153, 0.0032, 0.0006, 0.0001, 0.0842, 0.0013, 0.0123, 0.0000]
For Example 568, Average KL-DV of Tokens Across Perturbations for desp method is: [0.0026, 0.0423, 0.0045, 0.4259, 0.2990, 0.3322, 0.0002, 0.1280, 0.2027, 0.3406, 0.4261, 0.3987, 0.0008, 0.0705, 0.1281, 0.0000, 0.0412, 0.0079, 0.0737, 0.0038, 0.3054, 0.0010, 0.0495, 0.0225, 0.0671, 0.0000, 0.0243, 0.0446, 0.0001, 0.0565, 0.0681, 0.0011]
For Example 571, Average KL-DV of Tokens Across Perturbations for desp method is: [0.0003, 0.0036, 0.0000, 0.0000, 0.1073, 0.1088, 0.0001, 0.1000, 0.0393, 0.0329, 0.0000, 0.0369, 0.0000, 0.0261, 0.0436, 0.0296, 0.0063, 0.1445, 0.0145, 0.0997, 0.0013, 0.0551, 0.0000, 0.0515, 0.0094, 0.0255, 0.0056, 0.0177, 0.0020, 0.0198, 0.0215, 0.0218]
For Example 573, Average KL-DV of Tokens Across Perturbations for desp method is: [0.0018, 0.0244, 0.0301, 0.2893, 0.4226, 0.0431, 0.2601, 0.2488, 0.0000, 1.1621, 0.3151, 0.1026, 0.0000, 0.0427, 0.0580, 0.4980, 0.0674, 0.0110, 0.1063, 0.0310, 0.0786, 0.4245, 0.2609, 0.0211, 0.0134, 0.0254, 0.0000, 0.0062, 0.0343, 0.0862, 0.0314, 0.0008]
For Example 574, Average KL-DV of Tokens Across Perturbations for desp method is: [0.0102, 0.0351, 0.0000, 0.0114, 0.2094, 0.0009, 0.1188, 0.0000, 0.1261, 0.0000, 0.0947, 0.0088, 0.1541, 0.0890, 0.1150, 0.1568, 0.2532, 0.0001, 0.3113, 0.0471, 0.0869, 0.0361, 0.0010, 0.0074, 0.0110, 0.0057, 0.0017, 0.0028, 0.0003, 0.0179, 0.0118, 0.0000]
For Example 575, Average KL-DV of Tokens Across Perturbations for desp method is: [0.0017, 0.0082, 0.0072, 0.3664, 0.0508, 0.0168, 0.2545, 0.0000, 0.1376, 0.0001, 0.0000, 0.0500, 0.0006, 0.0236, 0.1091, 0.0234, 0.0349, 0.0865, 0.5048, 0.5655, 0.3759, 0.0034, 0.2442, 0.1602, 0.4255, 0.3240, 0.4419, 0.1832, 0.0091, 0.0507, 0.0614, 0.3395]
For Example 580, Average KL-DV of Tokens Across Perturbations for desp method is: [0.0020, 0.0191, 0.0304, 0.3144, 0.0003, 0.0000, 0.0043, 0.2592, 0.7572, 0.1711, 0.0455, 0.4834, 0.3988, 0.0889, 0.0145, 0.0712, 0.0000, 0.3890, 0.2161, 0.0023, 0.0011, 0.0052, 0.0192, 0.0120, 0.0260, 0.0011, 0.1626, 0.2736, 0.2785, 0.0001, 0.0000, 0.0119]
For Example 581, Average KL-DV of Tokens Across Perturbations for desp method is: [0.0023, 0.0105, 0.0607, 0.7362, 1.2264, 0.3363, 1.4574, 0.5085, 0.0320, 0.0692, 0.0108, 0.0112, 0.0331, 0.0887, 0.0307, 0.0077, 0.0000, 0.0256, 0.0539, 0.0000, 0.0094, 0.0138, 0.0132, 0.0021, 0.0002, 0.0271, 0.0065, 0.0204, 0.0329, 0.0435, 0.0194, 0.0087]
For Example 583, Average KL-DV of Tokens Across Perturbations for desp method is: [0.0038, 0.0530, 0.0000, 0.0253, 0.8956, 0.1149, 0.3080, 0.0000, 0.0441, 0.0000, 0.0095, 0.1020, 0.0690, 0.0190, 0.0157, 0.0000, 0.0000, 0.0102, 0.0132, 0.1285, 0.0047, 0.0123, 0.1459, 0.0853, 0.2222, 0.0011, 0.0957, 0.0540, 0.0021, 0.0567, 0.0278, 0.0183]
For Example 584, Average KL-DV of Tokens Across Perturbations for desp method is: [0.0060, 0.0314, 0.0240, 0.9647, 0.1479, 0.0178, 0.1445, 0.9820, 0.0001, 0.9273, 0.2998, 0.0476, 0.0250, 0.0082, 0.0353, 0.0109, 0.0060, 0.9293, 1.8419, 0.1293, 0.1345, 0.8612, 0.6548, 0.1460, 0.0218, 0.0673, 0.0459, 0.5754, 0.6409, 0.0001, 0.0810, 0.0294]
For Example 587, Average KL-DV of Tokens Across Perturbations for desp method is: [0.0084, 0.0257, 0.0184, 0.1119, 0.0012, 0.0581, 0.0054, 0.1546, 0.1870, 0.0620, 0.0503, 0.0355, 0.0669, 0.1854, 0.3361, 0.0000, 0.2400, 0.0001, 0.0001, 0.0321, 0.0044, 0.0136, 0.0137, 0.0426, 0.0134, 0.0000, 0.0042, 0.0366, 0.0874, 0.0228, 0.0651, 0.0089]
For Example 594, Average KL-DV of Tokens Across Perturbations for desp method is: [0.0048, 0.0508, 0.0214, 0.2577, 0.0426, 0.1613, 0.0654, 0.2535, 0.0002, 0.0008, 0.2122, 0.2302, 0.0000, 0.2564, 0.8584, 0.0824, 0.0256, 0.0234, 0.0741, 0.0096, 0.2263, 0.1534, 0.5158, 0.0004, 0.0252, 0.0386, 0.1463, 0.0522, 0.0010, 0.0578, 0.0000, 0.0069]
For Example 599, Average KL-DV of Tokens Across Perturbations for desp method is: [0.0046, 0.0133, 0.0014, 0.0947, 0.1718, 0.2160, 0.0003, 0.2154, 0.0104, 0.1890, 0.3272, 0.0000, 0.0103, 0.1407, 0.0409, 0.0000, 0.0101, 0.0214, 0.0054, 0.0173, 0.0000, 0.0057, 0.0061, 0.0417, 0.0043, 0.0211, 0.0282, 0.0149, 0.0970, 0.0001, 0.0282, 0.0971]
