,0,1,2,3,4,5,6,7,8,9,10,11,12,13,14,15,16,17,18,19,20,21,22,23,24,25,26,27,28,29,30,31,32,33,34,35,36,37,38,39,40,41,42,43,44,45,46,47,48,49,50,51,52,53,54,55,56,57,58,59,60,61,62,63,64,65,66,67,68,69,70,71,72,73,74,75,76,77,78,79,80,81,82,83,84,85,86,87,88,89,90,91,92,93,94,95,96,97,98,99,100,101,102,103,104,105,106,107,108,109,110,111,112,113,114,115,116,117,118,119,120,121,122,123,124,125,126,127,128,129,130,131,132,133,134,135,136,137,138,139,140,141,142,143,144,145,146,147,148,149,150,151,152,153,154,155,156,157,158,159,160,161,162,163,164,165,166,167,168,169,170,171,172,173,174,175,176,177,178,179,180,181,182,183,184,185,186,187,188,189,190,191,192,193,194,195,196,197,198,199,200,201,202,203,204,205,206,207,208,209,210,211,212,213,214,215,216,217,218,219,220,221,222,223,224,225,226,227,228,229,230,231,232,233,234,235,236,237,238,239,240,241,242,243,244,245,246,247,248,249,250,251,252,253,254,255,256,257,258,259,260,261,262,263,264,265,266,267,268,269,270,271,272,273,274,275,276,277,278,279,280,281,282,283,284,285,286,287,288,289,290,291,292,293,294,295,296,297,298,299,300,301,302,303,304,305,306,307,308,309,310,311,312,313,314,315,316,317,318,319,320,321,322,323,324,325,326,327,328,329,330,331,332,333,334,335,336,337,338,339,340,341,342,343,344,345,346,347,348,349,350,351,352,353,354,355,356,357,358,359,360,361,362,363,364,365,366,367,368,369,370,371,372,373,374,375,376,377,378,379,380,381,382,383,384,385,386,387,388,389,390,391,392,393,394,395,396,397,398,399,400,401,402,403,404,405,406,407,408,409,410,411,412,413,414,415,416,417,418,419,420,421,422,423,424,425,426,427,428,429,430,431,432,433,434,435,436,437,438,439,440,441,442,443,444,445,446,447,448,449,450,451,452,453,454,455,456,457,458,459,460,461,462,463,464,465,466,467,468,469,470,471,472,473,474,475,476,477,478,479,480,481,482,483,484,485,486,487,488,489,490,491,492,493,494,495,496,497,498,499,500,501,502,503,504,505,506,507,508,509,510,511,512,513,514,515,516,517,518,519,520,521,522,523,524,525,526,527,528,529,530,531,532,533,534,535,536,537,538,539,540,541,542,543,544,545,546,547,548,549,550,551,552,553,554,555,556,557,558,559,560,561,562,563,564,565,566,567,568,569,570,571,572,573,574
0,8.2142,8.3401,5.4284,6.4684,6.0835,6.3446,7.2401,7.021,8.2738,7.919,8.3825,7.4682,5.5754,7.9024,5.6436,5.9762,6.6985,5.8608,8.2152,8.3339,6.6962,8.2826,8.3254,8.7015,7.4931,5.3351,5.4647,6.4041,5.2682,5.3588,6.7606,8.3519,8.3798,8.4104,7.2021,6.0074,8.3517,8.4152,6.782,6.0443,6.5788,7.2741,8.3728,8.3988,6.5377,6.5955,6.8325,8.3942,5.0701,3.5424,8.4244,7.4261,6.6891,5.862,8.4302,8.3826,5.9251,6.9234,8.3643,8.7313,6.95,8.8735,7.4182,8.4143,8.4878,6.2601,8.6666,8.5658,8.9949,7.291,6.5203,8.5448,8.8474,7.3151,6.433,8.4558,8.4897,6.1662,8.5188,6.4905,8.5816,8.5044,8.5536,6.8679,8.4805,5.49,8.4433,8.4737,8.4887,8.5071,7.1636,8.4762,6.6363,8.4552,8.5129,7.1665,8.5542,8.5693,6.4302,8.5009,8.5276,6.5158,6.0725,5.988,7.0813,8.4653,8.776,5.296,6.2386,6.1433,6.1917,6.8898,5.9379,7.6757,8.4157,7.6729,6.3148,8.4157,7.7547,8.4677,8.5157,5.9903,8.4836,8.5039,5.778,5.5283,8.8245,6.6327,6.4817,8.4584,6.3204,8.43,8.4518,6.5357,8.4444,8.4791,7.2749,6.1545,8.2025,6.0557,8.391,8.4529,7.8083,8.4695,8.4669,6.5736,5.5742,8.4375,6.0903,6.2096,8.4749,8.4879,8.4673,5.6528,8.42,7.0048,6.0069,8.3904,7.1801,5.8926,8.424,6.2146,5.9204,5.8472,8.3535,8.4213,8.0208,8.4333,7.1822,8.4908,6.3707,5.4964,6.1759,5.686,8.4577,6.1184,8.4217,5.7475,6.6395,8.436,8.4535,6.2281,6.097,8.4126,6.5518,8.4374,7.3615,8.4396,7.1624,8.4391,6.8144,8.4331,8.4839,6.4058,5.5759,8.5032,5.7036,6.1939,6.4071,7.3143,6.9177,5.6046,6.8661,8.4804,5.8054,6.5141,8.7903,6.3834,8.4558,8.4649,8.4901,6.184,8.4279,8.0957,6.8287,8.4566,6.5274,8.5166,6.0568,8.4581,6.1734,5.9625,6.3607,5.9526,6.3614,7.0531,6.9466,6.3392,6.0846,5.6392,6.4823,5.8548,7.2299,8.3979,8.4324,6.4534,6.7008,8.4612,6.4427,8.4174,8.4548,5.9966,8.7687,5.6441,5.5916,6.1009,5.9426,5.4789,7.0755,7.0426,5.8319,7.1743,6.2806,6.3679,8.4866,6.7705,5.8719,8.4479,6.1607,8.2603,7.0251,6.9267,7.1701,8.4406,8.5752,5.5255,4.9385,5.8876,6.1725,5.2891,7.4375,5.7201,5.5467,6.4607,6.158,5.9451,5.9856,5.8053,5.6719,5.7383,5.7202,8.306,7.7249,6.1173,6.507,6.1552,6.7948,8.4693,8.4598,5.8731,5.7506,5.5384,5.8475,6.3587,4.0704,5.4222,4.8571,5.0806,5.0709,4.9861,4.2183,7.1281,8.2627,6.3669,6.9165,6.2824,8.4373,8.4025,8.457,6.2112,6.166,8.3773,8.4203,5.8721,4.3822,5.874,7.3632,6.7187,4.8722,5.9464,4.8732,5.5109,5.6451,5.781,4.5697,4.1757,6.8765,8.134,8.8182,6.2459,5.6944,8.3948,8.4249,8.4917,6.6315,6.8229,5.6728,5.868,6.9482,6.9456,7.8771,6.9753,5.0933,5.8851,8.0493,6.1598,5.622,6.2432,5.0543,4.8968,5.4646,6.7374,8.2744,8.3195,8.3722,7.4569,7.5445,6.4301,6.8541,7.6452,5.8442,6.0878,6.481,6.4525,6.4326,6.4477,5.253,6.8764,5.8093,8.041,4.3268,6.0379,5.7548,5.8476,5.7947,4.3605,5.6695,6.4095,5.8711,1.651,5.189,6.6097,6.1771,6.1581,6.2553,6.7217,6.6953,6.7673,6.2311,3.1405,4.2372,7.7926,6.4543,6.0031,5.9829,5.9659,4.6961,5.8023,7.8407,6.3309,5.9328,5.6014,7.2658,5.8294,7.1403,7.1217,6.7284,6.5502,6.4811,6.6633,6.661,6.6628,4.8815,1.7921,4.4127,6.3133,6.8987,4.8233,7.0119,5.9319,4.4996,6.8778,6.6091,6.0615,5.7257,6.2479,5.3369,6.3804,6.5445,4.8263,7.5849,8.4187,6.6421,4.9134,6.4773,8.0563,6.9737,1.9088,5.4621,4.4721,6.7492,5.8402,8.1698,5.4256,6.1766,6.2659,4.4519,5.6613,6.2216,4.2121,5.9227,7.0375,7.5433,7.1251,6.2452,8.3656,5.2042,5.4487,6.6016,6.6681,6.5378,6.3818,6.2782,5.2995,6.4254,5.6822,8.2615,5.5278,5.8901,5.5833,5.5703,5.4282,8.6469,8.2916,6.555,6.1496,6.3185,2.3893,6.5999,8.3395,8.4612,5.8162,6.8648,7.208,7.0494,6.768,5.7092,5.8955,5.9865,8.2803,8.3884,8.3958,8.4412,5.859,8.3597,8.3269,8.3102,6.3603,6.0942,5.8482,6.2574,6.9902,7.1621,7.1639,6.3021,5.5353,6.9885,8.3737,6.8706,5.9594,6.7822,8.6515,6.2754,6.1291,5.7079,6.2932,5.8116,8.195,6.607,6.5464,5.9691,6.3597,6.7559,5.7681,6.5162,8.3379,6.7716,6.9407,6.4583,6.7556,6.4533,6.7167,5.361,7.119,5.9784,6.5776,8.3586,6.2302,8.3311,6.2045,8.1556,8.3846,6.6332,7.0638,8.3767,8.4028,7.5106,6.9983,5.2898,7.0636,6.9938,6.0617,6.7992,6.1524,6.7262,8.3872,8.2861,7.0831,6.3498,6.6969,6.4393,6.6383,8.1788,8.3008,8.3071,8.3346,8.2893,8.3937,8.1682,6.2195,6.7589,8.2477,8.3598,5.2108,6.5838
1,8.3759,8.2993,8.2073,8.5338,8.5325,8.1544,8.1177,7.6028,7.3823,6.4927,8.3767,8.3526,8.3604,8.4135,8.8247,8.4327,6.1211,8.727,7.7052,8.3895,8.4042,8.2865,7.7142,7.6274,8.2861,8.1097,8.2852,8.2906,8.3261,8.3123,8.3421,7.9934,7.5996,8.3592,8.3637,8.3746,8.3594,8.3612,8.3362,8.3611,8.3605,8.4108,7.647,8.3209,8.3296,8.306,8.3685,7.2496,8.3069,8.326,8.3629,8.3739,8.3948,8.3978,8.7095,8.3963,8.3966,8.1334,8.0449,6.6813,8.187,8.2327,8.259,8.2774,8.3057,8.2191,5.0858,8.9353,8.1901,8.4734,8.4357,8.4462,7.3259,8.5374,8.5601,8.5614,8.5653,7.71,8.4984,6.9858,8.4838,8.4214,7.002,6.2386,8.3563,7.7943,8.3327,8.3909,8.3971,8.3699,8.3532,8.4211,7.9282,8.3322,8.3302,8.2482,7.7961,8.0795,8.5034,8.4853,8.4951,8.4856,8.4795,8.4677,7.5661,6.5945,7.3965,8.3221,8.3372,8.3778,8.497,8.372,8.3681,8.5218,8.4381,8.3914,8.3957,8.3551,8.3408,7.6765,8.2205,7.7836,7.4101,8.3426,8.453,8.1729,7.0122,7.8534,4.6722,8.4389,8.534,8.2479,7.7584,7.415,8.4508,8.2532,8.2515,7.7084,8.472,8.5191,8.2242,8.0762,8.0934,7.4994,8.2818,8.389,8.4662,8.4281,8.4266,8.4117,7.9399,6.8302,7.1502,6.1207,6.1203,8.7415,8.4478,8.4716,8.4871,8.5232,7.0614,6.8955,7.9348,8.4868,8.5059,7.3644,7.9568,7.9555,7.2604,6.7184,6.5134,8.4,8.4346,6.0861,5.346,6.54,6.2473,6.4275,6.7136,6.0005,7.5765,6.5718,6.6377,8.502,5.2732,2.4537,6.2459,8.3778,8.4252,8.4493,8.4529,7.261,6.2905,7.3233,8.429,2.6264,8.4418,8.4818,5.638,7.0295,6.3298,6.7877,5.3614,6.6131,6.0858,7.2606,6.8476,6.8333,5.8537,8.3952,4.0761,6.7502,8.4204,7.6999,5.7221,5.9184,8.5067,4.6657,8.4145,8.451,2.9445,8.4632,5.7445,6.2839,6.3637,7.0223,5.5409,6.4451,6.3114,6.7247,6.4898,4.6579,7.0018,5.8923,8.3495,5.7871,3.0268,5.7483,3.511,5.9717,8.0368,6.8707,4.0001,8.3249,4.9046,6.3415,6.7882,7.1291,5.6561,7.3504,6.7024,6.4092,6.6492,7.3891,5.8712,5.553,6.7128,5.9325,6.3799,4.7035,5.6109,5.411,5.7146,5.6055,5.9597,4.6203,5.1574,8.3859,7.8051,3.9534,6.7863,6.0676,6.756,6.7719,6.2787,6.1721,3.1122,6.609,6.3457,5.7107,4.0153,7.5401,8.4406,4.3229,8.4504,5.5345,8.3852,7.223,6.7555,7.4931,6.5842,6.677,6.1394,7.009,6.8327,5.2845,6.1887,6.1199,7.0717,6.9811,6.786,5.3783,4.8221,5.2749,5.9076,3.998,5.0099,6.7962,6.625,6.9875,7.5942,6.8791,5.3678,5.5607,6.4886,7.7075,7.3513,6.1867,6.3655,5.1784,7.2537,6.2878,7.1142,5.0349,8.0702,6.0919,7.8939,6.9028,7.0033,5.7374,6.4255,6.1714,6.05,6.0371,5.9639,6.3087,5.8533,7.1199,5.6738,6.6497,5.3948,6.4794,6.1263,6.3984,6.3775,6.2774,6.3572,7.143,7.4627,6.6713,6.6527,7.2002,6.7953,7.133,4.7553,6.4012,6.0624,6.3,6.038,6.7622,5.8852,6.1404,6.5508,6.4329,7.152,4.7473,5.8134,6.5841,6.8035,6.5937,7.9685,7.8236,6.6367,6.4843,6.6738,6.4416,6.369,6.6358,6.0836,6.7191,5.849,6.3636,5.965,5.739,5.5975,6.2958,5.9428,6.0271,6.2688,6.1695,4.1403,6.6028,6.1802,6.1245,6.8376,6.9159,5.3981,6.7739,6.1393,5.9897,6.3113,6.2894,6.2226,6.0432,5.9874,6.2569,5.5177,7.0259,7.446,6.3818,6.3292,7.2574,6.3353,7.2321,8.058,5.8289,6.143,7.4076,6.2985,7.397,6.2879,5.4003,8.25,8.3137,7.0169,6.5061,8.3274,8.3684,8.2249,6.7899,7.563,5.9005,7.9748,8.2399,8.3309,8.3799,7.1174,6.1404,6.9625,6.4381,7.8303,8.4188,8.299,6.9212,8.3565,7.1837,8.3057,8.3618,6.9911,8.3035,7.4842,8.712,8.3487,8.3159,7.6754,7.7491,8.2162,6.9641,8.3574,8.3712,8.3992,8.3895,8.3713,5.0281,6.1673,8.3972,8.4081,8.4052,8.4086,8.4106,8.4144,8.3773,8.3911,7.655,8.3734,8.392,7.1558,8.3758,7.1975,6.9788,6.842,8.3172,8.3539,8.3759,8.3666,8.2551,8.1822,7.1529,6.4086,6.8319,5.4478,7.8898,8.3409,8.3713,8.3843,8.3844,8.3892,7.9838,8.5557,8.8961,7.2139,8.3423,8.3573,7.0886,8.1341,8.0218,8.3789,8.3576,8.3325,7.6433,8.3549,8.362,7.8681,7.5926,6.5773,6.304,8.3205,8.3394,6.9073,8.3262,8.2979,5.6449,8.6081,8.2698,8.8975,8.3039,8.5567,7.3067,7.7425,7.9828,8.3225,8.3609,8.372,6.0496,7.8797,6.6762,5.8067,8.0073,8.2042,8.1882,8.3204,6.4622,7.7446,8.2462,8.2933,8.1621,8.2725,8.2334,8.2865,8.257,6.7599,6.6417,6.2231,6.7954,6.3461,6.9187,6.8368,6.5747,7.9306,7.4451,8.0328,7.6272,7.8545,7.9371,7.9319,7.218,7.5409,7.9607,7.8352,6.7913,7.2855,6.0084,6.3102,6.0915,6.7053
2,8.6403,8.6513,8.8734,8.482,8.5012,6.7579,8.5465,8.6288,8.3722,5.5032,8.3253,8.5888,8.1691,8.3334,7.7581,8.3266,8.3918,8.0743,8.6496,8.3015,8.2729,8.2623,8.1098,7.8206,8.3275,7.9861,8.2964,8.3239,8.3734,8.1296,7.9892,6.4847,6.8759,8.3342,8.3182,8.383,8.3442,8.3552,8.2766,8.3232,8.345,7.6814,6.7213,8.1953,8.2414,8.2432,8.0482,8.2215,8.2718,8.3086,8.3696,8.3678,8.3864,8.3875,6.8922,8.4086,8.3758,7.6089,7.301,6.1975,8.2831,8.3151,8.3481,8.3642,8.3904,5.6517,6.582,8.8941,6.6787,8.2392,8.2378,8.51,7.4165,8.5322,8.5423,8.5235,8.2039,5.7606,6.4152,7.2687,7.3595,2.0676,7.7272,3.8319,7.9155,7.5278,7.4007,8.1831,8.2378,6.6688,7.6306,8.2191,7.6519,7.6223,8.241,7.6374,8.1627,8.5679,8.002,6.9088,6.7752,5.8839,6.6511,6.6258,7.2867,5.8045,5.8461,6.9519,6.592,6.2598,6.8251,8.455,6.2893,6.7381,6.0417,7.3534,8.0633,8.4463,8.5291,6.5038,7.9042,6.8681,7.5303,6.0676,8.2542,5.6476,5.8034,5.6358,6.197,5.9245,7.689,5.6331,5.8794,6.3409,6.9366,3.6257,7.1641,7.7385,8.5208,5.204,7.249,7.8594,6.7297,6.292,6.1086,6.5706,6.4961,6.6375,6.1442,5.9189,5.8431,5.8193,7.65,6.8119,5.6459,5.4588,6.6548,5.938,5.2904,5.9126,5.7208,6.0971,8.4632,6.4801,8.4536,7.7416,8.478,8.5673,5.2217,5.5489,6.0453,6.5481,6.4498,5.7872,5.9202,6.1217,7.1506,7.2314,5.6858,5.6015,7.0571,7.5645,6.4795,8.4265,6.1676,6.105,6.4149,8.4114,6.4167,8.4493,7.0789,7.4461,8.4167,6.2192,6.9302,6.2371,6.6,6.4566,5.7223,8.1405,5.79,6.151,5.6743,5.5427,6.0787,5.9697,5.5745,5.2786,7.2273,5.6166,5.9718,8.9017,6.3633,6.5435,7.3421,7.2397,6.8367,8.4877,6.4354,6.9539,7.4809,7.5888,6.7762,4.572,6.0188,7.256,5.6182,5.8396,6.6834,6.4827,6.0786,8.4457,6.6061,6.0432,5.8667,8.3968,6.3479,8.4189,6.7293,7.2288,8.4286,6.3377,8.4954,8.2795,6.3449,5.9483,7.3723,7.8424,7.4145,5.8546,5.8433,5.5033,6.2163,6.6612,6.9285,6.4484,8.4174,7.0194,6.4664,6.8263,6.9367,7.5194,7.1335,6.2096,8.378,6.7063,6.8879,6.434,8.4247,5.9351,7.0915,6.52,4.8525,6.1786,6.3448,6.4118,7.1085,6.9131,6.3058,6.8267,7.1735,6.701,6.6313,6.4206,6.5833,6.3381,8.7097,6.5929,7.7331,8.465,6.4678,6.0585,7.3548,7.6842,6.4316,6.0619,7.8334,6.1518,6.6926,6.2698,6.9128,5.9154,6.943,4.5547,5.3353,6.1399,6.329,6.4026,6.3299,7.1712,6.1157,6.4707,7.5677,7.8014,8.4703,7.8357,8.468,6.3111,6.0141,6.0626,6.5343,6.0663,5.0329,6.2627,6.2565,6.2289,6.5426,6.3891,5.915,6.1382,6.2616,6.7326,6.1561,8.4511,6.2275,5.7656,7.7959,6.5866,8.2979,6.468,6.5499,6.1169,6.5739,6.18,6.018,5.7503,6.3564,6.0654,5.1277,5.846,7.9812,6.0829,6.267,5.5117,6.1759,6.1477,7.1041,8.4544,6.607,6.8538,6.3404,6.1023,6.372,6.5598,6.8152,7.5471,8.4435,5.9837,6.1656,6.588,6.1672,5.8842,6.2047,6.2913,5.9493,6.1081,6.4801,6.331,6.3534,5.7766,6.1254,7.0311,6.0989,5.723,5.6514,7.8138,7.5024,6.9241,6.4554,6.4557,6.7654,7.0044,6.0302,6.3931,6.5801,6.2363,6.2575,5.7041,5.3724,6.4483,5.9478,5.6874,6.3862,8.4255,6.1419,7.4244,6.5679,8.2755,6.5332,6.5922,6.564,8.3895,5.5566,5.0886,5.5256,5.7126,6.0883,6.0839,6.0163,5.5515,6.1949,6.1565,5.9761,5.1295,6.3102,8.4682,6.03,8.3943,6.8397,6.2059,6.8165,7.143,5.4928,6.3616,8.4233,7.1178,6.8676,6.7072,6.3778,6.8172,6.2254,6.2374,8.3786,8.4188,7.0616,8.4385,6.6823,6.3593,5.7335,6.1383,6.6605,8.4208,8.4472,8.4709,6.9656,7.1026,6.9415,6.3758,7.2529,7.0688,8.3678,5.5778,6.8016,6.1635,5.9801,5.8702,6.1794,7.039,7.0799,6.3615,5.6957,7.0104,6.211,6.2939,7.1471,7.0835,8.3983,8.4442,6.9977,6.5123,6.2212,8.3981,8.4275,8.4225,6.2638,7.601,5.7793,4.6907,8.2225,8.1866,5.2365,6.7025,8.38,8.398,8.4113,8.3992,8.4008,7.9516,8.4815,7.658,8.4495,8.3904,5.9866,8.5652,7.9563,8.4511,8.4522,8.4228,7.7703,7.1266,8.4776,8.455,6.1814,7.7799,7.8824,5.8624,8.4423,8.4362,8.1313,8.4316,8.4494,6.6197,7.6011,8.4278,8.903,8.4179,8.4692,4.8241,8.3824,8.3639,8.4319,8.4894,8.5074,8.4817,8.4835,7.9828,7.9646,8.4605,8.4094,8.4595,8.4675,7.6683,8.0194,8.4155,8.4322,7.8534,7.3219,8.3843,8.4221,8.401,7.4467,6.6551,5.769,7.9867,7.9701,7.6842,8.104,8.1685,8.2784,8.1595,7.8176,7.6739,8.075,8.2988,8.3207,8.2177,7.3575,8.2763,8.2332,8.3964,6.8303,8.1775,7.1553,8.1645,6.571
3,6.8055,8.5288,8.4986,8.4779,8.4601,8.4754,8.5136,7.9042,5.6718,8.2992,8.3542,8.3909,8.3993,5.4853,5.3645,6.3015,7.3952,4.4015,6.3403,5.5462,6.7051,7.7871,6.6378,6.1423,6.178,8.4512,8.4517,8.4585,8.4583,8.4545,8.5013,8.4716,8.4787,8.9631,7.7357,8.5306,8.5807,7.6942,7.1393,6.9833,7.5489,7.289,5.7285,5.7417,8.5962,8.0318,8.5348,7.0646,8.5877,6.1254,8.5594,7.5262,8.511,8.5179,8.5282,8.5064,8.9457,8.5193,7.1465,6.3908,8.5889,6.2635,7.9474,5.8573,5.9982,5.6862,5.6129,7.988,7.3147,8.0034,6.4298,8.5664,8.5447,5.8791,6.0769,8.528,5.8928,8.4136,6.3181,8.4142,8.4014,5.8303,8.4475,8.4683,8.5223,8.9333,7.3577,6.1725,5.9211,6.2377,6.4657,7.1923,7.434,6.4573,8.5558,7.4714,8.5635,8.6909,8.5338,7.0235,5.9393,7.6943,5.6407,5.1523,8.3303,7.4446,8.4288,8.7388,6.7923,6.0227,5.8938,5.8852,5.6897,5.8141,7.3853,7.5598,6.907,5.8536,8.455,7.497,6.1587,8.4099,6.9825,8.4829,8.5024,8.4758,6.827,8.4863,5.7804,6.4201,6.2895,5.8775,6.4293,6.7005,6.0096,4.9521,7.0948,5.9235,7.3484,7.462,6.116,4.9631,8.3645,8.0835,5.746,6.3705,8.4494,5.496,8.3487,8.3916,8.4264,5.3188,5.9424,7.583,6.462,6.4086,6.6464,6.4312,8.352,6.131,6.152,6.2097,6.7291,8.212,6.1846,7.5401,6.5729,6.0029,5.0062,8.3624,5.0726,4.7712,6.6231,8.3918,6.2967,6.0676,6.3221,6.7334,8.5591,7.5804,7.6926,6.1357,8.2753,7.076,5.7128,8.5583,6.555,7.7054,6.4577,6.5299,8.5782,6.0139,8.4944,8.4237,8.4556,5.1561,8.4462,6.3512,6.3449,6.5662,6.3604,7.2127,6.5219,7.4226,6.6945,5.6133,6.8149,8.0867,5.5919,6.8056,7.382,8.0703,6.0813,6.3559,5.3766,7.9567,8.728,5.5657,6.2162,8.4161,5.5319,8.4311,8.4455,8.4013,6.8919,7.874,6.7565,7.0394,6.678,7.6375,7.016,6.1735,5.4498,6.262,7.9918,6.9646,5.6296,6.572,5.6931,6.3242,7.2497,8.4402,6.0521,6.3643,6.1419,5.7593,7.5045,8.3489,6.2435,6.7868,6.4664,8.4397,6.8007,6.6519,6.7783,8.0834,6.231,6.9919,6.3438,5.4455,5.4598,6.8986,6.3756,6.0781,6.9325,6.6791,6.422,8.3526,5.8965,5.7204,6.7542,6.0109,6.6185,6.6547,6.8156,7.0852,7.3627,6.2548,7.0686,7.1542,7.1218,6.3032,7.0387,8.4183,7.0322,7.5232,7.9735,5.6347,5.8567,5.7847,6.6084,5.8839,8.1839,5.8884,6.805,5.9277,7.4421,6.8832,9.0486,6.6239,7.5341,7.3868,7.1347,8.7331,6.672,6.6618,7.2771,7.5948,6.4618,8.3241,7.9562,7.2247,5.7239,5.8813,8.2538,8.2935,5.963,5.8741,6.1041,6.3067,7.3916,8.2906,6.4458,7.5616,6.6388,6.7398,7.1093,8.4584,7.6418,7.4721,7.1837,7.9815,6.4957,5.7036,6.3411,6.8927,8.4186,5.9143,5.8456,8.2664,8.325,6.5945,8.3452,6.5639,6.3597,6.7035,7.7412,8.374,6.9252,6.7606,6.5571,7.8879,7.0849,8.0083,6.2366,6.5805,6.4244,6.1165,5.6984,6.8105,8.3653,6.399,8.4299,8.7424,5.9537,6.6345,6.6663,6.622,7.2539,7.4012,8.4701,6.6941,6.5941,7.1474,6.1564,7.8684,8.0633,7.0583,6.8404,6.3788,7.3883,8.0529,6.8951,6.671,5.8179,5.7946,6.6027,8.3024,7.8506,8.3721,8.3948,8.4451,7.2413,6.6901,7.7723,5.857,7.7114,5.991,5.7645,7.2706,7.2759,8.4124,6.8473,6.6756,8.0294,5.9766,7.0486,6.9919,8.3979,8.4694,5.8665,8.2814,8.3459,8.4228,8.4182,8.0354,7.0625,7.337,6.4197,7.6321,6.4152,6.7771,6.0407,5.9995,6.8326,6.5474,6.2875,7.8838,6.8346,8.0015,6.3556,8.2642,8.3618,8.139,8.428,7.208,6.7713,6.7203,6.5711,8.4606,6.9716,7.4163,6.7009,6.9106,5.9122,6.2909,5.721,8.0995,6.4888,6.5594,6.8114,8.2937,7.1536,7.3979,6.5382,6.1554,6.7084,6.8037,8.9299,7.4457,8.4244,7.5231,8.0223,8.4319,6.7579,6.5999,7.6103,7.8677,6.9014,6.8911,8.8556,8.3369,6.4774,6.3635,6.9592,7.9847,6.8417,8.3904,6.2705,5.9416,6.4421,6.3671,8.3933,8.4294,7.1311,7.397,7.5299,6.3091,7.1289,4.4977,6.5796,7.0487,7.1292,6.8085,7.1286,6.7376,5.5547,6.323,7.6879,8.33,7.2301,6.0712,6.6684,6.9303,6.1415,8.3225,8.3685,8.4439,8.461,6.5018,8.4008,6.9737,6.9158,8.2979,7.0219,5.6121,8.3519,7.0178,6.5299,6.5123,6.3496,6.4482,5.8762,8.374,6.5558,8.333,7.582,8.4373,6.4527,6.5323,6.9479,8.4199,8.4313,7.1924,8.4108,8.3565,7.559,8.4116,8.4806,7.6612,5.7271,5.4797,6.8808,6.355,6.384,6.4733,5.0883,6.2438,6.4225,5.8983,8.3799,7.541,5.5017,7.4541,6.3199,5.9651,7.8291,7.1724,7.5697,7.2327,8.3432,6.8926,7.1808,7.6595,6.1097,5.4785,6.6247,6.1266,6.4289,6.5772,5.6637,6.7766,5.0798,7.1239,8.1472
4,8.5884,8.6605,8.0385,8.3679,8.3825,8.6611,7.3502,8.0822,8.2043,8.2711,6.2653,6.1706,6.4079,7.3297,8.3387,8.307,8.3245,7.081,8.4266,8.246,8.2807,8.2511,7.3214,8.3452,8.2208,8.4395,8.3395,8.3242,8.3211,9.0317,8.3497,8.3474,9.0283,8.3203,8.3112,8.3071,8.308,8.305,8.6878,8.2963,8.3039,8.503,8.4527,8.2593,8.2592,8.2624,8.2436,8.6293,8.9256,8.3864,8.3629,8.3358,8.3329,8.3251,8.638,8.2986,8.3131,8.329,8.3055,8.3113,8.3205,8.3239,8.3217,8.302,8.7237,8.4875,6.2408,8.3116,8.3216,8.3108,8.2863,7.9807,6.9851,8.446,8.4849,8.4669,8.4527,7.4601,8.6323,6.83,6.4837,8.1195,8.1422,8.2411,8.2256,8.2109,8.4809,8.2229,8.2172,8.2709,6.5104,8.1271,8.9215,8.1741,8.1817,7.4893,8.4021,6.615,8.3816,7.0661,8.1886,8.3752,6.7407,5.9833,7.3125,8.3193,8.4044,6.3416,6.5294,6.2807,7.4491,7.4104,6.911,6.4758,8.2646,6.7416,8.3454,8.3541,7.7504,6.2975,6.15,6.2036,7.9386,8.3725,8.3899,6.6109,6.3962,8.3643,6.8594,6.1942,8.3746,7.1493,6.4939,6.0922,6.7824,6.9045,8.5875,8.3354,7.4764,7.7223,6.2481,8.3583,8.3563,8.3183,8.3684,8.3681,6.3304,5.8408,6.8991,6.0484,6.8984,6.2657,8.3803,6.3203,8.4012,6.7095,5.3529,4.9379,6.1354,6.8681,6.1257,5.6465,8.3785,8.4824,6.3049,8.3471,6.4182,5.887,5.1841,5.1362,5.3891,6.093,6.9901,8.1462,8.3493,6.1822,6.5502,6.764,8.3575,6.1306,6.7769,6.3638,5.3397,7.1567,8.0089,5.9224,5.8402,6.2709,8.3419,8.3648,5.7109,8.3105,5.0205,4.6768,5.3803,5.6802,6.9158,7.0813,6.314,8.3502,6.4959,6.2868,5.3287,6.4471,5.4206,5.5577,5.4467,8.296,7.3763,8.3456,6.0574,8.3574,8.3654,8.3658,7.0249,6.0231,6.9939,5.7974,6.0985,5.3462,5.6203,5.7111,5.9733,8.22,7.1044,6.8707,5.1969,5.1251,5.0173,4.132,4.47,6.2249,6.8418,5.9182,5.9071,6.5797,8.2719,8.3195,7.308,6.8775,7.151,5.2319,5.6605,5.6498,4.4563,7.607,8.1434,6.7921,7.7417,8.2934,7.2474,6.8768,7.9184,5.5337,5.3383,4.9392,6.9698,7.0296,5.931,8.2475,8.2825,8.3189,7.8538,7.3196,6.4271,4.6391,5.7197,4.8015,4.7497,7.4602,7.7618,7.4813,6.5667,5.0604,4.8751,8.081,5.5155,7.791,5.9654,5.3586,8.0793,6.9133,6.7912,6.881,8.4451,6.5087,7.8949,6.9358,7.1422,4.879,6.9086,5.3908,7.2941,3.5881,5.8048,7.4723,8.897,5.5384,5.7929,5.3497,5.5398,6.0932,4.9476,5.3782,8.2668,8.2525,7.2901,6.8431,8.3452,8.3681,7.0283,7.4964,8.6796,7.0789,6.9858,7.4679,8.1333,6.8457,8.4997,6.4052,8.8929,8.6527,5.7928,6.593,6.0155,5.8564,4.7997,5.0627,8.0558,7.1132,6.9061,4.9405,5.8167,4.5264,5.4516,5.289,7.5255,7.7151,7.5082,8.4125,7.7279,5.2372,7.8583,8.3647,2.1051,6.8628,5.3039,5.9987,5.4364,4.5241,5.1002,7.9671,7.8138,6.8765,8.3436,4.6218,8.3003,8.3141,6.0338,5.9816,6.4663,5.4108,5.0583,6.6166,4.6535,5.5236,8.2606,5.5296,6.306,1.3864,4.6857,5.529,6.5912,7.6012,4.7937,6.4203,5.1669,0.8608,8.329,6.8382,8.3348,8.3629,8.3899,5.8879,6.8534,6.3749,5.24,5.7011,5.1189,5.3801,5.9801,8.2694,7.1813,6.3116,5.0902,6.2698,5.3768,8.7556,5.7476,7.3934,5.3306,5.8418,8.4247,4.793,8.3867,5.6322,5.0356,8.3462,7.5148,5.8314,5.8323,5.7591,4.3893,4.3373,5.5644,5.0026,6.7278,7.3711,5.6025,5.1138,3.6782,3.8251,5.4424,4.7531,6.3679,6.6026,8.3095,8.3533,8.3513,0.9673,1.0177,1.0719,6.5492,6.0614,5.7044,5.4619,5.5562,5.8214,5.2852,4.9276,2.024,5.2018,4.7917,5.7119,5.5222,5.2467,5.1873,8.308,6.5498,6.007,6.6767,8.3427,8.3621,8.348,6.188,6.2282,6.8133,5.2687,5.1482,5.1683,7.0977,6.0834,5.0061,6.6441,1.241,2.6346,4.8318,5.4505,4.0929,5.7981,5.4493,2.7842,5.3395,4.7397,7.1815,6.8559,8.2927,7.3044,8.8173,6.3567,5.7524,8.3268,8.362,8.3689,8.0477,7.641,7.3633,8.27,7.1271,8.3363,7.1367,8.3354,8.3355,8.3504,7.9838,8.3332,8.3556,8.3463,8.1069,8.3251,8.3177,8.3072,7.5103,7.4493,7.487,8.2317,8.3239,8.3528,8.3185,8.3091,8.3458,8.3129,8.5936,8.2873,8.2302,8.3025,8.3122,8.3204,8.3222,8.2985,8.3098,8.2958,5.6118,8.2229,8.9133,8.2153,8.1829,7.2574,8.2769,8.3128,8.2991,8.3306,8.3406,8.3335,8.3224,8.3241,8.3086,6.151,5.5852,8.312,8.3169,8.2832,7.335,8.2915,8.2948,7.3731,7.2371,8.18,8.2355,8.2099,7.1646,7.566,6.0313,7.4697,7.9383,7.3323,7.6644,8.0692,8.0487,8.2259,8.5605,8.0714,8.1033,8.2003,8.1715,8.1734,7.1929,8.1471,8.1057,8.2268,8.1487,6.4587,7.0084,8.0889,6.8072
5,8.6858,8.4899,8.1846,8.5527,6.2334,6.5814,6.807,6.4135,5.8076,5.8771,6.0432,5.3193,4.4934,7.727,5.0715,8.2848,6.236,6.9626,6.1458,6.5037,8.3849,8.3837,7.6186,7.1206,8.3824,7.6028,8.354,8.3567,8.1408,6.0113,6.1314,7.19,7.4181,7.8605,5.174,6.0295,6.7435,6.0461,8.2852,8.3254,7.6787,8.186,7.5783,8.5957,8.4246,8.4188,8.5266,7.6227,8.5261,8.4677,8.4651,8.4553,8.4648,7.573,5.6158,5.5862,7.7484,7.1091,7.13,8.4226,7.9787,8.3888,8.6037,8.4022,6.8417,8.9079,7.3008,8.4459,7.3388,8.48,8.4917,8.5376,6.3351,8.5413,8.6857,8.5293,8.5133,6.1263,6.5813,6.8942,5.8695,6.363,6.494,5.9368,7.7734,7.1697,8.337,8.6045,8.7332,6.2702,5.9216,8.4102,7.9323,8.5493,8.4964,7.178,8.747,8.9855,8.5181,8.5094,8.5023,7.0078,5.8983,5.5762,7.1964,6.729,7.1557,6.8367,7.8721,8.501,7.3785,8.4247,8.7135,5.839,8.1177,8.4979,8.4482,8.4531,8.4653,8.104,7.9951,8.5142,8.5018,8.4948,8.4998,6.9631,6.3392,6.2212,6.559,7.8397,5.886,7.5598,6.7402,6.0177,8.363,8.3804,8.1422,6.3736,7.2215,5.7489,8.406,8.435,8.4389,7.9066,8.4856,8.4841,7.7653,8.4754,6.193,5.6358,6.8274,5.6218,6.4148,2.6771,5.9929,6.5082,6.8139,7.7654,8.4847,8.3932,6.2556,7.0984,8.6205,7.8915,8.4326,8.4077,8.4366,8.5403,7.7998,4.1281,8.4082,8.4105,7.572,8.4274,6.7046,6.0586,6.7244,2.3508,5.2121,5.9562,7.899,8.3905,8.4257,7.9643,6.1232,8.1233,6.1373,6.8702,8.3914,8.4455,8.6146,7.3573,8.4867,6.704,8.3895,8.3894,8.4535,6.4606,6.2754,6.0232,6.0563,3.1868,5.4147,5.5743,4.7491,7.632,6.2278,8.2856,8.3276,7.6607,5.34,8.0741,8.3439,7.1058,7.5566,5.5474,7.426,8.4437,8.3884,8.0934,5.7488,6.991,6.6212,4.1418,5.3305,2.8706,6.9299,5.7518,5.4236,5.3423,8.2651,7.634,8.1393,7.3669,5.4614,5.0421,8.3167,8.3453,8.3511,8.3239,7.3813,8.4373,8.5308,7.782,7.375,6.9662,5.3906,5.5061,5.528,2.3831,2.2122,2.251,5.7665,5.2248,8.2599,7.8555,6.2311,8.4136,5.6936,6.2077,8.307,8.3345,8.3557,8.3697,8.3843,8.4083,8.4518,8.4247,7.2773,7.306,6.5535,5.3406,5.9282,7.0006,2.8456,6.6771,3.4228,9.0194,5.8228,5.9193,8.3174,7.0982,6.5932,8.3796,8.3666,8.345,8.3576,7.5607,6.7195,8.3916,6.0912,8.4661,7.9698,9.0674,7.3206,5.7022,6.4876,5.9443,6.5918,3.6908,6.5001,6.4715,6.0045,7.8315,6.1902,7.7356,6.6445,7.743,8.3221,8.3405,8.3592,8.3414,7.8122,8.4107,7.0674,8.4177,8.4277,8.4368,5.8773,4.4604,5.1713,5.6985,2.467,4.1499,6.8036,6.8972,6.4438,5.6342,6.0643,5.7636,8.1399,7.6661,8.3299,8.3595,8.3804,4.202,6.4543,8.4791,8.4779,8.4735,8.5161,6.3074,6.3823,6.188,6.1168,7.3325,5.9254,5.6193,7.1685,6.2682,6.5234,6.867,6.0054,5.9126,5.887,5.7615,8.398,5.9139,8.3927,8.395,8.3944,8.4328,8.4412,8.4493,6.2587,7.0629,6.2929,6.1686,5.7262,6.7712,5.9977,7.5881,6.166,6.0396,8.2366,6.6694,6.0295,6.548,6.6983,4.8065,8.3747,7.0586,8.3698,2.9688,5.3532,8.4293,6.7563,8.445,8.4612,6.9746,6.7288,6.0903,5.652,7.0742,5.6829,5.7933,5.9716,6.5212,7.6576,5.964,3.8008,6.5934,6.1888,8.4966,8.4336,8.4222,8.4663,8.4636,6.4104,8.4358,8.414,8.4294,8.4421,6.4878,6.1322,6.3819,6.2075,6.9787,6.5077,6.2992,6.4388,6.38,5.9371,8.1393,6.6116,6.7807,6.7409,8.4351,8.4209,8.4335,6.0363,3.8766,7.2154,8.4717,8.4853,8.4807,7.8948,6.8335,6.9543,6.1385,5.7705,4.8683,7.1313,5.933,6.9518,6.2053,7.5546,7.304,5.1306,6.7617,6.089,7.2086,8.3511,8.3758,8.3478,7.6711,8.4252,8.4482,8.4518,8.4627,8.4648,4.037,7.0151,6.2647,6.3772,6.7816,6.1946,6.9679,6.8448,5.9657,6.0343,6.8723,7.1195,6.9452,6.5889,8.4005,8.8803,8.4301,8.2948,8.2426,5.6662,8.357,8.5318,8.4336,8.4411,5.7414,6.1273,5.4133,5.9409,7.0446,6.2485,4.323,6.6389,6.4629,6.2454,6.7444,6.4787,7.1861,6.765,8.3998,8.4468,8.3984,8.4022,8.4327,8.6734,6.7808,6.4315,8.44,8.4673,5.7809,5.8526,5.8085,6.2027,6.0755,6.0702,5.5521,6.9441,6.1427,6.0028,6.272,6.5253,7.3429,6.5943,6.8211,8.973,8.3762,8.4519,3.396,7.5939,7.7128,8.4022,8.4347,8.4343,6.0667,5.6061,5.1519,6.0102,5.3856,6.1229,6.0732,6.2529,6.0189,6.51,5.5504,6.5151,5.7595,5.5621,8.1794,8.3147,8.2898,6.9163,6.6355,5.4673,7.5879,5.6732,7.2599,6.7266,7.2669,6.1674,6.0574,6.4372,6.1429,7.1177,6.2527,5.6235,5.8418,5.9623,5.8549,5.0222,6.8123,6.3805,6.5657,6.4095,5.6257,6.7472
6,7.6988,8.1561,8.0006,6.5169,6.3957,7.1151,5.5875,7.4771,6.2111,6.5806,6.1618,8.3748,6.5995,5.2622,8.4185,7.3988,5.416,6.4254,6.3797,6.3385,8.6052,6.524,6.9437,7.4073,7.2858,5.1439,5.3251,5.5092,6.1529,6.4668,6.2732,5.772,7.0906,8.4225,5.6806,6.2435,5.3777,6.7516,5.5516,7.205,5.7956,6.8493,5.9397,6.0224,6.2637,6.3366,6.8175,6.719,7.2373,7.2068,5.0437,5.2747,6.0755,6.1526,6.2773,6.8297,6.3945,6.7608,6.2323,8.4591,6.7847,8.5409,5.6165,6.4788,5.3884,5.9915,8.5598,6.6936,8.5011,6.0584,6.6442,5.3088,6.0455,5.4055,8.7292,5.6765,5.7645,6.1173,8.539,7.7005,6.3607,8.5341,7.0103,8.6012,6.5292,7.6485,6.4459,8.7337,5.5577,5.5136,6.1781,7.0348,8.5577,8.5172,8.5303,5.5723,7.5937,6.8521,8.1399,8.6273,5.385,4.3289,7.6265,7.6235,5.8203,8.4735,6.3854,8.5333,7.1313,5.4281,6.6284,8.5271,6.5785,5.4887,8.1482,7.5858,8.6076,8.6333,6.085,6.8079,6.1927,6.7156,7.2058,6.8338,6.2537,5.0309,6.4823,6.7368,6.724,5.5258,5.3415,8.4273,7.3517,8.4701,8.5072,6.4371,7.396,5.3713,6.8355,6.138,8.4643,8.5548,7.9009,6.417,6.4598,6.1219,6.8097,6.3398,5.583,5.9567,6.1294,5.8377,8.7722,5.4064,8.0915,7.0413,6.7635,4.9333,8.8942,6.3534,6.6871,7.3443,8.5593,6.5937,7.3685,5.3966,6.1505,5.3897,6.7112,8.4992,5.8284,4.9792,7.158,7.6111,5.9038,5.4116,6.3872,8.4626,7.9604,8.535,7.4516,8.9782,4.9934,5.1917,6.8444,8.8137,8.5406,6.0309,6.2259,7.8738,5.9177,5.7373,5.8261,5.158,8.5558,6.2366,6.2874,4.6152,7.1891,8.4587,8.5454,6.8605,6.4059,6.5521,8.5019,4.4079,9.0199,7.8979,7.5464,8.1326,8.6254,8.4003,7.6085,8.6675,7.2526,6.6163,6.519,7.9621,7.8448,7.5638,8.5291,5.5093,8.765,6.734,6.9052,6.2044,7.6367,6.0048,6.2822,8.4741,6.4736,7.118,6.1797,8.3568,8.0377,8.5453,7.1664,6.2935,8.4928,6.4071,6.6004,6.9151,8.4932,5.6573,5.694,6.6489,6.3975,7.2015,7.1462,6.7069,6.8858,8.1999,5.1229,8.437,7.1849,6.3931,7.0126,6.6719,8.5544,5.7261,8.4255,6.4934,8.5128,6.9015,8.5398,8.4975,6.792,8.6671,6.395,6.25,7.1229,7.6514,7.5911,8.5576,7.2274,9.0028,8.6143,6.5791,8.5665,6.3522,7.3469,6.5037,6.3932,8.5457,5.3722,8.4491,8.6003,6.1274,6.7171,7.0914,6.6469,7.3693,8.4405,7.3141,8.6488,6.7622,5.9033,7.1087,7.9135,5.4669,7.1402,8.7681,7.0064,7.7552,6.649,6.4502,8.4399,6.9404,7.2867,6.9816,7.7717,5.8344,6.0191,6.1975,6.6706,6.1335,8.4396,7.75,7.1375,7.3634,7.7212,5.3511,8.5233,8.0595,8.4957,5.8949,6.3442,6.9569,6.58,6.6333,6.6081,7.2595,8.4476,7.0313,7.6292,5.6862,8.2482,6.8956,8.5232,6.1763,8.3971,6.0932,7.5809,4.8835,6.2872,8.2059,6.12,8.1592,5.7832,6.2962,5.9504,6.7778,6.7228,6.1375,6.7691,6.0071,7.416,7.3257,6.616,7.3483,5.7674,6.7898,7.8729,5.6965,8.4324,7.3159,7.0406,6.0918,6.6803,6.8108,7.2085,8.4524,5.4618,7.2924,8.4642,6.8394,6.8175,6.7217,4.8502,7.3288,7.1365,7.702,6.5299,6.4708,6.3531,8.7922,7.4833,7.2769,5.9699,6.8949,6.856,6.4339,8.4223,6.4857,6.8562,6.1233,6.1991,6.8875,6.331,7.136,5.5873,8.3555,7.0878,7.125,8.1403,8.455,8.5132,5.3661,5.7098,5.9464,7.1595,6.5313,7.1186,6.6296,6.0347,5.2579,4.5413,6.9721,5.7337,5.7878,8.5254,7.8599,8.4623,7.2113,6.1315,8.4038,8.4512,8.4824,6.1029,6.4475,5.4157,8.2389,5.5061,6.2224,8.4858,6.2544,6.7762,7.7713,6.9281,7.164,6.7313,6.3319,6.7944,8.4426,5.4129,7.6707,6.1045,7.119,8.5199,8.822,8.3626,5.9894,8.4748,6.7432,7.4513,6.3463,7.0951,6.6364,8.1094,8.4792,6.2397,6.5135,5.8061,8.4314,6.2443,6.4274,8.4894,6.2689,7.1843,7.3863,7.4067,8.4231,7.8012,7.6602,7.4449,7.106,6.5442,7.5979,6.7858,5.8265,7.11,8.4485,8.5361,7.4187,8.5289,6.2094,7.321,8.5932,7.0541,7.011,6.9837,7.2039,7.9799,7.6416,6.8409,8.4506,6.9511,6.6346,5.0629,6.0984,6.1718,6.6298,5.6788,6.0571,6.1578,7.9735,7.4906,6.1887,8.4633,8.4912,6.4402,7.6009,7.3556,7.2286,8.4779,8.4961,7.165,6.8808,6.8706,6.7996,8.3033,8.4891,8.353,6.0441,6.1708,6.7453,6.0989,5.5023,5.7688,6.7873,5.9165,6.2002,6.2738,6.6052,5.7158,6.6671,7.5933,6.1661,6.2218,6.1733,7.0671,7.0672,6.3764,8.4344,5.4887,7.7319,6.6985,5.4977,5.8853,5.6255,5.5735,6.0419,5.5329,5.2177,6.3726,6.4274,7.7348,8.3522,5.8809,5.6426,5.5987,6.7967,6.0854,7.4543,5.669,7.6179,8.2555,7.2081,8.0218,7.7533,6.7845,7.3464,7.5046,5.5165,5.437
7,8.4329,7.8385,8.3952,6.7778,6.1506,6.0089,7.3303,6.4119,6.8238,6.5142,8.05,4.8801,5.2154,6.4222,5.4807,8.525,5.9626,6.0189,7.8641,5.6244,6.4353,7.3621,6.6142,8.0218,7.8034,7.8729,8.2333,7.0919,6.156,5.2513,6.6485,4.6089,6.4545,8.3162,6.2614,6.704,8.3287,8.3623,8.4415,8.4406,8.5944,6.008,8.4548,8.472,6.6859,8.4677,8.5099,6.6623,8.5265,8.5269,8.5301,7.7769,8.5279,5.6937,6.8352,8.4117,6.7255,8.5019,8.4902,8.5347,8.6764,8.5083,8.5322,8.5609,9.0172,9.0622,7.1862,7.7869,6.9106,8.6009,8.5748,8.2469,7.2553,8.683,8.6948,8.7255,8.717,5.8869,6.1454,5.219,8.4421,6.6181,6.1049,8.4468,8.5121,8.4962,4.8256,6.6225,8.5007,6.7475,5.5068,5.9694,6.2172,8.4302,8.4609,8.426,8.1293,8.5312,8.5725,7.5218,5.8393,7.7109,6.0854,8.5416,6.283,7.4756,6.5903,6.3672,7.3976,6.1318,7.3004,7.7448,8.5124,6.8644,6.6822,6.5027,5.6669,8.3993,8.4501,7.8586,8.0112,8.4887,8.5176,7.0229,5.102,6.0568,6.9101,6.5296,6.0143,6.7635,4.823,5.8379,8.5795,8.6187,8.5727,8.5703,8.559,7.0052,8.6093,6.4424,6.0241,8.4455,8.4701,7.3363,8.5193,8.5506,7.3909,8.5811,5.9237,6.3117,6.9819,6.2727,5.7152,6.1842,8.4884,5.2528,8.5033,7.3703,6.1926,8.4902,6.2446,8.5429,6.4685,6.6777,6.1984,7.0715,8.8218,7.9421,7.3185,6.5447,7.0521,6.2066,6.5191,6.4196,6.95,5.7082,6.5244,6.5651,8.4446,5.1669,8.4831,8.5344,6.2645,8.5187,6.5714,8.4832,8.5747,6.1056,6.5525,8.6109,7.5011,7.2937,8.4062,7.949,7.1929,7.4357,5.3251,5.2376,5.2148,6.6245,6.8879,8.4913,6.8015,8.4891,8.9198,8.5028,8.5284,6.5325,6.0385,6.4617,8.479,5.8979,6.167,6.7866,7.1103,7.5986,7.5664,8.4528,8.6254,6.8393,7.1268,8.4816,8.46,6.3671,5.7336,8.4842,6.685,8.5026,8.5165,8.5584,5.7846,8.8825,7.5309,7.1625,8.1979,5.7311,6.6412,8.4314,8.4403,7.0347,8.9792,8.5433,7.4173,6.25,7.2096,6.8106,5.5967,5.1456,6.3581,8.4378,7.2178,8.7432,8.2075,7.2583,7.0923,6.5953,8.1485,7.1485,8.7804,7.7246,4.4162,8.4698,8.433,7.8119,8.4822,8.4876,8.5737,6.4422,5.6537,6.3623,5.5512,5.6456,6.3835,8.4309,8.475,3.2589,8.4911,8.9708,6.1132,6.0318,8.7582,6.8334,6.608,6.5509,6.1887,8.4323,8.3968,8.5026,7.9793,8.4712,8.7526,5.748,6.4911,6.2244,5.9066,5.3355,6.3123,6.556,7.6458,5.1375,7.0726,8.9375,6.6042,8.2476,6.5093,7.8603,6.5974,7.1974,8.7395,8.4342,8.3988,8.5197,8.4095,8.3962,8.3838,5.5997,6.4383,6.9255,5.9114,5.8921,5.9113,5.87,5.5451,5.9123,5.9932,6.4741,5.8615,8.2885,6.6939,6.8302,6.263,6.7307,6.193,8.2955,8.4014,6.1496,7.1631,8.4276,5.5561,6.1224,5.7458,5.7395,5.9228,5.759,5.9362,6.1302,6.3172,5.65,5.0422,5.4019,5.5689,3.8451,5.853,5.8072,6.1355,6.533,6.4117,6.3328,8.3614,8.6666,8.452,6.6409,8.7191,6.3424,5.3282,6.6044,5.3821,5.5542,5.9156,6.4381,6.0026,7.2876,8.5276,8.462,5.4185,6.2865,6.8728,5.2937,5.205,5.0857,5.1137,7.0843,5.023,4.3042,8.7432,8.4675,6.5674,6.5905,6.4009,6.834,5.7736,6.1291,6.0903,6.2791,6.6356,6.1692,6.1658,6.3754,6.4062,5.5465,6.1333,5.5124,6.8704,5.528,5.6289,8.4312,8.2099,8.6163,7.4664,5.8849,8.2801,5.8652,5.829,7.6913,6.0954,5.413,6.9762,6.3184,6.3412,6.3339,5.8231,6.5612,6.0012,6.1733,6.553,6.3057,6.1635,5.1632,6.2628,8.2976,6.4391,3.6508,3.7169,5.3473,7.6457,5.8329,5.5934,5.8564,6.2594,6.1195,6.0401,6.1976,5.5764,6.6163,6.8051,7.3687,6.0571,6.1852,6.1163,7.0957,5.8975,5.6946,6.076,6.6821,7.9212,4.6723,8.2353,8.2751,8.3437,6.0325,5.4264,6.9232,5.797,5.8292,6.0296,5.8773,7.1858,5.5758,8.3213,5.9086,7.6924,5.5588,5.8436,5.7338,5.4855,6.6388,6.0838,8.132,8.1404,8.6649,5.6077,8.4242,8.4661,5.7246,5.3544,6.5305,8.4302,6.3983,5.5121,5.3458,7.1248,8.4322,8.7668,6.7725,6.1951,3.8404,4.3469,3.8443,5.1335,5.1856,5.0313,8.2325,8.2695,8.318,7.7256,4.7779,8.3824,5.8815,5.6241,6.3819,5.9242,5.9213,5.9321,6.5993,6.5968,8.3975,5.9083,6.6107,8.0239,4.5076,3.9523,4.369,6.979,4.6141,6.8725,6.7344,8.2044,5.2404,6.8881,7.1121,7.7846,5.9557,6.6405,6.8328,5.9788,5.9347,5.5496,5.9197,7.1312,7.1174,6.8924,5.6175,7.6127,7.0328,6.8745,6.6243,6.0759,5.987,7.287,8.1964,7.1248,6.8443,6.091,6.1853,6.6331,5.3838,5.0874,6.1583,6.379,5.5092,5.7115,5.1779,6.7098,5.9773,5.5367,5.2641,6.3838,5.116,5.868,6.909,6.611,5.8606,5.6732,7.7241,6.2284
8,8.1031,8.2849,7.8349,6.8878,6.4629,6.3646,6.8017,4.8689,7.1247,8.3877,8.382,5.6664,5.9565,8.4361,8.4325,8.4853,8.4742,6.2557,6.5085,6.2646,8.3932,5.4516,5.7915,7.0225,5.1564,6.9678,6.7732,8.3873,8.4345,8.4166,8.5606,8.4582,8.359,8.475,8.4643,6.1853,6.0249,5.6097,8.4745,5.4984,8.5085,5.7366,5.7421,5.1397,5.8759,6.097,6.0354,6.5277,8.484,6.3031,6.6883,8.355,8.4381,5.6738,5.7859,5.8113,8.4658,8.4831,8.4823,6.2424,6.2019,9.0004,8.4692,6.02,6.2472,6.1669,7.0159,8.5415,5.4955,7.2416,5.5299,8.5233,5.5559,5.5817,5.8232,8.4469,6.2083,8.8441,6.9208,7.2082,6.1359,8.5541,8.0479,7.2298,7.0722,8.5311,6.306,7.6248,8.5503,6.3597,8.5243,8.5402,5.5741,5.6823,4.9428,8.3555,5.5775,6.0183,5.7105,8.7512,8.4961,8.466,8.1971,6.8342,8.5015,8.5255,8.5224,8.6795,6.4918,8.5336,8.5456,5.5623,5.9087,7.0487,8.5623,8.6033,8.271,8.5753,6.1935,8.4529,5.4405,5.9694,5.4996,3.2035,7.5004,8.9198,7.6763,6.5094,8.7648,7.1088,5.8155,8.5229,8.04,5.4164,6.2007,8.4737,5.8034,6.5243,6.134,8.5046,8.1529,8.5823,5.6898,6.2055,8.5636,5.8193,6.0191,8.4465,8.4021,5.9789,8.4776,5.8897,6.3046,6.0854,5.751,4.3156,6.4278,5.7619,8.5984,6.5273,5.8902,6.2378,6.8397,8.4772,8.5214,5.9884,6.3361,7.1321,6.2331,5.8411,6.5237,8.4477,5.9168,7.202,6.4535,8.4585,4.9823,5.1452,5.8229,5.6627,6.7209,5.8905,8.3225,8.4605,5.9409,8.4395,6.5979,6.3638,8.4519,8.4918,6.7436,6.0976,4.422,5.6001,8.3704,6.1512,8.3827,8.4661,5.9678,6.2303,6.1152,5.6345,5.9052,5.7455,5.9881,5.8271,5.8364,7.4566,6.3625,8.3808,6.5363,7.6645,8.7114,6.129,6.765,6.5936,5.237,6.1387,8.303,8.3853,7.9354,5.4683,6.4161,5.8689,5.7335,6.4935,5.1251,5.3656,5.9918,6.095,6.0342,5.5796,6.4884,6.0557,6.4789,6.3673,8.3542,8.3685,6.0633,8.3534,8.3931,8.9265,6.1512,5.6811,8.362,8.4162,7.8653,6.0215,5.9378,8.3868,3.7335,5.8494,6.0164,6.7387,6.178,6.5573,6.1965,6.1353,6.0953,6.6319,8.3866,8.461,5.7148,8.3925,5.8754,6.3913,5.7547,6.1865,8.3216,6.0552,7.0878,6.3872,6.2661,7.01,6.0156,6.6311,6.4354,6.6713,8.4614,5.6211,6.5728,5.5338,6.812,6.4925,6.6031,6.3992,7.0479,8.2393,8.828,6.5683,6.029,6.7052,6.4377,3.7412,6.6317,8.4131,6.6065,8.4689,8.5067,8.5087,5.8456,6.48,5.4493,7.04,6.196,5.2923,7.1532,7.2157,6.0187,6.9964,6.304,5.1172,6.3815,4.6385,8.2395,7.4856,3.8936,5.8287,8.3384,8.4127,6.7002,6.7136,8.7953,8.3832,8.4753,8.789,6.6151,6.7123,6.3255,5.6935,5.9476,6.0504,5.3281,5.6334,4.6783,6.3294,6.381,6.6656,5.529,6.9539,8.3481,6.3259,8.3851,8.4652,6.2992,8.4723,6.3211,6.5707,6.3958,6.3006,6.0453,6.8934,5.8564,4.8176,6.3901,6.0764,6.3079,5.0364,6.3332,6.3079,8.1932,6.325,4.7403,6.1482,5.7982,8.2471,6.5745,7.1935,8.4258,6.9962,8.2973,8.4116,6.6499,6.3946,5.6904,6.8212,6.4039,8.3492,5.1492,6.2861,5.9519,5.9792,6.3909,6.1652,8.4073,6.6314,4.3988,8.3109,4.6461,5.9004,7.1905,6.2128,6.1653,5.919,8.1946,5.1104,6.5239,7.2549,6.9527,6.6522,6.3695,6.1082,6.3317,6.6583,8.6307,7.0463,5.3167,5.5102,7.1077,6.2187,5.2402,8.1978,6.8754,6.8085,6.1075,8.4189,6.4273,6.1863,6.2371,8.5382,6.125,6.3843,6.8679,6.3139,6.0983,8.25,6.2884,8.3394,6.5156,6.9918,6.173,6.3358,5.9446,6.2384,6.0051,5.0476,5.0034,4.8574,8.7393,5.9202,8.1445,6.3693,6.0961,5.8811,5.9542,5.8951,7.1597,6.0708,7.0103,8.1969,5.9272,5.0693,6.9831,6.8553,5.4967,7.9554,5.6763,8.2936,8.3043,7.114,6.2549,6.1906,4.9391,5.8045,6.5204,6.0897,6.1048,6.0789,5.9953,6.0958,6.06,6.3263,6.7772,6.5246,6.1362,5.1443,7.0197,6.2067,6.6377,8.283,8.294,8.3628,6.409,6.7146,8.3301,7.5865,8.3555,4.7854,6.095,5.9244,5.8479,5.8474,5.9532,5.9412,6.0592,6.0304,4.8911,6.7271,6.7883,5.7506,6.5826,6.4339,6.8639,8.2948,6.4833,6.2602,8.2657,8.3605,8.6824,6.3918,8.2898,5.1679,5.9474,4.1124,5.6082,5.8428,5.6763,5.8297,5.4753,6.3653,5.2089,7.5954,4.9819,6.8254,6.0464,6.425,6.5696,8.1479,6.3414,8.1087,8.2889,8.2892,7.0763,8.23,5.9588,8.2889,8.3176,6.2614,6.1745,6.4815,6.5949,4.835,6.8267,6.8889,6.5525,6.5096,7.7782,6.3887,5.7944,6.13,6.4338,5.2913,5.6895,6.4253,8.0599,6.3579,6.9069,6.3395,5.8565,8.7345,6.8735,6.8862,8.1846,6.8547,6.6588,8.1325,6.5191,6.5655,5.3411,8.12,6.6276,5.5498,6.696,7.2946,6.8227
9,8.067,8.4457,8.2429,8.3227,8.3414,6.8747,7.0459,6.7108,8.0521,6.9247,8.4506,7.6051,7.7603,6.0269,8.6034,8.2198,8.2742,8.7132,7.7468,8.2581,8.2502,8.7773,7.6555,8.1405,6.9931,8.4247,8.2107,8.2272,8.245,7.4252,8.3732,8.4614,8.7252,8.3334,8.3208,8.3164,8.3201,8.3243,8.3518,8.3292,8.3296,8.5429,7.7913,8.3292,8.3153,8.3177,8.3104,7.4774,8.2368,8.3021,8.3361,8.3405,8.347,8.3633,7.5322,8.3364,8.3361,6.9595,8.3567,8.3584,8.3517,8.3592,8.3558,8.3511,8.3828,8.4181,6.2499,8.9551,8.2802,8.2905,8.2897,8.2739,7.1155,8.2147,8.478,8.475,8.4179,6.8874,8.4843,6.0819,5.3496,6.2291,8.0387,8.4859,8.5114,8.2251,8.4512,8.3077,8.3082,7.1804,6.6218,8.2194,8.2365,7.0589,7.1062,8.1977,8.107,7.6991,6.9739,6.4954,8.3745,6.4171,6.8779,7.1818,6.6432,8.3621,7.2898,6.7972,5.55,7.0436,6.7846,8.1901,6.5199,6.297,7.1061,7.155,8.0001,7.615,6.0645,6.9253,6.522,5.7108,6.0828,6.4953,6.5385,5.9991,5.715,6.1366,6.6579,6.7718,7.7802,6.919,5.8302,5.8612,5.8111,5.0339,6.5957,4.3534,7.8868,6.531,6.9214,7.9103,6.8365,7.6926,4.7089,5.8143,6.1757,6.914,5.567,7.6007,5.2229,7.6571,7.2938,6.5756,6.2535,5.8497,7.0544,5.1787,5.9635,6.0186,5.7455,7.5253,6.7825,7.1776,6.5715,6.7277,6.4854,7.9815,7.0872,6.0126,5.6704,5.9983,5.9436,5.7905,5.7993,7.4441,7.6182,2.0164,6.3032,6.5558,7.0962,7.9247,4.599,4.6617,5.629,4.8684,4.9804,5.1456,5.2316,5.709,5.2511,5.8588,6.5573,6.5762,6.0186,5.7981,5.9154,5.0792,5.2961,6.8975,6.014,6.1549,7.248,8.4183,7.6999,5.7944,5.391,5.6502,7.7704,6.4421,5.477,5.5636,8.4481,8.2795,5.3155,5.4273,7.1861,6.3049,4.6262,5.8107,7.0686,4.9173,5.1985,5.4667,8.4007,6.8561,6.6944,5.417,6.5617,7.099,5.6163,6.756,6.4592,5.7136,5.4451,5.9531,6.8294,5.8244,6.6775,5.9298,7.1561,8.5385,5.9817,6.0035,6.4107,5.955,5.9838,5.9745,6.3588,4.9856,3.5716,4.0464,4.6127,4.6329,6.6087,5.5281,5.8201,6.2233,5.9569,5.7484,5.737,6.9436,8.485,6.9549,5.6312,6.9812,5.8799,6.1394,6.8143,6.3024,6.5026,6.6769,5.8937,6.4541,5.0536,6.8903,5.051,6.906,6.2293,6.2744,4.9398,6.0275,6.203,5.9683,6.8209,7.139,5.7503,6.5812,6.8286,5.9915,8.2264,5.652,5.0405,5.3028,6.9962,6.5318,6.7885,5.2837,7.1035,4.8736,6.0048,6.7667,6.1012,5.9098,6.6828,7.1122,6.8396,3.2235,6.8947,6.9832,5.6071,6.5275,5.8538,6.0476,8.2473,4.1532,6.3447,6.0359,7.7574,6.9751,5.5973,6.5996,6.2776,5.819,5.5757,4.9547,5.0065,6.3323,3.5135,6.1756,6.0903,5.8388,6.4665,7.1138,8.2097,7.0694,7.2657,7.5302,7.5946,5.852,5.7802,6.4668,6.6631,5.2291,7.3098,3.8003,6.5437,5.146,4.8601,5.871,5.9981,5.2977,4.8314,6.7453,6.6711,7.6922,5.1102,5.526,6.6867,8.1542,5.2267,7.3276,8.2134,5.6181,6.1589,6.205,6.2868,6.0659,7.2823,4.347,6.8319,5.52,6.1814,5.5785,6.3919,5.931,5.1789,4.8883,5.9992,6.9023,6.1152,6.9376,5.0378,6.0301,7.6823,8.2183,8.3137,6.0511,5.3591,4.0547,5.8807,5.7579,6.3438,6.0159,4.6618,4.76,6.184,6.4457,6.4296,6.2813,5.6526,5.6198,6.6814,6.407,5.5817,6.1561,5.4049,8.0114,8.444,6.7273,7.0962,5.1826,6.1604,6.1685,7.3423,5.9828,6.2157,5.2996,4.8691,6.1141,6.5772,5.9213,5.6057,7.0424,5.5763,5.7928,6.7662,6.4124,8.2483,7.1088,6.4055,7.1181,9.1828,6.6068,8.3036,6.538,5.704,5.6554,6.4718,4.5754,5.3284,8.3962,5.9544,4.7165,5.9299,6.7221,6.3391,5.6011,6.3668,8.2296,6.9489,5.4291,5.6901,5.355,6.6637,6.9818,6.9598,7.6892,8.3286,8.3526,8.9961,8.3577,8.3761,8.4296,8.4351,6.2985,6.59,8.3235,5.708,6.4803,7.2063,5.7489,8.2805,7.8762,8.4079,7.0254,8.2328,8.3746,8.401,7.183,5.2479,8.3144,8.3848,8.3635,8.3511,6.117,6.7232,6.6905,6.5352,7.2784,5.0286,8.3629,8.3836,8.3888,7.6009,8.3549,8.3774,5.9575,6.5967,8.3401,8.3421,8.3315,8.6357,7.9443,7.2863,8.4842,8.3569,8.3507,8.3552,8.3246,8.3764,8.3532,6.5736,6.1113,7.2376,8.4437,8.3687,8.3784,7.833,8.3336,8.3606,7.1675,6.3634,8.3371,8.6325,8.3572,8.2963,7.5698,7.8548,4.9617,8.3534,8.3946,8.4096,5.4731,8.3746,8.3669,5.6841,8.3651,6.0596,8.3567,8.3723,8.345,8.0642,8.3742,8.3825,3.8494,7.0215,8.3127,8.3326,8.3106,5.4081,8.2863,5.7015,7.996,7.1337,8.0623,8.1197,7.0728,8.3321,8.5357,8.0879,7.7562,7.4557,8.2347,8.0733,7.3388,7.2152,8.1966,8.0834,8.2775,7.6372,8.1531,7.7071,6.8133,7.1459
10,8.2919,8.4025,8.0664,8.2333,8.2819,7.4154,8.3457,6.7149,8.0278,6.9369,8.47,8.2124,8.3164,8.3275,8.2328,8.1927,8.217,8.3775,8.0171,8.2222,8.2149,8.2187,8.4265,7.9024,8.0654,8.0156,8.2351,8.225,8.2167,8.232,8.2365,8.2283,7.4323,8.2748,8.2504,8.2748,8.2889,8.2954,8.0982,8.2991,8.2992,8.2137,8.4786,8.2963,8.274,8.2884,8.2886,8.2744,8.2581,8.329,8.3201,8.3136,8.3065,8.3308,8.0926,8.2962,8.3894,8.2919,8.1477,8.3457,8.3174,8.32,8.3143,8.3003,8.2857,8.2836,7.4874,8.9792,8.0902,8.3257,8.342,8.0989,6.8081,8.4031,8.402,8.4039,8.3671,8.4729,8.1643,6.526,5.8572,6.4659,7.5842,6.3355,8.268,8.5568,7.9591,8.214,8.2215,7.9753,8.1927,8.2066,8.1772,8.5616,8.4653,7.294,7.9093,7.5781,8.4044,6.8981,6.0957,5.9103,8.0429,7.1712,6.4209,5.3459,8.2471,8.1484,8.3247,5.3975,8.3018,8.3262,8.3448,8.3403,8.5192,8.2464,6.4343,6.1097,6.1836,7.9764,6.3997,8.2706,8.3229,5.9792,6.7147,8.4228,6.2906,8.3015,8.3197,4.8423,8.0459,4.69,6.5858,6.5026,6.0747,6.7869,5.4649,5.7101,5.9401,5.9227,6.3488,6.3969,6.6307,7.2708,8.3544,6.2615,5.834,8.1638,6.2836,5.7878,6.0941,8.118,6.8644,6.0647,6.8205,8.4235,5.9741,8.2789,5.4439,6.0399,6.2582,8.2712,7.4267,6.7196,7.1722,6.9933,6.3769,6.4074,6.6661,6.7984,6.2508,5.9031,8.1717,7.1038,6.47,6.6224,6.8441,6.8542,6.6654,6.4475,7.6752,8.383,6.9533,6.0804,7.8042,8.0327,6.1577,8.3409,7.5338,7.5753,8.3476,7.4678,7.1554,7.2242,5.8928,6.4073,5.9365,7.1555,7.6648,7.2887,6.2456,6.8526,7.8337,7.1293,7.0557,7.2118,6.8412,6.2873,7.5354,7.2708,7.9345,6.5441,6.2873,5.7483,6.1792,6.4391,8.3479,6.4565,7.2713,7.1695,5.7879,5.8125,7.1621,5.6374,6.1057,6.0266,8.0734,5.871,6.4458,6.0262,6.9576,6.7324,6.4719,6.9466,6.4444,8.2866,8.5393,7.8664,6.5372,6.0359,6.0832,6.0772,7.1458,8.3299,6.0787,6.1865,6.9238,7.0628,7.2698,7.209,7.5215,7.3182,7.0899,6.1132,6.9337,7.5755,6.0476,6.9125,7.402,8.6767,7.3665,8.1223,5.2497,7.7543,6.0673,7.456,5.9269,6.1627,6.3577,6.1845,6.4745,7.5227,6.6246,6.4843,7.5128,8.2634,5.6196,6.1078,6.8664,7.9834,6.0753,7.7336,7.5035,7.4362,6.5575,6.2728,6.9261,7.1072,6.6773,6.4081,7.337,6.0561,5.9416,6.7279,6.3007,6.0028,6.5803,7.2036,7.1059,7.598,7.9681,6.6882,5.9554,5.7537,5.2935,8.1909,7.5772,6.9644,6.1683,6.3461,6.9136,5.9373,7.1566,6.7586,4.9032,6.3001,7.7479,6.3689,6.5337,6.6643,7.205,7.4866,5.2821,7.893,6.6593,8.3935,2.3658,7.3539,5.5887,9.0519,5.7148,6.995,6.2095,6.4624,6.233,5.9788,6.7989,8.3258,8.7109,6.5773,6.92,6.1657,6.7098,7.3158,6.412,5.2684,7.1876,4.4127,7.8167,7.6463,5.9547,5.1084,6.4474,5.6462,6.2179,7.2527,6.3733,7.1111,6.9105,6.9034,6.9621,8.3258,7.6218,7.7657,6.6479,6.4352,8.0954,6.9635,6.7763,2.5926,8.2009,7.7641,6.7886,7.7592,7.5336,6.7111,4.4974,7.6877,6.7385,5.9366,6.7036,6.7581,8.6853,6.0243,5.4102,6.0689,6.8083,6.7452,6.6836,5.9881,6.9056,7.0571,6.5969,5.3304,6.4539,5.3119,7.4698,7.2005,7.0432,6.5195,5.4141,5.6416,7.0909,7.6786,5.7967,6.9204,7.4701,6.3463,5.9329,5.3199,6.6077,6.5563,5.3615,6.4045,7.5924,6.1616,7.0631,5.8121,5.9899,6.4853,5.1438,5.4343,5.9235,6.8376,6.7452,6.3299,5.6211,6.9474,5.1529,5.7887,7.6201,6.9275,7.1837,6.7931,6.2935,6.9884,6.2346,6.57,5.7866,5.5528,7.0785,6.4549,6.2049,6.0394,6.7779,7.2667,6.344,5.8179,6.3829,6.1332,6.5776,6.5599,5.8119,6.0146,6.7736,6.2024,7.407,7.1182,7.0055,6.4264,8.0253,7.0613,6.6997,6.6209,6.7675,6.8444,6.5491,5.521,7.5049,7.197,8.4951,8.6494,6.7483,7.2049,6.0665,6.557,6.4221,6.6475,7.1284,6.7613,6.8119,8.2943,8.3372,8.3265,7.9696,2.7435,8.0182,7.321,7.9343,8.2212,7.0381,8.3048,8.3105,8.3222,8.2962,8.3009,8.3099,8.5481,8.1048,8.2375,8.2017,8.2693,8.1969,6.7758,8.2417,7.9416,8.2212,8.3262,8.288,8.2675,8.2462,7.5038,8.9309,7.9948,6.9477,7.3432,8.2593,8.2841,7.1704,8.2696,8.2711,8.3021,6.4045,8.2561,8.979,8.2668,8.266,8.1824,7.9106,7.8823,8.2784,8.3026,8.2999,8.3228,8.3196,8.3088,8.2991,8.6968,7.2726,8.2703,8.2839,8.2747,7.9917,8.2696,8.2517,5.6242,8.2342,8.1498,8.2092,8.1939,8.0041,7.1697,6.1775,6.0853,7.8621,7.4223,7.6672,7.9677,8.1343,8.094,8.053,6.9741,7.2682,8.1042,8.1187,8.1051,6.281,8.04,7.9523,8.2011,7.305,7.9025,7.3978,8.02,5.8885
11,8.7324,8.7467,8.3932,8.4864,8.4947,8.0034,7.8147,7.281,8.8015,6.3993,5.9169,5.3018,5.722,6.4003,8.7923,8.3318,8.3286,8.6916,7.3154,8.321,8.3108,8.4651,7.7325,7.924,7.8759,8.2577,8.3621,8.3491,8.3488,7.2914,8.7954,8.3184,8.6621,8.3465,8.3299,8.3354,8.3373,8.3404,8.5223,8.3543,8.3597,8.5733,8.327,8.3923,8.3804,8.3718,8.3668,7.8468,8.1018,8.5189,8.4766,8.4548,8.4336,8.4187,6.4917,8.2594,5.9759,6.9029,8.1695,8.2285,8.2621,8.2809,8.2701,8.3005,8.2967,6.0304,6.0187,7.9811,8.3009,8.3067,8.316,8.0419,8.4274,7.3743,8.4514,8.4275,8.4604,9.0729,7.9475,7.1368,8.3936,8.4019,8.3962,8.4009,7.6378,8.3935,8.3974,8.3914,6.9221,7.2091,7.0573,8.3919,6.424,8.3723,8.377,7.9576,5.4894,8.4023,4.0235,5.2029,4.2879,5.5428,6.6744,5.8643,4.2432,6.2111,5.3446,5.771,8.2709,8.0084,5.6089,5.9384,5.2262,6.0977,6.0277,8.356,7.3796,6.1327,5.6991,5.2051,5.348,5.3861,5.9705,4.9907,8.8576,8.3558,6.9781,6.8994,6.2585,6.9228,6.0981,6.5586,8.435,7.9662,5.9693,5.5723,6.8195,7.3875,7.1304,5.1208,7.2077,6.6501,7.4132,5.466,6.9595,6.0116,6.4211,7.2734,6.2953,5.3964,5.8896,5.8903,6.908,6.2005,6.0633,6.4836,5.9616,6.2215,6.7355,7.5246,6.682,7.1189,7.1214,6.0009,6.6188,6.4985,6.5261,5.9774,6.9985,7.8605,6.7162,6.4443,5.7979,6.2996,5.9388,5.3354,6.3382,6.9015,6.6767,6.2421,7.8346,7.8409,6.8672,6.34,7.071,7.4239,5.6795,8.0249,7.1067,7.104,5.9421,6.5802,6.805,6.4519,6.6461,6.1996,6.4375,7.5653,5.4939,5.727,6.3291,6.9752,7.0356,6.7733,6.9357,7.2074,7.7662,7.1481,6.3769,5.7992,7.2603,5.6673,6.4026,5.6476,5.9459,6.8281,7.0318,6.4458,5.9906,6.9429,7.1732,6.6317,6.3447,6.2005,6.2784,5.8668,6.2334,5.7177,6.7269,7.5605,5.9759,6.8593,6.4176,6.1368,5.9439,5.6892,7.1047,6.3895,6.7082,5.7792,8.6297,7.1944,6.5459,5.7422,5.5265,6.1946,8.0031,6.8442,6.7416,5.9293,5.9841,6.071,6.4132,6.5527,7.4886,7.9442,7.4872,7.9075,6.6411,6.7255,7.6354,6.6959,5.9446,6.9881,6.5301,6.6591,6.4869,5.2736,6.3798,6.79,6.0879,5.1089,5.5419,6.3271,7.2601,6.1222,5.6697,5.9379,5.7943,5.8284,6.9538,8.0689,5.5109,6.2207,5.7091,6.4734,5.8758,7.1609,6.6104,6.5115,3.5251,5.7058,5.7955,6.6908,6.8455,5.3762,6.5273,7.4159,6.0285,6.3265,6.1953,6.3929,6.2993,6.0189,6.6687,6.4362,6.012,6.404,6.522,6.6487,7.373,6.7911,6.797,7.1467,4.7816,5.8321,5.9055,5.579,5.8577,5.559,5.6369,7.3379,5.4372,5.3751,6.18,6.6278,7.3267,5.9216,5.8367,6.4089,5.7863,7.5356,5.9209,7.7651,7.1557,8.1294,6.0689,5.5921,5.2116,6.9927,5.3544,6.5247,7.5272,6.1043,7.6932,6.9022,6.6479,7.0757,6.7522,4.3221,8.1915,7.3553,5.7102,4.4272,6.0738,5.6375,7.8049,6.2067,6.9491,7.519,5.3739,7.1302,5.5402,8.2169,5.86,7.3268,4.3935,5.4701,6.4525,4.261,5.5017,6.3227,7.1118,7.7723,8.6659,6.6048,4.9888,5.9462,5.8557,4.4689,5.835,6.381,6.6649,6.4083,8.2794,6.4056,8.263,8.336,6.3223,6.5923,4.7894,5.8591,8.3069,8.3585,7.4374,8.345,6.8896,5.8278,6.4936,5.5449,6.1045,8.2462,5.9642,8.2682,8.32,8.4896,5.8879,6.0964,6.1347,6.8206,6.1385,7.4978,8.2624,5.3088,6.0775,6.2931,8.1829,8.257,8.2901,8.2856,8.3723,6.5956,8.287,8.3397,9.0466,8.7673,5.3749,8.3341,5.8564,7.8703,7.4249,6.0178,5.4197,6.8904,8.3393,6.4447,6.01,7.6669,8.3513,8.3794,8.3881,8.3992,6.4261,8.2397,8.3105,5.9795,8.28,8.3146,6.3359,8.2299,7.1715,6.3838,6.5582,7.74,7.1884,5.7802,6.6496,6.5593,8.2758,6.294,7.3182,8.3667,6.4023,7.322,7.1413,6.5981,8.3185,7.0272,6.6631,7.1317,5.2544,5.2035,6.3482,8.4553,6.8041,7.9391,6.8217,6.5579,6.3685,6.2682,5.871,8.3206,8.3597,8.3789,8.3586,8.3537,4.676,7.176,6.8542,7.489,6.9436,8.3321,8.3542,8.3594,8.3604,8.3617,8.3639,7.5083,7.9791,7.832,8.3717,8.3638,6.481,6.4871,8.188,8.3647,8.4061,8.3819,7.337,7.7874,8.3743,6.8561,7.7151,6.8843,7.2561,8.4263,8.3155,8.327,6.9407,8.3149,8.304,6.9593,3.6139,8.3166,8.2955,8.2894,7.6195,6.5138,7.3654,1.9654,8.3137,8.3497,8.3543,8.3484,8.3291,8.3426,8.309,7.3151,6.8914,8.301,8.3193,8.3185,8.2883,8.3248,8.3082,5.9131,7.2734,8.2832,8.3039,8.2881,4.1592,7.2903,5.5251,7.0948,7.9256,7.5546,7.9846,8.2584,8.3115,8.2952,8.6006,7.0505,8.0559,8.2726,8.2508,8.3091,7.7673,8.3075,8.3051,8.3301,7.1739,8.2931,7.1129,8.1658,6.3375
12,8.2064,8.3143,8.3352,8.5059,8.4907,8.5451,8.5069,8.7505,8.7615,8.5618,8.3664,8.3811,8.3726,8.3886,8.1612,8.3623,5.6035,6.7088,8.6944,8.333,8.3734,8.4052,8.539,8.0702,8.0545,8.515,8.3628,8.4162,8.6002,8.3374,7.4288,5.9327,7.9734,6.9768,8.257,8.3022,8.2956,8.3087,8.1168,8.2829,8.3122,8.3163,8.0513,8.2735,8.3205,8.2511,8.4278,8.2848,7.833,8.0242,8.6635,8.5448,8.993,8.5006,8.524,7.3664,8.5123,8.4378,7.7269,8.4498,8.44,8.4756,8.4681,8.6172,8.0437,8.0659,7.8793,8.9996,8.5125,8.4677,8.2808,8.3473,5.1664,5.7778,6.1757,6.0888,5.7536,5.869,5.6891,5.8965,6.0917,6.0374,7.0831,7.2457,6.4165,8.5643,7.5734,6.0523,8.5011,5.8965,6.1265,6.534,6.5593,5.7601,6.3842,6.7154,5.6607,7.3663,8.6077,5.787,8.4591,8.5497,8.4857,5.713,8.4727,6.1678,5.6926,5.7591,6.1891,5.84,8.4409,8.5153,6.02,5.7504,6.2581,6.6575,6.3789,8.8701,6.5225,5.8959,7.2102,6.1701,8.4972,8.4994,6.0678,6.2318,8.4789,6.5884,7.0602,5.9417,8.4283,8.4986,6.5063,6.9731,8.6853,6.5186,6.2653,5.8856,6.0943,6.4108,6.1385,6.1773,6.3984,6.5624,6.9463,5.9878,8.363,9.0891,8.4958,5.9964,6.0606,6.0164,6.0838,5.8013,5.7078,5.7473,6.1626,6.3661,5.9966,5.9091,5.862,5.8384,5.5672,8.7471,5.3475,4.9721,5.5901,7.36,7.7749,5.8668,6.0972,6.0407,8.4348,6.1409,6.7543,5.853,6.0703,5.9366,5.8281,8.3837,8.8997,8.49,8.588,8.5893,8.5376,5.2316,8.4992,8.4843,8.594,4.8974,5.0444,6.3605,7.6892,5.3242,5.7314,5.672,5.5393,6.6872,7.2106,5.9244,8.5031,6.462,5.0147,6.2467,5.5003,5.5661,6.1972,6.0906,5.1774,5.9539,6.16,6.393,8.5291,6.6223,5.677,5.4263,8.3564,6.0251,8.3901,6.4778,8.443,5.3227,6.4104,6.1911,6.6657,5.8032,6.1962,3.0187,1.846,4.8793,8.4162,5.4794,6.5359,6.1665,6.0836,8.4908,5.7897,5.5627,5.9831,5.7427,5.7636,5.4162,5.7406,7.2107,5.6658,8.3623,6.714,6.6312,5.8751,6.9205,5.4718,4.0446,2.1521,6.4869,5.6907,5.5491,6.6275,5.8742,5.3635,5.1837,5.7604,6.664,5.0804,5.0018,6.405,6.8847,6.2285,6.1052,6.8463,8.4138,7.0054,6.105,6.4116,6.665,6.2266,5.5923,6.2821,1.8033,7.0368,5.7525,4.5796,7.7263,5.6237,6.8439,6.6825,8.203,7.492,5.1987,5.9601,5.5407,8.3459,8.4117,6.3035,5.0159,7.2536,6.0924,4.9042,6.1385,5.2795,5.1302,4.4127,4.6092,5.942,4.2569,5.5041,5.5455,5.0041,5.5755,8.3507,5.8698,5.9606,5.6873,5.5488,6.9044,5.8818,8.4467,6.375,8.4172,8.5562,5.8863,5.7294,6.497,5.5034,5.9526,5.9216,6.4712,6.2157,5.0933,7.259,7.827,9.0907,8.493,8.4922,6.5586,8.5067,5.9391,5.1476,4.8905,8.4543,8.4003,5.2692,8.4861,8.439,8.554,8.5264,6.2315,6.166,6.6506,4.8391,4.8816,7.3483,6.3293,8.314,6.2693,5.3622,9.1969,8.5554,5.5086,6.2698,5.9113,8.5798,7.2227,8.4855,8.5082,5.7568,5.5427,8.4902,8.5382,6.0137,5.3346,6.4001,8.5231,6.0949,6.8549,5.6568,5.8176,6.5694,5.8805,5.9554,5.4473,6.087,6.7546,5.1579,5.4327,6.6473,6.222,8.4458,8.3185,8.5061,5.4651,6.9865,6.5875,5.9821,5.9545,4.9411,6.2782,6.1597,8.4777,6.5224,7.007,8.5083,5.9081,6.068,6.2204,5.9977,5.4803,6.1679,6.0221,5.9073,5.8779,6.2026,8.4886,5.7329,8.4861,5.841,5.5798,6.9499,5.5392,5.635,5.8805,5.8232,6.2377,5.5644,8.3992,6.1778,8.4653,6.0618,6.3401,5.4932,6.6002,8.4709,5.6232,6.7501,5.6585,5.7784,5.9765,6.4796,5.7004,6.5558,5.9222,5.82,6.5794,6.808,6.2034,5.945,5.8441,7.7126,6.0887,5.8261,8.4617,6.5724,6.1274,6.513,6.0656,6.0488,5.1541,5.7154,6.9121,5.6856,8.4196,5.5599,6.0799,8.3887,8.3947,6.2603,5.9877,7.3542,5.3745,6.8607,6.717,6.7696,5.5805,6.6326,5.1841,6.733,6.8884,5.8039,6.3902,6.9199,6.7527,6.3779,7.0056,5.1111,7.0575,5.6411,8.4263,6.5544,6.4803,8.4513,8.5019,6.3898,6.4092,6.1613,6.3894,6.5217,5.4914,8.4388,8.4867,5.6421,8.5403,6.1417,6.1875,5.8362,5.4954,8.4919,7.7899,8.5134,8.508,7.3374,6.4333,6.6155,6.4473,8.214,8.5229,5.8965,5.7281,8.4148,8.6732,5.5123,8.5013,7.3413,7.4275,7.6602,8.4998,8.8634,8.4731,8.1563,6.5347,8.5633,8.1768,8.3489,8.4442,8.4504,7.9757,8.4087,8.2023,7.1116,7.8204,7.0202,8.3825,8.4044,8.3972,7.1119,8.3962,8.4222,7.9314,8.383,8.321,8.3825,8.3116,7.9708,7.3287,4.6242,6.4344,7.6213,7.1255,7.7998,8.1923,8.3515,8.6495,7.6967,7.861,8.1437,8.2988,8.3003,8.3009,7.2622,8.3298,8.3216,8.3256,7.9554,8.2836,7.032,8.1903,6.6797
13,8.6634,7.9644,8.3708,8.4577,8.4339,8.5985,5.831,7.4488,8.551,8.3924,8.2964,8.2898,8.3374,8.3486,8.8071,8.3973,5.9034,8.1318,7.2355,8.3076,8.317,8.2939,7.9353,7.729,8.1699,7.5473,8.3131,8.3276,8.3253,6.7587,7.0743,8.3652,7.0499,8.3611,8.3627,8.3672,8.3557,8.3665,8.4554,8.3751,8.3783,8.2391,8.3237,8.3612,8.3663,8.3546,8.3023,7.9375,8.4387,8.4102,8.4085,8.4104,8.3934,8.4753,7.3064,8.1467,6.0021,7.1965,8.0117,8.1192,8.171,8.1909,5.2648,8.2172,8.2378,6.7955,5.6633,8.7693,8.1337,8.1451,8.1766,7.8961,7.9233,7.447,8.4816,8.4305,8.779,8.4231,6.2464,6.7977,7.4235,8.3796,8.3683,8.3844,8.3976,8.4113,8.4083,8.4098,8.4197,6.7002,8.1718,8.363,8.3783,7.6521,7.1408,7.8431,6.7407,7.7711,8.4063,8.4219,8.4308,8.4385,8.4357,8.4884,8.4665,8.4873,8.4444,8.4572,6.9785,8.4317,8.4768,7.1624,8.4141,6.6326,6.659,8.4001,4.9597,7.548,5.6111,6.3259,5.2834,6.054,8.4211,8.51,8.4721,8.6939,7.827,9.0329,6.0178,8.4681,8.4494,8.4512,8.5139,8.5012,8.5137,8.5087,7.543,6.7788,7.98,7.7271,7.6781,5.2199,7.2059,7.3665,5.2789,6.7235,5.7355,8.4975,6.7013,5.7638,8.4299,5.7986,5.5484,8.3876,8.3923,8.4439,8.818,4.3066,6.0389,8.5159,7.9891,4.1109,6.7464,7.5773,5.2811,5.3117,5.7566,8.2734,5.9238,5.7381,6.3764,6.8067,8.5247,6.6766,8.4922,8.5108,6.1636,8.4957,8.5084,5.4882,6.467,6.9984,6.3024,7.933,7.8529,7.0295,8.3571,8.3935,5.8743,7.0156,5.82,7.3803,6.0896,6.5734,7.2699,6.9606,8.5279,8.5215,8.5742,8.5474,8.5662,6.6133,7.3674,7.9855,7.6042,6.0154,8.0568,8.6947,6.1849,8.1494,6.1734,5.4883,6.1319,6.3198,6.9115,7.4048,6.0019,5.6276,6.6885,6.7501,6.3821,7.5111,6.8961,4.4238,5.0375,5.1393,7.1782,7.0321,7.0947,6.5511,7.9324,8.9251,6.7347,6.642,8.6576,8.2205,8.6159,8.0149,7.4967,6.2868,7.2254,5.6902,6.1191,6.9959,5.0816,7.3021,6.3368,5.2647,7.5161,6.8581,8.0135,7.3074,7.8458,6.7681,8.4456,7.8247,8.2869,7.6238,7.9682,8.2987,6.8739,7.4108,6.7146,7.26,6.8469,5.9353,6.3653,7.3064,8.4282,5.1359,6.9563,7.2116,7.0934,6.7011,8.9105,7.9594,7.1256,7.1671,8.1522,7.0639,7.1861,7.7342,7.5101,5.0751,7.2309,6.1048,6.5281,7.737,6.9407,6.5107,5.5817,7.6978,8.4664,8.1805,8.4676,6.6103,6.4794,7.677,7.9352,7.1561,7.591,9.3993,7.9339,7.0341,6.8596,8.5694,8.0652,7.5521,7.1298,6.5507,7.8109,6.3613,6.2447,4.8899,5.662,6.3714,5.421,5.7644,5.1211,4.6125,5.7889,6.4562,5.6253,5.8789,6.3787,6.1484,8.7973,6.0841,4.4228,8.1864,5.4771,5.4675,5.6001,6.4857,8.4508,6.0105,6.0452,8.1881,5.5735,5.5322,5.0034,5.0198,4.3667,6.3299,6.815,6.0435,7.5525,6.0721,6.0394,5.8155,4.6861,5.4462,6.3547,6.1532,2.8123,7.36,6.88,7.5756,8.4327,7.0083,6.4049,6.9698,5.6705,5.1794,5.2223,5.7083,5.6456,7.6484,5.9077,6.4423,6.1475,6.4052,4.9658,6.3077,4.3367,5.5981,5.3704,7.6343,6.3068,6.205,3.2395,5.0336,6.4864,6.8613,5.7601,6.0289,5.3314,5.1311,5.4605,6.4484,6.1087,5.534,7.0017,6.0306,7.9175,5.2634,5.3856,5.9818,5.8099,5.2821,4.8625,4.7871,6.0297,5.196,6.2988,6.9414,7.1661,6.4214,6.2393,5.5922,7.0997,7.0838,6.1073,6.328,6.7734,6.095,6.0567,8.4029,3.9329,6.1008,6.7958,5.5922,5.0631,5.5057,5.1968,5.9421,7.8619,6.3194,5.9813,5.3528,7.2757,6.856,6.673,7.5014,6.5339,6.1692,6.5995,6.2153,5.5699,7.5835,8.4259,5.3128,8.4602,6.833,6.4537,7.2822,4.5766,6.014,6.2518,7.5489,8.2243,4.5923,7.8788,7.13,7.0907,6.3982,6.7222,6.7491,8.432,5.6477,6.5144,4.6688,7.076,5.1123,6.6785,7.3966,8.4223,8.4826,6.454,6.8326,2.9672,7.2213,5.0267,6.9563,8.4733,7.9769,7.6817,8.0064,6.9118,6.8697,5.2194,8.2983,8.4613,8.4854,8.4665,8.4783,8.4516,8.4534,6.7297,6.8298,6.3325,8.4055,8.4219,8.45,8.4652,8.4264,8.4301,8.1885,7.2312,8.4485,8.4436,8.402,7.3923,6.2361,8.5046,8.704,8.4123,8.4366,8.4137,8.4055,8.4247,5.8732,7.7097,6.0524,7.1433,6.9445,8.3714,8.3853,7.3936,8.3383,8.3599,7.9181,6.415,8.3212,8.6892,8.3194,6.4366,6.3348,8.7009,8.6709,8.352,8.4127,8.4025,8.3882,8.3843,8.3881,6.6991,7.7784,6.6373,8.3106,8.3403,8.3405,8.2857,8.3454,8.3675,7.8414,7.9413,8.2625,8.3075,8.2863,7.7862,7.1084,6.1108,7.5655,6.8075,7.0983,6.9763,7.8857,8.2484,7.9857,7.8779,7.9049,8.0442,8.1737,8.1697,8.2005,7.0439,8.1569,8.1589,8.8311,8.0167,8.2069,6.7401,8.0971,6.8508
14,8.3257,8.1246,8.1444,8.3716,8.3974,8.1155,7.9155,7.0601,8.5565,8.1362,8.2649,8.2955,8.306,8.3166,8.7736,8.4104,7.9367,8.4862,8.0489,8.3784,8.3734,8.3259,8.3849,7.9467,5.5207,8.3435,8.2877,8.3047,8.3072,8.429,8.3459,8.8445,8.4865,8.3186,8.02,8.3914,8.369,8.3735,8.445,8.3662,8.3718,7.9301,5.7738,8.3405,8.3596,8.3229,8.5461,7.8345,8.2484,8.3806,8.4181,8.4125,8.4119,8.4364,8.2313,8.4085,8.4059,7.505,8.3591,8.3696,8.3765,8.3825,8.387,8.3949,8.3945,6.8744,6.9262,8.6674,8.3035,8.2954,8.3057,8.1799,7.406,7.9248,8.4046,8.4282,8.312,6.2665,9.0044,8.1618,5.6526,7.3227,7.8629,8.0396,8.0234,8.2406,8.2479,8.1994,8.213,8.4242,5.62,8.1561,8.2159,8.2761,5.7126,7.8409,7.3522,6.9888,8.3857,8.3903,8.3894,8.4006,7.0453,7.3658,7.0544,7.1117,8.4131,6.4933,8.3663,8.3878,8.4319,8.4806,7.0596,7.0558,7.5157,8.3956,8.4102,6.4876,7.342,7.7759,7.8025,6.2276,5.7942,8.3822,8.6645,6.0315,5.5284,5.2365,6.6496,6.2739,7.2967,7.3768,8.3507,7.081,6.7547,8.4042,8.4279,8.4821,6.4943,6.7678,8.4082,5.9011,5.9114,7.7336,8.5556,4.903,6.3175,5.5365,5.9865,8.4156,6.8841,6.9913,8.461,6.085,8.4904,6.5048,4.8205,5.4041,8.4649,6.2327,6.567,6.1869,8.4204,8.0639,6.1994,8.4594,8.498,6.5975,6.3249,5.554,4.1366,8.4279,5.1551,4.9204,4.9477,6.1295,8.5929,5.9138,6.1332,6.0527,6.0182,6.0939,7.9631,5.5234,6.7905,4.1198,4.9869,6.0803,4.6832,8.4331,6.4558,8.6992,8.3234,5.7917,5.7311,4.0465,4.4192,5.672,6.2546,4.8277,4.932,8.4155,5.7289,4.8309,5.7857,6.4855,5.223,5.3334,5.8237,5.5887,3.9843,8.4436,4.6766,5.7052,4.59,5.7946,8.301,4.279,8.4254,8.4796,8.5167,4.473,3.5514,8.5063,4.3007,6.0053,8.4844,8.4732,6.2241,8.9482,4.4857,8.5015,6.0481,8.4817,8.7722,8.5455,8.5465,3.836,3.9422,8.4571,6.8818,5.1557,8.5909,8.547,8.5598,8.5616,4.6844,8.5134,8.5241,5.9373,4.595,8.4815,3.3598,8.4528,8.493,8.5114,6.9222,6.2532,8.498,3.8605,5.3123,3.3668,5.3701,6.4542,8.4935,4.734,4.4441,3.7508,8.4719,8.5761,3.2428,8.4993,7.1023,6.6566,6.969,5.9945,8.4888,8.0018,4.2174,8.4535,6.0575,5.7963,4.3222,5.233,7.751,5.9005,6.7388,6.9961,8.6392,5.9823,5.8118,5.8091,8.1507,5.8671,8.4323,6.1082,8.4368,6.6167,8.4451,8.5196,5.7552,5.9414,5.9551,5.3762,6.4731,6.3926,6.2459,5.2014,5.7518,7.0099,6.7694,6.0321,7.1983,7.0967,6.8233,7.3625,8.4279,8.4727,6.2484,5.6801,5.7187,5.8503,5.6397,5.8761,5.7512,5.41,5.2963,5.7838,5.3391,5.521,6.2136,8.3547,8.1237,6.3083,5.8574,6.7711,6.515,6.8723,7.4947,6.4289,6.5276,6.5908,7.1428,6.8761,6.2219,5.9238,5.7548,6.1886,5.6324,7.3409,6.8041,8.4316,8.2206,6.1966,7.7719,6.8058,8.4662,8.2626,5.4035,6.0492,8.4409,7.2013,6.0972,6.2177,8.3555,6.6483,8.3309,8.4032,7.7807,7.7914,6.5009,7.4312,7.2873,8.2785,6.0544,6.8869,6.5912,7.0225,7.344,8.3291,7.2819,6.2884,7.6526,7.9648,6.1871,6.0234,6.0864,6.0404,5.5623,6.0477,6.1619,6.196,6.1639,5.8013,6.3202,6.0028,8.2021,6.3327,8.3288,6.2815,8.3489,6.2396,6.2998,5.8891,6.2117,6.2339,6.3124,6.1989,5.558,6.4506,6.2252,6.0946,5.9811,5.8305,6.2628,6.1413,5.9577,6.1357,6.5948,5.6064,6.1098,5.9353,6.1569,6.0536,6.1348,6.7563,7.929,6.4165,5.8559,6.7515,6.197,6.66,7.4537,6.5004,6.5019,7.0469,6.6285,6.5687,5.9833,6.2892,6.3032,6.1524,6.614,6.0863,6.756,6.332,7.2732,5.9046,7.4241,6.6892,6.3766,6.3384,6.0126,8.0705,6.3149,7.8996,6.7926,7.602,8.418,8.4544,6.8344,8.379,6.3438,8.4397,6.5969,5.1691,8.4092,5.6622,8.4574,8.4647,8.4711,8.5052,8.4583,7.6705,6.695,8.4612,7.2594,7.6936,7.8851,7.5469,5.955,7.0004,8.4199,8.4242,6.3586,8.3954,8.3553,7.2699,6.8613,7.8442,8.9843,8.3495,8.38,8.4051,6.7118,8.3771,8.3938,7.8929,7.8681,8.3635,8.2719,8.3128,8.0669,6.431,8.1329,7.6806,8.3482,8.3546,8.4111,8.344,8.3597,8.3809,5.9952,4.7515,7.9523,7.6735,8.3268,8.333,7.9863,8.3233,8.3257,8.5112,8.1403,8.3029,8.9488,8.3051,8.0301,6.4902,7.354,7.6802,8.3149,8.3764,8.4008,8.0951,8.3194,6.3289,6.6968,7.3699,7.9875,8.2579,8.3228,7.2091,7.9369,8.3145,8.3356,7.252,8.116,8.2829,8.3299,8.2808,6.621,6.3502,5.5108,6.5241,6.0827,6.4174,6.4446,6.3782,7.2852,7.5715,7.0503,7.3619,7.3497,7.9455,7.9024,7.0828,7.2914,8.0533,7.9077,7.9894,6.8333,6.1863,6.043,5.9262,6.7535
15,8.7457,7.4417,8.9468,8.3175,8.3409,6.335,8.5307,8.4826,8.0313,7.9822,8.644,8.526,8.556,7.8094,8.1441,8.2879,8.8142,8.2755,7.2978,8.1944,8.2205,7.8391,7.9116,7.6961,8.2302,8.0123,8.2304,8.2584,8.2703,7.9801,6.1297,8.2338,7.111,8.314,8.3039,8.3231,8.3196,8.3281,8.4303,8.3433,8.3568,6.9714,6.5721,8.2797,8.3002,8.2918,8.2801,8.493,7.9442,8.4278,8.3959,8.3831,8.3647,8.3682,7.212,8.3548,8.3462,8.1494,8.3776,8.3849,8.3858,8.3769,8.338,8.3666,8.3407,5.958,7.4521,8.8681,8.1454,8.196,8.4774,8.5539,7.6867,8.5697,8.5886,8.5648,8.5175,6.3868,8.171,5.2889,5.5749,8.1409,7.8542,8.0146,6.7639,6.1153,5.4272,8.1317,8.15,6.638,6.5466,8.0468,8.1419,8.6843,7.9887,7.7661,6.3095,3.7585,8.3284,8.3863,8.4028,8.4211,5.9398,5.8782,8.7162,8.9336,5.0562,7.8936,7.3109,6.7868,6.7424,5.0334,7.6127,6.4848,3.6383,6.9376,6.1034,5.5669,6.9304,8.6657,5.7372,3.0836,8.3638,8.4244,8.4237,8.4467,5.3827,5.829,7.1061,5.164,8.748,7.4149,5.8873,7.0654,8.3542,5.7221,9.0366,7.3927,6.2642,5.926,6.3725,6.0995,8.5475,8.1943,9.2344,6.9871,8.4606,5.618,4.4441,5.1426,8.3145,8.1875,8.3626,4.8967,8.3553,6.0152,8.3586,6.4685,7.865,6.1969,8.696,6.6008,5.5121,6.9677,6.476,8.4491,6.0993,7.5277,5.3335,8.375,8.4098,8.4575,5.5852,8.3804,7.7542,5.1313,7.1966,5.1357,5.1411,8.1002,6.7048,7.1772,7.5215,8.7751,8.7478,6.0528,5.733,6.4127,6.8385,7.4178,7.5131,7.303,8.3987,8.4364,8.4548,8.4882,8.7317,6.1485,8.3917,6.8854,4.8414,5.0754,5.1907,6.5457,5.5156,6.575,5.9947,5.685,5.8647,6.2128,6.1767,6.2696,5.511,8.3308,6.2197,6.1379,8.4151,8.4426,8.4646,8.4798,8.6517,3.6014,6.1989,7.5595,6.0993,5.7486,7.2764,5.8429,7.5697,6.68,6.9275,7.8489,6.3976,6.821,6.1663,5.9649,5.354,6.2622,7.7874,7.775,7.9585,8.3182,8.3582,8.4015,8.4309,8.0977,6.8888,8.4335,5.536,5.2825,7.4738,6.4096,6.7855,6.7147,7.5194,6.0225,7.5491,6.225,8.0843,5.627,8.2698,7.4876,7.3585,7.2663,6.4308,6.6868,7.4537,8.3488,6.3284,6.7754,6.1171,6.0294,6.901,6.1176,6.811,6.6709,4.7996,5.9506,8.088,6.0244,6.4553,6.1074,7.399,6.9478,7.0121,7.2845,7.2021,8.2347,5.1813,8.343,8.3735,6.298,9.0473,5.6448,6.8286,6.2647,5.7469,6.7063,7.3346,4.5597,6.2301,6.4269,6.3571,5.8167,6.3358,8.7725,8.7403,7.2403,6.5045,8.4571,6.4774,5.9251,6.7412,5.7255,8.3637,6.0342,6.8164,6.966,3.257,7.5017,7.0844,6.2236,4.8288,6.3857,5.6254,5.5779,6.8185,5.9485,6.1432,6.0386,6.5207,7.395,6.625,8.4275,6.6569,6.9347,7.5487,5.7995,6.4942,8.4259,8.4467,6.1928,5.9957,8.6898,6.0637,6.0427,7.0926,5.0082,6.7985,6.0804,5.9824,6.1868,7.3649,6.9625,6.7647,5.8776,4.9772,8.3054,6.7822,7.2712,7.6995,7.4854,6.9758,6.3598,4.7213,5.8732,7.6641,8.4891,6.3424,5.4526,6.4217,7.4486,6.5149,6.903,5.1044,6.5366,6.289,6.9257,7.6798,2.9682,5.5694,7.4271,7.9906,7.3376,6.6145,6.6991,6.0757,7.7528,6.4161,6.5742,6.2419,6.1866,8.2917,8.6794,7.4759,7.0142,5.3963,7.2917,6.665,8.0301,3.6556,7.0697,7.2996,6.9378,5.601,8.3996,6.0075,8.5487,6.2627,7.003,6.7835,5.6775,7.2916,6.1365,6.1365,6.619,6.1304,6.8263,6.4003,8.6169,6.0101,6.2817,6.0794,6.6187,6.7038,7.0978,6.8141,7.4946,6.0934,8.411,8.4002,6.7651,6.8786,6.9711,6.9728,7.1568,6.7784,5.5573,6.3766,5.7583,6.7602,6.549,7.3557,8.1097,6.5756,8.4502,6.0632,6.5747,8.3807,8.3937,7.9246,6.8643,7.5507,8.4543,8.4379,6.9272,6.7122,6.3231,6.8581,6.8729,6.2085,6.5913,6.136,6.9372,6.4271,5.9707,7.0751,7.0063,6.7667,8.3999,5.5734,5.3343,6.9921,7.8566,7.4766,6.4081,6.8462,6.7896,7.7573,8.3417,6.0621,7.8441,8.2501,8.3703,7.6815,8.2038,7.4687,6.9478,8.3375,7.9815,5.9033,8.324,8.1589,8.3557,8.3392,8.3609,8.325,8.3901,8.5132,8.3511,8.3344,7.4517,7.5741,6.3297,8.3243,7.9875,8.3613,8.3783,8.3264,8.2075,8.3613,7.8438,8.2221,8.4202,8.1966,8.2667,8.309,8.3055,7.4622,8.287,8.2603,7.1082,8.323,8.238,8.3422,8.2747,7.9389,7.03,7.2818,8.2011,8.2874,8.3326,8.3351,8.2941,8.3285,8.3397,8.2811,8.2625,8.7214,8.3129,8.3207,8.2857,8.2168,8.3021,8.2881,5.0786,7.0801,8.205,8.2531,8.2384,7.2137,7.0334,5.7396,7.1671,7.9028,7.5656,8.0097,8.0782,8.2165,8.6989,8.1154,7.6736,7.983,8.1536,8.1394,8.1303,7.0983,8.1029,8.1333,8.0803,7.3965,8.0751,7.8202,8.0335,6.2418
16,8.836,8.0666,8.8458,8.3969,8.4303,6.7421,7.0597,8.3463,8.0981,7.5377,8.1114,7.2413,7.4615,8.3332,6.0999,8.2892,5.447,6.5976,8.1184,8.2319,8.2641,8.6907,7.0481,7.9182,8.6526,7.6492,8.3162,8.325,8.3719,7.8828,7.5911,6.27,8.333,8.3601,7.8592,8.348,8.3416,8.3528,7.7933,8.3154,8.3402,7.489,5.3006,8.2769,8.3175,8.2894,8.0475,7.9903,8.1804,8.4506,8.4342,8.4381,8.4843,8.5084,7.1851,8.3309,8.336,7.0193,8.2987,8.2741,8.2812,8.3033,8.3646,8.307,8.3367,7.4388,7.4185,8.8584,8.4039,8.2733,8.2688,8.7371,7.9703,8.4588,8.475,8.4893,8.5159,8.4815,8.5608,7.467,6.9301,8.4651,8.4945,8.5057,5.6188,8.4203,8.4472,8.5005,5.6433,7.1049,6.7267,8.421,8.4571,8.4603,8.5114,7.9359,6.6975,7.2308,6.0895,5.7573,5.6635,6.3503,6.2856,8.3813,6.282,6.2134,8.3502,8.4799,8.5047,6.4382,8.4789,8.4746,6.2014,6.3416,6.1729,7.0791,5.5345,5.931,6.7225,6.9616,5.7423,6.3745,6.362,8.4065,8.4399,7.5012,6.7577,8.4717,5.6374,6.6878,3.4306,6.95,6.5936,8.5885,8.5263,8.5655,8.5819,8.587,7.099,8.5206,6.8952,7.6097,6.6179,7.8254,6.7325,6.8168,8.3637,8.5247,6.9362,6.2652,8.4635,8.5148,6.837,8.4854,6.9715,9.05,3.3134,5.9265,5.9533,8.4474,6.6477,6.7196,7.3069,6.2543,7.8592,6.8893,5.3648,6.881,9.0077,8.3956,6.7193,8.3976,7.702,7.1621,3.5471,6.3506,8.4737,8.503,6.6916,6.9163,6.7704,5.596,6.5319,7.0538,6.7315,6.0261,7.049,6.8072,6.595,7.5774,6.0961,6.4797,6.9764,7.215,6.8684,7.8593,6.8704,6.6706,8.4122,6.161,8.4333,8.5452,6.9682,8.8105,6.7931,6.7559,6.152,7.0458,6.2621,7.0345,6.0568,6.5847,6.2078,6.1411,6.3412,7.5941,6.5451,7.4084,6.3237,5.9966,8.3803,8.956,2.3083,6.4515,8.3909,8.4154,8.7324,8.4019,5.6672,6.7553,6.9903,6.7649,5.9207,6.0827,6.1313,6.4833,6.3445,6.3522,6.2623,6.2664,6.4649,6.632,6.2426,6.0533,6.2316,6.2356,3.0483,6.2095,6.6299,5.948,8.9181,6.7268,6.2244,6.6287,3.2833,8.377,5.9497,6.3583,6.1239,7.9072,7.1793,8.326,6.7852,6.0794,8.3689,5.9856,6.2434,5.4773,5.9098,6.6123,6.7226,6.4966,6.7348,5.8906,6.7477,5.0784,6.9672,6.33,6.4621,8.3641,4.7755,5.1354,6.4422,7.7016,8.4702,6.8314,6.324,7.5661,7.0061,7.3046,7.5338,6.9114,6.0266,8.4084,6.7505,6.0666,6.7439,6.2498,6.0354,6.593,6.6244,6.0482,5.7124,8.2421,6.4776,7.0861,6.3916,8.057,6.95,6.2384,9.0794,7.53,6.7319,8.3583,6.7906,6.2201,8.2853,8.3677,5.0178,6.0931,5.6837,6.2631,6.5767,5.777,5.8441,5.7603,6.0429,7.1027,7.0398,5.8809,6.9038,7.8041,6.3099,6.3028,8.3194,6.4643,5.4634,6.0862,8.3308,8.3671,8.4157,8.4568,6.3136,5.7575,5.3457,5.6806,6.1965,6.0514,6.6172,6.4205,5.2344,6.1117,4.5051,5.4483,7.0732,5.5941,8.0119,6.245,8.1542,6.8606,6.1042,6.7174,8.3048,8.3545,6.3794,6.2858,6.1812,6.1075,5.6729,6.2477,6.2563,7.0621,6.9978,7.0683,6.8714,7.2247,6.7347,8.3392,6.6319,6.1828,5.867,4.161,6.6471,6.6736,7.1966,8.2867,7.1095,8.3167,5.4865,6.1692,6.6035,6.4717,5.6234,6.0163,6.9027,5.1005,6.241,6.7986,6.5694,8.7922,6.3132,8.3198,6.3261,8.3847,6.093,6.5488,7.1768,7.2777,6.5672,8.3575,3.9543,8.3434,5.9637,5.0142,4.3931,8.3297,4.933,5.7491,4.4668,4.1586,5.8538,8.2844,8.359,8.3813,8.408,8.4538,8.4745,8.4985,8.5141,6.1549,6.7343,7.1166,7.3264,7.2628,5.6007,8.3478,6.3596,8.4119,8.4389,8.4597,8.4649,8.4701,8.4813,5.5029,5.575,8.316,6.4195,9.0041,8.406,8.4391,6.2612,6.3816,8.4174,8.5036,8.0203,6.8798,5.6063,6.8421,8.1186,8.3555,8.359,8.4374,8.452,8.4529,8.481,4.0669,8.3615,8.2574,7.6923,8.3894,8.4287,8.4533,8.4364,8.4635,8.4778,8.4771,6.6903,8.3993,7.2881,6.9472,7.1097,8.3766,8.408,6.301,8.3506,8.4028,6.3022,8.4319,8.4895,8.4992,8.506,8.5091,8.5153,8.527,8.5173,8.5068,8.5101,7.1628,8.4347,8.4846,8.5121,8.5098,8.5322,7.1797,7.8215,7.9808,8.4144,8.4416,6.9875,5.5743,8.4359,6.4822,7.0192,7.497,8.028,7.4702,8.3691,8.3618,7.0226,8.3558,8.3844,6.6996,6.9474,8.3072,8.7051,8.3364,8.443,7.457,8.3104,8.2408,8.3437,8.3931,8.4153,4.9641,8.4332,5.0575,5.5192,7.4048,8.635,8.3445,8.352,8.339,7.1047,8.3675,8.396,3.8491,6.8646,8.2974,8.3245,8.2868,7.5467,7.4798,5.2653,6.8289,7.9486,7.6829,8.2551,8.1986,8.3306,8.7144,7.7479,7.3379,8.1464,8.2428,8.2157,8.1924,7.3337,8.2273,8.2294,8.3225,8.1753,8.2113,7.2936,8.1616,6.1391
17,8.7501,8.2659,8.3868,8.863,7.3862,8.3617,8.342,8.3646,3.4141,4.3722,8.0149,8.319,6.0034,5.4668,6.232,7.0506,5.6699,8.2152,6.0927,7.2925,8.3549,8.3237,8.1488,7.98,8.5732,7.7111,8.3233,8.3252,6.8971,4.6988,8.2638,8.2824,6.9052,3.8168,8.249,6.7186,4.1548,8.3705,6.7207,7.1663,6.5497,8.3905,5.7685,6.8668,8.2471,8.4095,8.4072,8.0668,8.4799,8.445,8.4599,8.4418,6.4816,8.4331,8.4084,8.958,6.568,8.4459,5.3668,8.933,8.4496,8.5075,7.9222,4.7423,4.797,4.8582,5.6945,6.9019,8.4945,8.469,8.4694,8.4872,6.4133,8.482,8.5014,8.503,6.6723,8.4083,8.4148,4.4371,8.2981,8.3315,6.0891,8.3381,6.9693,8.4516,5.2477,5.9336,6.9373,5.6872,5.9661,5.9075,8.3996,8.3949,8.4193,8.0347,7.5941,8.4245,8.4749,8.4524,6.2344,5.8599,7.7668,8.4309,8.4315,8.4912,6.5604,5.5489,8.4806,7.5711,8.5185,4.263,6.4366,7.0688,5.262,6.4472,8.4342,8.4486,8.4588,8.1237,8.1886,8.4942,8.4976,8.4773,6.2007,6.4803,6.176,6.8585,3.8296,6.5363,6.1636,8.5366,8.007,7.0447,6.801,7.015,5.2629,6.3789,5.959,8.4588,7.8668,8.4119,8.3388,7.6906,8.4894,8.6751,8.676,7.2181,7.1247,7.3226,5.7724,6.5021,6.2349,7.0256,6.9432,6.5146,5.849,5.4571,5.4566,6.5405,5.121,8.4082,6.1965,5.027,7.1772,6.8553,8.3718,8.4001,7.6083,7.9247,8.3989,8.3777,6.3199,5.8587,5.6611,6.5343,6.9208,8.2134,6.5795,6.862,6.8077,6.45,6.8251,5.9752,6.5229,5.8371,6.0429,6.3797,6.8681,8.3322,7.8545,7.9411,8.5548,5.6109,8.3971,8.1839,5.2691,6.0957,6.677,5.5069,6.8753,6.2918,6.1402,7.3656,6.9555,6.8721,7.6678,5.8711,6.3994,5.9875,6.1697,6.8123,6.0552,5.3876,6.2539,7.3076,5.6143,8.2895,8.3602,8.3648,6.6101,6.9414,5.5034,5.0405,5.0463,7.2985,6.3479,6.9936,5.497,7.3108,7.2628,5.7406,5.0382,5.2829,5.6579,5.2634,8.2937,8.3854,8.4079,6.5322,8.4399,8.4437,8.4747,8.2132,7.0069,4.9109,5.9371,5.2264,7.7211,6.888,7.3034,6.9621,5.968,5.5834,5.6025,6.0046,5.6744,5.9305,5.5064,5.5259,8.3399,8.3732,8.405,7.5869,8.4241,8.4537,8.446,8.4561,7.2855,5.2958,6.3408,6.5475,5.4201,6.2471,5.4136,6.7525,7.041,7.2973,6.9585,6.5753,6.0922,6.8172,4.7128,5.3241,8.3859,8.4109,8.4044,7.6114,8.4713,8.4467,8.4413,7.9563,6.0499,5.5782,5.7054,4.8948,5.9899,7.0817,6.8913,5.8062,6.7456,6.5282,7.2007,6.2802,5.2604,4.6617,7.3862,5.4069,7.2176,8.3171,8.3433,8.2934,8.3887,7.9118,8.4533,8.1155,5.4741,5.9151,6.1315,6.57,6.6569,5.9866,6.1783,6.1008,7.1034,7.1588,6.1079,5.8263,5.9633,6.3539,6.4724,4.8659,8.3683,8.3982,7.9328,5.5787,5.7935,8.4367,8.5825,8.0508,8.3909,5.6674,6.121,6.8647,6.2448,5.3732,7.5291,7.5154,6.1504,6.1667,5.7123,5.8471,5.3932,6.3179,4.5059,5.2255,8.3593,8.4032,8.3851,8.3673,8.4092,7.1129,8.1393,7.614,6.2377,6.2298,5.563,6.1653,6.0599,5.8883,6.7967,5.7322,5.852,5.3997,4.8349,5.5979,5.4963,5.9352,4.9941,6.8464,8.4458,7.8731,1.0317,6.034,7.4017,8.3593,8.2349,8.0326,5.8438,5.4004,5.3173,6.909,5.3326,5.8067,6.3731,6.4465,5.7252,5.7629,5.8757,5.9211,6.1758,6.4964,5.1811,5.4673,8.3592,8.378,8.3292,7.6761,7.1716,8.3194,8.3971,8.4031,6.5075,7.4597,5.1136,8.3463,7.5351,5.4511,5.6215,5.7557,5.6212,5.8909,5.2937,5.6701,6.7843,6.3686,4.9196,5.905,8.3609,8.371,3.6203,3.2631,4.964,8.3583,8.3921,8.4239,8.4889,8.4014,5.3764,8.3499,8.4524,5.1807,5.7639,5.1529,6.1089,6.7042,5.829,5.7192,6.5736,6.2152,4.764,7.7919,8.3573,8.3671,7.4913,7.6372,8.3412,8.3899,8.4012,8.3938,7.0716,4.6507,8.3269,5.6167,8.3876,5.7233,5.2496,5.3661,5.5501,5.6657,5.9711,7.2513,6.2048,7.8254,6.6281,5.0216,8.3662,8.3365,8.5618,5.185,7.4075,8.4377,8.4542,8.4367,8.4807,5.7242,8.4104,5.3822,5.7201,8.1037,5.7059,6.7079,6.1301,8.5828,7.086,1.9932,6.9342,7.5512,5.7878,5.5464,8.3534,8.3455,8.3304,8.3626,8.4036,8.7837,8.3862,8.3797,8.4712,8.4414,8.8113,5.8211,5.0186,6.2176,5.9505,6.4564,6.5418,5.5507,8.4262,2.4132,8.4533,6.3875,7.447,5.7061,8.3807,8.3512,8.6303,2.8882,7.5272,7.0598,8.3767,8.3641,6.8019,5.4399,5.9168,5.3844,5.5388,5.5482,6.038,8.3995,5.8899,5.8452,5.3534,6.2035,8.3594,8.4255,8.5504,5.2367,8.3488,8.3445,7.2213,6.6027,5.1149,7.1194,7.2551,6.6626,5.4112,5.6291,5.307,5.7952,6.0058,5.7809,6.6273,8.22,5.8405,5.694,8.2918,7.3685,6.109,5.8764,6.8607,5.7542,7.8667,6.975,7.5968
18,8.7188,8.1991,8.3386,8.305,7.7934,6.6723,5.6937,5.4697,5.2351,5.7077,6.0208,7.1273,8.4334,5.1965,5.4202,8.3078,5.539,5.2497,5.3207,7.5995,8.2629,7.5415,8.1451,8.0051,8.0913,7.7831,8.1693,7.6746,5.5748,5.9899,8.4424,5.7102,5.8175,5.7682,8.3861,5.7915,6.695,7.4511,5.4722,8.2169,6.0028,8.6101,6.6616,7.007,8.2001,8.2599,7.2439,8.2202,8.4279,8.3634,8.3721,8.3347,5.1763,5.423,5.9013,5.6998,5.3285,5.6039,6.1453,8.2896,5.9649,8.0821,5.9392,8.5056,5.5047,6.0408,7.2149,6.1936,8.2345,8.2712,8.2902,6.824,6.314,8.4082,8.4465,8.4376,7.7336,5.6075,5.5153,5.6009,5.4953,8.3393,6.6114,6.8213,6.1595,6.059,8.6917,8.3783,5.692,8.347,6.0633,7.0119,8.3382,8.3475,8.3929,8.3985,8.0693,7.6468,8.4138,8.1131,6.1766,5.8219,4.8832,7.6962,5.4864,5.6767,5.6551,5.7104,4.9065,4.6602,5.1008,6.4314,8.2068,8.2989,8.3345,6.6332,8.2408,8.2724,8.5208,7.4801,7.93,8.2785,7.0981,8.4389,6.7176,6.4741,4.4814,5.3962,5.2589,5.2457,5.8156,5.7403,4.4035,7.962,4.9415,8.0999,5.3887,5.7182,6.9407,5.724,8.21,8.1779,8.2265,4.8723,8.3484,6.8623,7.3983,8.078,5.7784,5.9632,4.9249,4.5989,6.2378,6.8515,5.9089,5.7434,6.0643,4.9437,8.2701,6.3628,6.9948,8.353,5.781,7.0568,8.245,7.7906,8.118,5.9066,7.2813,8.0781,8.3036,8.3213,5.8584,4.6898,5.1309,5.8039,5.2918,5.9893,4.4633,5.8168,4.7893,5.0198,8.0492,8.8323,8.2447,8.3004,8.3546,8.8391,8.2804,8.3257,7.3481,7.6772,8.0611,7.9145,8.3704,8.4229,6.3114,4.111,8.3992,5.684,6.0424,5.9863,6.4128,5.2051,5.1975,5.6348,4.8341,8.2207,5.3112,5.7104,8.3677,6.4137,8.223,6.1712,4.6475,7.8352,6.2692,8.1744,8.3647,8.0001,6.5413,6.8095,8.3898,5.8551,6.0673,5.3239,8.0597,6.3139,5.6154,5.1463,6.0599,8.8071,4.5582,8.4325,4.6494,5.6394,8.2539,8.3137,8.3274,6.6245,8.3431,8.4076,8.4332,7.6638,6.6244,6.1463,8.4191,5.8307,5.86,5.4865,5.2479,6.4204,5.9401,4.4414,7.1608,8.2766,4.9677,5.9965,6.1031,8.3241,8.3231,8.3474,8.3426,7.6607,8.3401,8.4006,8.4082,8.3844,6.0522,8.4033,6.2851,6.0197,6.0188,5.8313,6.0269,6.1713,6.184,6.3264,5.2205,5.8126,8.2379,5.495,5.5588,8.2194,8.3187,8.335,8.3049,7.7578,8.2445,6.4919,7.1339,8.4983,6.1799,5.771,6.2209,6.1705,5.8166,6.3318,6.1599,6.1595,5.8366,6.4916,5.2623,4.9546,7.1827,5.8296,5.38,6.9459,8.0536,8.2609,8.2784,7.5083,8.2042,8.2259,8.3596,8.4214,6.0482,5.5182,5.3445,5.547,6.1492,6.5072,6.274,6.157,6.4293,8.1047,4.8508,5.4484,6.1014,8.3225,4.9607,6.6107,8.3039,8.3265,8.2925,6.5467,7.7092,8.3532,7.1021,6.9594,4.3571,6.3867,5.6048,7.0826,4.8968,4.1618,5.944,5.7012,6.3779,5.9871,7.3835,5.9719,6.2952,5.101,5.1325,5.06,8.2406,3.1097,7.2346,7.8575,8.3034,7.8402,8.4649,8.0917,6.7167,6.8129,6.3227,6.5673,6.6016,4.9782,6.4676,6.5849,6.1306,5.9965,6.1567,8.144,6.4458,5.2033,4.1913,6.6767,7.3384,8.1124,4.8165,6.519,8.1658,6.6951,8.1445,8.29,5.898,5.2269,8.2476,4.7893,5.9583,5.3157,6.004,6.3401,6.5638,6.4303,5.8362,8.2706,6.5422,5.6402,6.2362,6.8684,8.2618,8.286,6.889,7.4027,8.1012,6.8114,8.3411,8.3631,6.6447,6.6692,7.3589,5.9415,6.603,7.9566,5.0069,6.1004,5.5425,5.6967,6.6178,8.2731,5.194,5.0764,5.7443,8.5454,8.278,8.298,7.0575,5.8116,3.896,7.7688,8.3251,8.3722,8.4209,6.7186,5.1521,5.443,8.3149,5.7735,6.0085,5.808,5.6058,4.1832,8.2588,7.2454,8.3327,5.089,8.3157,6.531,8.2597,7.8551,6.4796,7.938,8.2666,8.3217,8.3628,8.3678,6.7008,4.5105,5.3161,7.1171,3.6676,6.4951,8.387,6.3095,6.2883,6.6207,5.8117,6.3032,6.27,8.3291,5.6845,8.483,8.4612,8.3424,7.7359,8.0437,7.0896,8.3283,8.3689,8.069,6.6043,6.4932,7.6933,5.6318,6.04,8.3099,5.7173,8.2731,6.4395,5.5945,8.8727,8.282,7.2957,6.0492,8.338,6.6369,8.3316,8.3027,8.2713,7.278,7.8678,7.8571,8.3554,6.1263,5.7651,6.3423,8.346,6.1093,7.475,5.9686,6.5371,6.2462,6.047,5.4583,6.2126,8.2853,5.7586,6.419,6.5152,8.4652,8.2015,8.2889,8.4612,8.0951,6.6512,6.9659,6.7854,8.2965,8.3247,5.9799,5.8573,5.4025,6.7136,6.2841,6.0886,5.8825,8.2998,5.9723,7.6992,6.7031,6.0949,8.3309,5.8495,6.0461,8.2142,8.2332,8.0646,7.193,5.4051,7.2034,6.4189,5.8219,6.3997,5.7847,5.676,5.863,5.9375,5.527,5.8458,5.8669,5.8993,5.5902,6.3023,6.2649,6.6142,5.9784,5.2104,7.2687,6.7353,4.7217,7.1913
19,8.5977,8.5514,8.4523,6.5314,6.1023,3.8296,5.1099,6.3863,5.4666,5.9637,3.8527,5.3929,8.3239,8.4266,4.2625,5.5702,6.7723,6.6307,7.2922,6.1291,5.3594,8.5731,8.2783,7.947,8.5571,8.2248,8.5413,6.5998,5.8497,6.469,6.4113,6.1703,5.4912,8.3778,5.6017,4.9028,4.612,5.6228,8.3695,8.4174,6.2563,7.833,6.0667,6.9654,7.6061,8.4556,8.4431,7.9215,8.5208,8.5213,8.52,7.4798,5.6636,8.4447,8.5215,8.5958,4.9216,6.9274,8.3613,5.8762,5.7299,2.7479,8.4027,5.4725,6.6008,6.5165,6.5006,4.9649,8.4788,7.8343,8.516,8.5399,6.5124,8.5944,8.5746,5.772,5.5552,8.4351,5.5088,5.2693,6.631,8.1924,8.4003,3.9659,4.704,8.2889,3.4076,6.6806,6.8432,5.7488,6.8927,5.3198,7.0305,8.4115,8.4625,8.7014,8.5994,8.575,8.5582,5.1457,8.5003,5.4421,5.4022,5.0259,6.4613,5.6633,3.917,4.8223,8.399,8.3913,8.6694,5.9933,6.0434,5.7394,5.7454,5.883,6.6873,8.3792,8.4448,7.5015,7.8163,8.5534,8.5843,5.536,8.3656,6.0561,5.4181,5.4696,4.4919,5.8615,7.4621,3.5365,8.0097,7.7995,8.2257,5.2626,3.9387,4.2413,5.5846,5.584,8.4205,8.4394,8.521,6.0516,8.5504,8.5924,8.5935,6.1216,6.1248,5.2792,4.9718,8.2927,5.5958,4.8134,5.8082,7.7644,6.2514,7.6734,7.5885,5.283,5.2987,5.3831,5.4925,5.5531,5.8248,8.3714,8.6554,3.8724,7.1045,7.5224,8.4962,7.0078,6.9475,5.2512,5.4116,6.0781,4.4034,5.7493,6.9541,7.0478,6.2207,5.4223,5.9073,4.6899,6.6635,4.7146,5.6189,5.0785,4.5777,8.3995,8.4293,7.0916,8.4892,7.7588,8.4825,7.8529,8.1116,6.5513,7.6313,5.9971,7.1415,5.5194,6.3178,5.9459,5.9759,5.9598,6.4005,5.9157,4.7655,5.7448,7.5871,6.6256,6.58,8.3874,8.4328,6.8289,7.5357,8.3782,8.0289,5.8042,6.6466,7.3183,7.5007,5.9984,5.8212,5.6479,6.5813,6.4097,6.2102,5.387,6.6377,5.4313,5.4117,5.7959,5.7614,5.647,6.9884,8.3613,8.4072,6.851,7.101,8.5105,5.5079,6.335,5.3443,6.5573,6.0114,5.9726,5.8427,4.2476,6.9042,7.3164,5.4055,6.0713,7.8568,7.4272,5.8642,8.3998,6.8766,7.3567,6.1595,8.3205,8.4013,8.4329,8.4471,8.4999,8.4807,5.899,4.919,5.4326,6.0099,6.66,6.0993,1.7232,6.9303,5.0402,6.3568,6.1959,4.9689,6.1967,6.8763,8.3802,8.4634,7.4743,5.5186,8.3839,8.4233,8.4946,7.5556,8.0418,5.6222,5.6524,5.5581,6.2864,6.3184,6.9067,6.6233,6.7071,5.2926,6.3289,4.2182,4.8277,7.6543,7.7208,5.4801,8.3872,6.7006,8.4759,7.0211,8.4635,8.4929,8.5932,8.4991,8.5239,8.1876,5.7716,7.5147,6.9053,6.431,6.0892,6.3146,6.4774,5.7034,6.1721,6.6031,6.0931,5.5721,5.0319,8.4414,8.4725,7.0611,5.8805,6.7188,8.4602,8.4803,6.2982,5.9446,8.4907,8.4767,5.9596,6.1565,6.399,6.0273,5.0484,6.3801,7.1938,5.486,5.837,6.0536,5.5594,5.8317,5.8747,9.0251,8.4612,5.3671,5.5663,5.8246,8.3921,7.1756,7.9913,8.3743,8.4517,8.4779,7.6454,5.5562,7.8949,4.9712,6.0146,6.6067,5.7122,5.9585,4.3122,6.1481,6.8207,5.6195,7.1335,8.8299,8.5429,6.473,4.787,7.1821,8.4321,8.4745,6.4453,8.1287,8.4238,8.4373,5.9434,5.6885,5.6138,7.9353,6.401,6.1651,5.4298,6.2918,6.6851,5.8868,7.3439,7.296,4.5185,9.0445,5.9177,6.2008,8.4317,8.5178,8.4426,8.4619,8.2907,7.8919,8.4274,8.4469,5.6236,6.3093,6.8071,5.8848,7.0596,6.5447,7.3388,4.979,7.2987,6.4727,5.7368,5.4994,6.3833,8.8297,5.1964,6.5567,6.618,8.5271,8.449,7.3862,4.0867,4.2658,8.3537,8.4539,6.1717,7.0932,7.0273,6.8271,6.4491,6.6301,6.6374,7.2804,6.5253,6.6206,6.9858,6.035,7.1735,7.1722,5.1608,6.2892,6.6003,6.7775,8.411,8.2442,7.583,8.3354,8.4113,8.219,6.6369,6.5344,7.6453,6.4802,6.5534,8.4254,6.5284,6.116,8.243,5.9598,6.4793,7.5582,7.1268,5.4978,6.7279,4.908,6.5593,4.6233,8.3305,8.3476,7.811,6.7838,8.4378,8.4627,6.4625,5.9329,5.7407,6.3588,6.3082,6.0905,5.831,6.8103,6.5029,7.6799,5.5851,7.2727,7.1635,5.8135,6.2964,6.1904,6.7274,7.1702,8.3717,8.4035,8.4381,8.0596,8.3919,5.2808,6.3441,6.8672,6.395,6.1327,8.3919,6.1183,6.259,6.5209,6.4089,6.0197,5.2551,6.359,6.3986,7.3316,7.2118,7.209,8.1636,7.0971,8.3769,8.3711,7.3869,6.6904,7.3265,8.3803,8.175,7.5924,6.4485,5.3952,6.363,5.8274,6.5567,6.8275,6.6544,4.6306,6.3297,6.3188,7.8248,6.7777,6.8212,7.4408,7.4159,6.4949,8.3471,7.181,6.6322,5.6166,5.4715,6.3862,5.492,6.5956,5.0296,5.5964,5.3131,6.3165,6.2255,6.3941,6.4893,6.0988,6.3288,5.9352,6.8084,5.7962,7.16,6.3309,6.0973,7.3243,5.5358,5.656
20,8.7956,8.5476,8.3425,8.3074,8.3479,7.8503,7.6012,7.9755,8.4933,7.5825,8.6356,7.5002,7.7538,7.8763,8.3853,8.2787,8.3003,7.604,8.1154,8.2575,8.266,8.5064,8.1026,8.1362,6.7342,7.9176,8.2059,8.2144,8.2568,8.3177,8.3002,8.288,7.4193,8.3057,8.3071,8.3238,8.3225,8.3231,8.3827,8.3099,8.3188,8.3966,8.2711,8.3273,8.3274,8.3492,8.3267,8.0866,8.2412,8.3855,8.3696,8.3587,8.3784,8.3733,8.2414,8.3401,8.3607,8.357,8.3632,8.3687,8.3702,8.3732,8.3757,8.3613,8.3523,8.0296,6.0619,8.7371,8.145,8.1955,8.5731,7.9074,7.0979,8.193,8.423,8.4554,8.4568,7.5359,8.278,7.0002,6.6686,4.6559,8.2745,8.1625,8.2164,7.2327,8.0605,8.1852,8.2122,8.1651,6.9666,8.2086,8.2316,7.7433,8.0053,7.3955,8.6882,6.5287,6.4326,8.3084,8.0769,8.0984,8.3874,6.6354,7.1638,7.6062,8.3644,8.3902,7.8791,8.3842,8.3979,8.3901,8.4235,8.4351,6.3638,7.9002,7.2566,8.4167,8.389,7.5867,6.2831,6.5265,6.96,7.937,7.5422,7.6517,6.0252,7.1132,6.9158,8.4713,8.4374,8.4193,8.4456,8.4222,8.5407,8.4012,8.4632,8.4682,7.1378,6.6979,5.4597,6.033,7.5015,5.8273,7.0738,6.9845,7.8971,7.8344,7.8973,7.7908,7.9605,8.5088,6.8363,6.9771,6.5974,5.95,7.1575,8.4567,8.5712,8.3719,6.1928,8.384,5.5098,5.1358,6.0305,6.5276,6.5147,6.324,7.8073,6.1099,7.1257,7.4068,7.2636,7.1455,6.6949,6.7011,5.7375,6.3945,6.5372,6.8137,6.9528,7.3943,7.6089,5.378,7.0833,8.344,7.5423,6.3678,5.6023,6.7977,6.5159,6.7674,6.3604,6.3499,6.5457,6.3451,6.5685,6.5977,6.7672,8.2721,6.4903,5.9524,5.5153,5.9567,6.1842,6.2434,6.8813,7.1298,7.8983,7.0413,7.7229,7.1464,6.0657,8.076,7.4812,7.3066,7.0611,7.7051,6.8082,5.996,6.2269,6.3161,5.9531,8.2599,5.6538,6.9069,5.377,6.4192,6.4163,5.455,6.4952,6.7725,6.8241,6.298,4.4871,6.1919,6.7215,5.4173,5.3783,7.5154,7.9496,6.4906,6.383,6.0172,6.1444,6.119,5.7653,6.7393,5.4425,5.2827,5.9816,5.8777,6.1866,6.3487,6.243,6.8857,7.6328,7.501,7.179,6.2351,5.3451,7.8274,7.6386,6.715,8.6715,6.6604,6.8543,6.5493,6.5569,6.231,6.1817,8.2999,6.2678,5.9265,5.2159,5.396,5.8507,6.8531,6.3846,7.1406,6.5976,7.2811,5.6451,6.588,5.5525,7.2093,6.6411,5.3204,7.2824,5.8219,5.3307,6.1912,5.8881,5.3833,7.03,5.088,5.2959,5.3767,6.9254,6.7912,5.4972,6.7466,6.599,6.6171,5.7592,6.166,5.901,6.5304,5.893,6.9087,6.8765,6.8254,6.2503,7.2457,8.3243,6.8003,6.2331,5.9979,7.0826,7.2121,8.5298,6.2993,7.6737,6.6843,5.1061,7.249,5.4715,6.7649,7.1408,6.7166,6.4335,5.563,6.2133,5.7706,7.074,5.7499,8.274,8.178,7.042,8.3724,6.7975,6.8347,4.8761,8.1944,6.3348,8.2417,8.2629,6.7409,5.1569,5.8754,5.9472,5.5594,8.3939,6.2872,7.1034,5.5691,4.9633,6.6536,6.8728,5.9539,8.1486,5.9813,7.0626,8.2738,8.2979,7.0719,7.5628,8.3174,6.8938,6.797,6.6201,6.8354,6.1846,7.0953,5.9563,5.4611,8.3552,6.107,6.1085,6.7314,5.921,7.9812,6.3769,7.3682,6.3098,4.3274,8.3416,5.2431,4.8087,6.9257,6.4419,8.2966,8.3287,8.3327,8.3738,6.3625,8.349,8.3665,5.2941,4.9087,4.3687,5.6981,6.473,6.2466,8.3082,8.3027,6.1137,6.1322,6.4074,8.2145,8.2845,6.534,8.31,5.5065,5.8424,7.1607,8.2767,5.3914,7.2835,6.7451,6.2483,8.2642,8.3131,5.5855,5.4821,5.8761,4.9652,5.6891,5.5128,6.164,6.2283,6.3482,7.2143,7.6976,8.3794,8.3026,6.0296,5.9475,7.3052,8.3276,5.6602,6.4523,8.2015,8.271,6.3422,5.9266,8.2964,7.934,5.789,6.9399,7.2816,7.1137,5.3016,7.0069,6.9737,6.392,7.3989,6.6801,8.245,8.2737,8.3078,8.2893,5.3518,8.244,8.338,8.1716,8.3443,8.3493,6.4619,9.0418,8.6826,8.3638,8.381,8.3711,6.1293,6.4128,8.3162,8.263,8.3874,7.0432,7.9598,8.4498,8.4808,8.4424,8.5876,8.1326,6.2449,7.4008,7.1807,7.3896,8.3796,8.405,8.3976,8.4005,8.3942,8.3706,8.3768,8.1903,7.4151,8.3428,8.3365,7.4138,8.1927,6.4732,8.1756,8.3487,8.3847,8.3862,8.4057,7.7561,8.3747,7.7105,7.8502,8.2357,7.5376,8.3398,8.3454,8.349,7.7615,8.3116,8.3308,7.9277,7.4238,8.32,8.3226,7.5505,7.792,6.7855,7.7829,7.779,8.3035,8.3608,8.3762,8.3952,8.3621,8.3669,7.7546,8.3591,7.7769,8.3387,8.3397,8.3372,8.2607,8.3357,8.3473,7.0398,7.7118,8.2066,8.2929,8.1736,6.9842,7.1781,6.1595,7.2411,7.7445,7.5641,7.9449,8.0355,8.1917,8.2613,8.1607,7.0489,7.9381,8.0934,8.0631,7.9129,6.8554,7.9963,7.5861,8.2226,7.1972,7.815,7.1392,7.2482,6.7963
21,8.7161,8.2118,6.3916,8.5088,7.3415,7.6882,7.2209,6.4133,6.0315,6.3908,7.155,5.3791,5.1168,6.1735,6.3249,6.5873,6.4706,6.4059,5.2929,4.701,8.3581,8.5422,7.3632,8.0,7.8134,8.9154,8.4374,8.465,6.4203,7.027,6.3393,5.5889,7.5076,6.1491,6.9027,5.8629,6.0785,6.247,7.1146,6.3057,6.3558,6.3131,6.5184,7.0451,8.4595,8.4471,8.4635,7.5947,8.5845,8.528,8.5379,8.5228,5.6257,6.6673,6.1459,6.0844,6.137,5.7288,6.9522,5.9314,6.3393,5.8826,6.3548,6.6666,6.2529,7.0909,6.354,6.8219,8.4269,8.4617,8.47,8.5384,6.6104,8.6493,8.6621,8.6149,5.9133,5.5791,5.4677,5.0831,6.3629,7.0902,5.8545,4.7765,5.3721,5.4945,6.4366,4.8069,6.4065,4.4934,4.9058,5.9278,8.4779,8.5067,8.5096,7.5238,7.5685,8.7081,8.5669,8.572,4.9939,6.08,5.7987,5.7502,5.9311,4.619,6.1309,5.0971,5.5236,3.9831,5.6045,6.2518,6.2515,6.5633,7.1514,6.4258,8.2197,8.4907,8.5553,7.8647,6.6104,8.4953,8.5484,8.5272,4.5356,5.8666,6.1732,5.2174,6.146,5.3805,5.7363,5.5945,6.7549,5.7849,6.4458,6.0641,7.1881,6.4373,6.6107,5.4591,6.9748,8.4955,8.4479,7.7004,8.517,8.5782,8.0694,8.5261,5.017,5.2203,5.5702,4.7396,5.8338,5.6908,6.123,5.4499,5.9038,5.0397,4.6835,5.3598,6.6217,5.406,6.3225,5.4334,6.9678,6.9611,8.4413,6.6159,6.9137,7.1095,8.3891,7.9062,8.0952,4.9198,6.0367,7.0922,5.3236,5.0249,6.0485,6.2881,5.5029,5.9975,6.5754,8.459,8.5542,6.7267,7.7032,5.7983,6.5287,8.6384,6.6871,7.3762,8.5985,7.3297,8.3767,5.3287,6.102,5.7907,6.5637,5.0557,5.0484,5.0241,5.6124,5.3812,6.1576,6.6584,7.2315,7.5055,6.9355,4.8783,6.2796,5.5231,7.46,8.5638,7.282,7.1285,7.7289,8.0964,8.5086,5.7736,5.6788,4.4951,5.837,7.8893,6.3963,6.4462,6.835,6.6046,7.1299,6.9273,8.41,6.7223,5.7913,5.8206,7.941,5.0941,8.2927,8.3077,8.3497,6.2084,8.5577,6.391,6.7083,6.1385,4.9274,8.0968,5.4674,8.4049,5.3372,6.2207,7.4014,8.3712,6.5781,6.9435,5.6197,8.6061,8.395,8.4722,6.5949,7.5045,8.4128,8.3973,8.4349,8.5139,8.5488,8.5228,8.5156,7.4403,5.4187,5.0574,6.5256,4.7149,5.6735,6.5597,8.521,6.622,6.7224,6.4274,8.4352,8.4203,7.1686,8.51,5.1988,6.4438,8.4279,8.4242,8.4314,7.3441,7.7317,8.4845,5.0894,6.0317,6.094,6.9843,8.4212,6.8366,6.8221,8.4437,6.0519,8.5065,6.8239,8.5118,8.5699,6.6813,8.4473,6.6214,7.161,5.7871,8.498,8.4625,8.4472,7.5176,6.6668,4.5506,8.4752,7.9398,7.6866,4.3823,8.4368,5.4687,5.66,8.5107,6.1974,6.307,5.9664,5.968,5.5649,8.3563,5.63,5.1599,6.3558,6.6286,8.3951,8.3782,8.4404,8.0332,6.9094,8.4262,4.5491,5.1716,8.4525,5.1011,5.7075,6.0969,6.5064,8.5413,4.8442,4.5438,5.0953,5.5852,3.836,5.1408,8.4697,8.5172,4.7163,5.2921,8.4352,8.3932,8.3939,8.3951,8.5603,8.4896,5.7575,5.4513,7.2072,5.1436,8.5021,5.3345,8.3882,5.9216,8.4916,6.5675,8.5343,4.6636,5.5069,5.4335,4.962,8.4531,5.5469,5.4959,7.2268,5.731,8.2588,4.703,5.596,8.3455,6.2358,8.394,4.8972,4.8772,7.9868,8.4948,5.3148,6.329,8.3075,5.7122,6.2737,4.9136,5.6039,5.5645,5.1248,4.209,5.0855,7.4572,8.1753,8.2439,8.5304,8.2942,7.0485,8.6332,8.3579,8.3699,7.3782,5.9481,5.4299,8.6372,8.4914,7.102,6.6457,4.488,4.8609,5.5047,5.7761,5.6615,4.4462,4.4687,5.3908,5.35,8.1476,8.2421,5.7971,4.531,2.6193,8.3124,8.3669,8.4154,5.8841,8.437,8.4155,5.7839,6.0179,5.7984,5.9856,5.8555,5.5291,6.1791,5.4613,6.026,5.972,6.8181,5.9292,5.6689,8.1147,8.1877,8.1215,7.5939,8.2598,8.3312,8.3736,8.3973,7.4198,5.8468,5.7824,4.7793,6.1845,6.318,9.0529,8.3376,5.5254,4.9192,6.4289,4.2676,5.0693,6.4478,5.2324,5.057,8.7754,8.3295,8.5159,6.6011,2.7731,8.2672,8.3518,8.3863,6.6944,8.4426,7.9351,8.4866,6.1714,8.4117,5.8305,5.902,5.862,4.9256,6.2299,5.246,5.8593,6.2192,5.9605,6.2469,8.3709,8.3181,8.3204,8.3797,8.0198,8.5618,8.3894,8.4245,8.4857,8.4829,6.878,8.3885,5.7419,8.4349,5.4617,8.4158,5.6189,6.072,6.0098,6.7439,6.6411,5.9772,8.4362,4.3861,8.7311,8.3183,8.5595,6.6224,7.7068,7.7026,8.4075,8.3627,5.525,5.9902,8.4153,6.2329,8.4596,6.1058,8.4508,8.5108,5.6431,5.8075,5.8346,4.8673,8.0926,6.3458,6.3339,5.0038,8.2486,8.2525,6.9338,6.4372,6.0773,6.6333,5.4437,7.0003,4.9658,5.2434,5.9021,5.9375,5.9091,5.7266,6.1836,7.2973,5.9333,5.4485,6.4904,6.168,8.2178,5.1001,4.6687,6.6318,5.8462,7.6625,7.4332
22,7.9753,8.3073,8.3124,8.3446,7.8011,7.2838,5.7077,6.0941,5.3157,5.0495,8.179,5.9778,6.9792,8.2548,8.3142,8.3379,8.3648,7.3888,6.884,7.2505,8.2989,8.2975,7.6213,7.8342,6.8836,7.9647,8.3913,8.3956,8.4328,6.2586,5.9549,8.351,5.741,5.572,5.4513,5.6839,6.5852,6.4079,8.3304,8.3776,7.3577,7.1088,6.1194,6.6033,8.3082,8.3171,8.3212,7.8034,8.335,8.3992,8.3852,8.3962,8.4191,6.4815,5.2298,7.2092,8.4339,6.804,5.7553,5.6498,5.4811,7.0833,6.7967,6.3569,5.6095,6.8933,6.6015,6.2188,7.8535,8.3553,8.3709,8.3819,6.0935,8.2811,8.5066,8.3321,8.3698,5.9626,6.3536,8.3918,6.3202,7.0016,5.2243,5.6292,5.1398,5.8141,8.2968,5.2154,7.2222,5.9771,6.6684,8.2839,8.3057,8.3469,8.3579,8.1762,7.5512,8.3787,8.3685,8.3963,8.4123,4.9682,5.8554,7.9293,6.4969,6.2009,7.6826,7.4091,7.6877,7.1116,5.9407,7.5909,7.0119,6.1764,5.5469,8.3746,8.3746,8.3747,8.3776,8.1827,8.1311,8.3703,8.3912,8.3948,8.3992,6.1318,6.286,6.7139,6.3227,6.0883,7.3893,7.1913,7.0451,6.0476,6.1765,6.8451,6.703,5.2348,6.0337,8.3182,8.329,8.3372,8.309,8.1061,8.3465,8.3962,7.6158,8.3998,8.4276,5.8268,6.3607,6.0627,6.0117,6.4507,5.6196,7.124,8.4764,7.7189,6.1683,6.5045,5.3745,5.5675,5.0039,8.2005,8.3289,8.0108,8.431,8.0049,7.9485,8.3554,8.3485,8.3603,8.3879,5.9642,8.0834,7.6682,7.6458,8.0449,8.292,7.8518,7.6363,7.4702,7.2296,6.9322,6.6301,6.0802,5.2044,7.4172,8.1503,8.1972,8.1669,7.6031,6.6803,7.5356,8.2724,7.5285,8.3234,5.3174,5.5653,4.2463,5.1039,5.4723,5.114,6.1285,6.5556,6.4307,6.3386,6.309,6.3742,5.728,4.4543,5.9346,8.1479,8.1753,8.1652,7.3851,7.0375,8.2295,8.1973,7.9692,7.0689,8.3494,6.0563,5.1993,6.6091,5.6036,5.1484,6.2201,5.5658,5.5832,7.5013,6.2841,6.5123,4.2268,4.6036,5.6308,8.2095,8.2417,8.2504,7.3955,7.9523,8.269,8.2756,7.2802,6.912,5.5526,5.6693,6.6588,5.632,6.1006,5.7477,5.8688,5.5466,6.6957,6.188,6.6676,5.757,7.0074,6.3058,6.9318,8.2481,8.2555,8.2746,8.2113,8.2458,8.2884,8.2958,7.533,8.3197,4.8414,6.4208,5.6629,6.4507,6.1987,6.3315,5.5291,5.5114,6.6876,6.1757,8.0575,6.2209,7.1547,6.4456,7.5363,8.2474,8.2713,8.2706,8.2315,8.1795,8.2678,5.7788,6.3331,8.2138,4.6039,5.7739,6.2274,6.2414,6.3168,6.2636,6.4653,6.3261,6.1341,5.8099,6.5774,6.5784,7.4114,6.3584,5.7385,5.4183,8.2535,8.2669,7.4135,8.0777,8.3004,5.099,5.5763,8.3101,6.7618,5.9478,5.4003,6.2981,5.7113,5.9463,6.1557,5.294,5.3199,6.6473,5.5054,6.1445,6.459,6.2568,5.9901,8.2471,8.2767,8.2884,7.3845,6.3867,8.3536,8.3575,8.3428,5.6665,5.8838,5.8708,6.3453,6.5955,6.469,4.7539,5.917,6.2396,5.9539,5.211,7.2248,7.3522,6.3059,5.8222,5.843,8.1877,8.812,7.4952,7.3163,8.1967,6.4566,8.2696,5.3409,6.6167,6.0816,7.4147,7.0426,6.2375,8.2712,8.2929,8.3798,5.4458,4.5927,6.0134,5.2648,5.795,6.5654,6.1793,5.0538,5.7565,8.2142,5.9988,7.546,8.1956,8.3072,5.0592,8.3276,6.1577,5.5412,6.4715,5.9604,6.2324,6.8171,6.6996,6.8111,7.3683,7.7031,8.1293,7.3979,6.9513,6.11,7.2417,6.1099,8.0817,8.2067,6.0131,7.7317,8.0453,8.1987,8.2345,8.2508,5.9742,5.5066,8.2287,7.1514,6.8479,7.6917,7.871,6.8752,5.7837,7.2411,6.2022,7.2905,6.5186,7.8111,6.8678,6.3001,8.1672,8.2093,8.1179,7.3398,6.3228,8.2665,8.2553,8.2718,8.3029,7.0725,6.3593,8.0557,6.9662,7.087,7.2333,6.9572,5.6521,7.0176,8.2619,7.3198,6.7164,7.6168,7.3672,5.9914,8.2215,8.2352,5.7112,8.1603,8.1518,8.2614,8.1933,8.2627,8.3133,6.2957,6.3279,6.2852,6.8095,7.1101,6.902,5.2925,4.74,7.0594,7.347,6.4149,6.7232,8.2132,8.3335,8.2465,9.0162,8.2653,8.2474,7.0421,7.7687,8.2679,8.1828,8.2441,8.3528,5.6703,8.2322,6.5188,8.2735,5.2291,5.252,5.4673,7.2723,7.2716,8.1842,7.7102,8.2897,6.8803,6.9732,5.9647,8.5839,8.2391,8.2396,8.2462,8.4564,8.1997,5.7535,8.1914,8.2695,4.8241,6.6862,8.1826,5.0664,8.1882,5.2614,5.4563,6.4768,6.0902,6.6943,6.6111,6.3123,5.4948,6.0525,5.401,8.9739,8.1238,8.0965,3.7617,7.908,7.8577,8.2597,8.2875,7.8403,6.1203,5.4312,5.2079,5.8701,5.0101,5.849,6.0796,6.3544,6.2183,8.5358,5.4723,6.7495,6.1237,6.6631,7.3509,8.1199,8.0889,7.137,6.8832,6.4014,5.0277,6.3324,6.1203,6.3881,6.4049,7.7053,5.3551,5.1858,4.8431,6.2174,5.1496,5.9994,5.7386,4.4645,5.8065,6.4155,5.8164,6.8421,7.4025,6.7968,6.9444,4.9069
23,8.6944,8.3929,8.5049,8.4142,8.4334,8.761,7.3193,8.2998,8.3803,7.2444,8.6921,6.7064,6.6484,8.8144,7.4187,8.2984,6.8474,6.9059,7.9848,8.2391,8.2248,8.3495,7.1381,7.7588,7.1267,7.7672,8.2789,8.2902,8.3098,8.3116,8.3192,8.3119,8.3006,8.3551,8.3425,8.3494,8.3464,8.3551,7.9875,8.3293,8.3366,7.1985,6.5323,8.1953,8.2465,8.2394,8.2131,7.8706,7.7929,8.4368,8.4205,8.4006,8.3832,8.3777,6.7984,8.1589,6.4534,7.3376,8.0521,8.1536,8.2044,8.2266,8.2201,8.2584,8.2659,6.327,5.4062,8.0805,8.1345,8.1293,8.0891,8.2159,7.5166,8.6688,8.4154,8.4395,8.5564,7.3277,8.3155,3.0972,7.1986,8.1535,9.0394,8.278,7.0114,8.7246,8.2314,8.3072,8.4267,8.0056,7.6556,8.2299,8.2651,8.2419,8.1225,7.3588,7.9118,5.125,5.6645,4.1923,5.3747,6.9889,3.4034,4.0047,8.3659,5.7648,5.3325,5.8293,5.4302,8.3633,8.3823,8.3875,6.3515,6.7723,7.1876,7.5888,8.3936,6.196,6.6334,7.5895,3.909,5.985,3.8452,4.9011,4.6314,8.4113,5.9927,3.4191,4.4612,3.5292,8.4312,8.4616,8.4749,7.6416,4.417,4.4363,4.418,7.1905,8.31,8.9174,6.91,6.9949,8.4831,5.1378,4.821,7.3025,4.4362,4.8815,5.5938,5.2241,5.6809,3.3724,5.4937,5.1302,8.8108,8.4796,6.0558,7.456,7.6497,5.6628,8.4874,8.524,4.548,8.5041,8.4744,8.5073,8.499,6.2756,5.3152,5.7104,6.2564,4.2036,4.1304,5.3935,5.2792,6.3039,4.9386,8.4684,3.7861,3.2394,6.1183,6.8706,5.8814,8.1373,6.618,6.6911,8.513,8.5241,8.5189,8.5023,8.8954,8.549,6.4031,6.1555,7.1301,4.47,4.2101,4.6047,5.947,5.6234,6.3049,4.6947,4.9002,5.5928,5.701,7.7321,8.3065,8.4963,6.1296,6.9945,4.0479,6.2296,6.6531,5.1026,6.0647,8.4219,5.2894,6.4581,5.9716,6.5734,5.646,7.4261,5.3514,5.2901,6.1587,3.7346,6.7097,7.2075,7.0081,6.0272,7.4438,8.5919,8.771,6.3624,6.9818,8.4336,6.9949,6.1596,6.6745,6.7396,5.3938,6.4318,7.3293,8.1841,6.3407,6.2101,8.0927,7.4994,5.0168,5.7379,5.6356,6.1641,7.7638,8.1035,8.0069,5.9563,7.3924,7.7472,7.1852,7.8441,6.5268,7.1287,6.1894,6.5699,6.4821,5.7265,5.8846,5.0791,7.1938,4.2894,6.1686,4.1277,6.2094,5.4618,5.9271,5.2172,6.1497,5.9159,5.0574,5.5564,5.0186,5.7645,5.9162,6.7104,5.789,6.3394,5.9045,5.7487,5.9534,5.7038,5.1422,4.8599,4.459,5.1296,3.4283,6.5986,6.2761,6.4765,6.718,7.4616,6.0308,6.4012,6.4122,5.8551,6.3761,8.8557,6.1899,7.427,5.9962,6.1133,5.8103,5.8338,6.6325,4.9806,7.4008,4.7048,5.1713,5.5754,6.5797,6.8679,6.8101,6.6326,6.3884,6.1533,5.6948,5.9306,6.1664,8.3028,6.4147,5.8973,8.3186,5.8847,8.3541,6.9615,8.4223,8.4428,4.9123,6.0856,4.9629,6.4803,7.1484,6.3241,5.711,5.406,6.7351,6.4652,6.1654,6.2566,6.0047,6.7545,8.3136,5.9788,6.3006,8.3882,8.4239,6.3361,8.4383,8.42,8.4549,8.4673,7.3495,7.3458,6.4451,8.5029,6.1861,6.3935,4.5809,5.9122,7.1029,7.0891,6.466,6.1462,5.8665,8.4161,6.0567,5.81,5.9597,5.9557,5.8016,5.7228,8.4617,8.4672,6.8319,5.3467,5.6079,6.5961,6.3141,6.3557,6.1364,6.4958,6.314,7.2069,7.024,6.8045,6.4156,6.3872,5.7594,6.1915,7.7721,7.1024,5.9404,6.1622,5.7832,7.4119,6.0706,7.4547,6.3633,6.5951,5.7503,6.8129,6.3973,7.1102,6.8452,5.9615,6.3134,8.5594,6.4874,6.9351,6.3976,6.3283,5.9886,7.8527,6.7037,8.3051,5.3415,4.6582,8.4237,8.7606,8.5103,8.5086,5.7313,6.2068,7.1942,7.4569,7.0969,6.1511,8.1905,5.512,5.7602,6.4634,6.275,6.6978,7.0196,6.5592,7.2818,7.13,7.0259,8.3589,6.8502,4.5925,3.6272,5.1469,6.1397,8.4183,8.4186,8.4566,7.6987,6.1238,5.5235,6.1182,6.1235,6.4739,7.1217,4.8614,6.7705,6.2985,7.2424,7.0323,7.6215,6.5851,4.157,7.61,5.2593,6.8073,6.1174,8.5052,7.1201,6.6669,6.7785,7.2279,7.948,8.4896,8.4832,8.5068,8.5172,7.3722,7.7709,5.4298,7.8353,6.2699,7.8784,7.3157,7.4769,7.5942,8.4219,8.4294,8.5284,8.7202,8.4424,8.3993,8.413,8.6374,7.9416,7.7537,8.6732,8.0824,8.3691,8.3989,7.1528,7.1606,8.3647,8.3961,8.2326,8.2843,7.8279,8.5347,8.3249,8.3598,6.7833,8.3521,8.3658,8.2506,8.0368,8.2898,8.7252,8.2992,8.255,7.5284,8.5267,7.9818,8.3033,8.3542,8.3782,8.2845,8.3638,8.3656,7.8155,7.4972,7.8354,8.3578,8.3861,8.369,8.3358,8.3813,8.3819,7.8746,7.9612,8.2703,8.3328,8.3095,7.6227,6.9092,5.8496,7.2864,8.1235,7.2972,8.193,8.2141,8.3017,8.6777,8.0097,7.4809,8.1349,8.2601,8.2641,8.2381,7.4959,8.2573,8.2667,8.2828,7.8405,8.2282,7.1712,8.1483,6.2929
24,8.57,8.4629,7.5977,8.3219,8.3524,7.7359,7.317,8.5644,8.7591,8.3699,7.5448,8.4012,8.4237,7.9556,8.5339,8.2307,8.2727,8.435,8.7167,8.2219,8.2071,8.2289,7.2106,8.1883,7.7377,8.1356,8.279,8.299,7.211,8.2621,7.9789,6.9215,7.978,8.2991,5.8445,8.2791,8.2922,8.3012,7.3231,8.3068,8.3143,8.3077,8.3498,8.3812,8.3511,8.355,8.3252,8.0347,8.0481,8.9021,8.6032,8.4669,8.4387,8.425,7.3608,8.3867,8.0386,7.34,8.1375,8.1772,8.2223,8.2271,8.2314,8.2417,8.2426,6.1402,6.9618,8.3256,8.1568,8.1597,8.1598,8.2331,8.3515,8.6955,8.9976,8.4746,8.1434,7.095,7.5284,7.9557,8.586,8.087,8.234,7.6597,8.7838,8.3667,8.3825,8.3995,8.514,8.8643,9.0325,8.378,8.5267,8.4754,7.9816,6.9882,7.826,7.2481,8.868,8.9746,6.9734,7.9108,5.3845,7.1843,6.8908,6.7194,6.1996,6.6769,8.4544,6.4103,8.5317,6.6347,8.4453,8.4577,7.2651,5.8693,7.4942,7.0174,8.0329,7.6183,8.2894,7.863,7.4321,7.4679,6.4855,6.9634,6.7314,6.4493,6.7485,6.7874,7.6826,8.4816,5.9496,5.6143,9.039,6.112,6.2968,8.4263,7.8715,5.7489,6.1861,8.609,7.4289,7.0042,7.5269,7.6473,6.0518,7.1726,6.1894,4.9961,6.8043,7.1712,7.2018,6.5961,5.1705,5.6249,6.1262,5.545,5.4921,6.5169,6.2014,5.3779,5.8592,4.8497,5.2205,6.2843,6.5302,6.5973,6.7114,7.357,7.2247,6.9154,6.3285,7.0174,6.529,6.6938,6.2515,6.9562,5.8775,6.6705,6.1531,6.4265,8.3523,8.4104,5.7636,5.9149,7.3193,4.6095,5.8436,6.5489,6.2786,6.6691,7.5133,6.0671,6.8072,6.3437,6.4469,5.6895,6.0589,5.3537,5.9966,6.0333,6.2713,5.7181,6.2225,5.5268,8.3569,7.8395,7.5072,5.8961,8.3909,6.0623,5.9103,5.4214,6.6292,8.9348,6.6118,6.3631,5.0723,6.2654,6.7531,5.4373,6.4273,6.4997,6.3568,6.2319,6.7864,5.6537,5.5423,8.4377,8.3352,8.3943,8.4319,4.9513,7.1094,7.7595,6.3066,6.34,5.9437,5.9569,6.9534,6.5747,6.5221,5.1281,5.6767,5.7442,6.8684,6.0762,5.6951,5.9368,6.1353,6.2909,5.4562,5.8591,5.816,5.7243,6.2696,8.4164,7.6746,6.2718,7.0593,7.1348,7.7542,6.1362,6.9369,7.0203,6.8417,8.4023,8.3907,8.3169,6.6318,5.7374,4.6462,6.5965,6.3686,5.9046,3.9734,5.3978,6.0116,6.8032,6.943,6.2483,6.6661,6.6809,8.3084,5.3351,6.6899,7.7472,8.0902,7.2314,7.3883,6.4807,8.3387,5.1979,5.7476,4.4372,6.3302,5.5892,6.7965,7.0842,4.4939,5.4197,6.6188,5.9867,6.1464,6.7766,6.6794,5.6343,5.3423,6.2641,5.4615,4.7472,6.0903,8.5543,8.9993,8.0088,7.2739,8.0698,6.7101,5.4836,7.12,5.9804,7.2504,6.8495,6.8969,5.2797,6.5724,5.8867,6.371,5.4954,5.4051,5.6292,7.1408,5.3121,8.4605,6.1103,6.0883,6.0265,7.459,7.5152,8.1284,5.0031,6.3803,1.9021,1.5933,5.3686,5.6559,7.4361,8.0198,7.5271,6.8213,6.1269,7.0018,6.7329,6.9705,7.1999,7.5224,7.6865,6.0067,5.8009,6.5367,8.2428,7.6759,7.9183,7.4592,6.692,8.6764,6.2972,6.5748,5.7073,6.8276,5.5229,7.7488,6.8442,7.4768,6.4679,6.0492,5.4617,7.1112,5.514,6.3718,7.3766,5.3146,6.7938,7.1847,6.6615,6.047,7.0495,4.8347,5.0717,4.9512,5.2692,6.4587,0.9253,6.4021,4.9368,5.5992,5.4238,7.2463,5.9043,6.4812,5.4721,7.3273,7.0799,7.662,7.9399,6.9895,5.68,5.2281,5.5402,6.9665,7.7267,6.7665,6.1299,6.2332,7.3607,6.4633,5.8494,6.2799,5.5683,7.2575,7.6138,5.5546,7.1508,5.9567,8.0433,6.7756,7.5904,7.885,4.5945,7.8403,7.3628,5.3032,7.4964,6.649,8.463,5.7282,5.6749,7.5701,7.5743,7.4885,6.4117,5.9778,5.7761,6.714,6.0531,6.9297,5.5857,7.817,5.7351,6.1901,7.9846,7.0699,7.0827,5.8855,6.1818,7.5159,7.4236,6.9087,7.5014,6.5232,5.8491,7.2874,7.7078,7.2415,7.0458,6.3213,6.9628,6.689,6.2876,6.2697,7.113,8.12,5.8351,6.2334,6.2218,6.9946,7.0868,6.366,6.0136,8.2502,6.8121,8.2282,8.3139,6.9914,8.248,4.6565,7.8792,6.9001,7.8955,9.0681,8.0264,8.1822,8.2446,6.5558,8.1243,7.8683,7.5267,8.309,8.5322,8.3697,8.387,7.6282,7.8139,8.3375,8.3302,8.3195,8.2305,4.5222,5.3145,8.2755,6.9114,8.2722,6.7442,7.988,8.2238,8.2605,8.2688,7.3497,8.2375,8.2343,6.8948,8.8852,8.2462,8.2295,8.2203,8.2979,6.4774,8.4545,8.3382,8.2978,8.2676,8.2534,8.3035,8.2356,8.2649,7.1166,8.0278,8.2219,8.2243,8.2716,8.2498,8.7598,8.2392,8.2391,7.3459,8.5948,8.2286,8.2616,8.2241,8.0318,7.568,7.9486,7.5493,8.1274,7.8653,8.1429,7.9872,8.2388,8.6633,7.8648,8.0981,7.7706,8.1253,7.9803,7.9226,7.6263,8.1127,8.0933,8.2124,8.3633,8.1528,6.7315,7.9871,7.0637
25,8.147,8.1937,7.9461,7.1429,6.7579,8.4528,7.3751,8.512,5.2801,6.4699,8.4171,6.1176,6.5151,8.4211,8.447,7.9364,7.3358,5.8343,5.119,8.4815,5.8943,6.9115,8.6443,8.0609,8.0809,8.129,7.8714,6.7337,8.4514,8.4559,8.6703,8.5424,8.4597,8.4401,8.4463,6.6394,8.3489,8.3815,8.4137,7.2392,8.4446,8.4642,8.4891,8.483,6.0612,5.3272,8.3736,6.889,8.3946,8.4656,6.6834,6.1296,6.0071,8.4868,7.0274,8.6526,7.6898,6.0284,7.1864,7.0582,6.8609,7.0402,6.967,7.4359,8.4031,6.0836,6.6675,5.8969,5.3754,7.1823,8.4209,8.4531,6.3575,8.3368,8.101,5.755,6.5825,8.1147,6.2433,7.4038,7.5105,7.2652,7.1383,6.7272,8.5114,6.7871,7.2436,6.818,6.229,8.6821,5.7812,5.9358,3.1369,5.7127,8.2804,8.358,8.3926,8.4701,8.5091,6.5489,6.6037,6.5274,6.6496,7.2159,7.079,6.8248,6.9324,6.7535,6.5415,7.6224,7.0921,5.8366,6.1298,6.3813,5.7234,6.1809,6.771,8.5746,8.3062,7.6875,7.3119,8.4797,8.5971,6.7501,8.4683,6.4412,5.8073,7.6654,6.6798,8.409,7.0541,7.0947,6.4375,7.0615,6.1152,6.6138,6.721,7.5704,6.9568,6.4219,6.0261,7.7659,8.3769,7.516,8.4703,8.5088,6.4826,7.2713,6.3353,7.1746,3.531,6.6218,5.9921,5.5874,6.9416,8.3232,6.5653,6.7268,2.0816,4.2544,7.5992,7.9068,6.8034,6.2904,6.1391,7.4247,8.3226,6.74,7.7688,8.2955,3.8892,6.2855,6.2937,6.7282,3.2373,5.4211,6.5019,5.9963,6.2475,6.9602,6.7641,6.5711,7.0682,6.2221,7.0672,7.1787,6.9343,7.032,8.4083,6.3429,8.277,4.9073,8.3816,7.7372,7.0602,5.2084,7.1912,6.9269,4.391,1.3859,4.9785,6.0776,6.6832,8.067,7.0806,6.0698,5.7454,7.8023,4.9012,1.843,7.2688,6.0089,6.5307,6.5922,8.2844,8.2225,7.8245,8.2805,5.7742,8.4012,7.2462,6.6225,6.6822,4.6434,5.5818,3.7486,6.3943,7.9057,2.8949,3.8479,6.746,6.7224,5.1392,6.7077,6.769,6.2077,6.7187,7.2475,8.2434,7.47,7.3024,7.8148,6.0924,8.4101,6.5006,6.9747,2.7193,6.3755,6.3624,6.3526,6.5713,6.2711,6.3347,7.9168,8.2682,6.2814,6.1336,8.4187,7.3156,7.4025,7.1438,6.6483,8.2508,8.262,8.2862,8.1154,8.4303,8.4763,7.295,6.5353,3.4672,5.9882,2.0246,6.9958,6.0136,7.5662,7.3287,6.312,6.0416,8.3881,4.261,7.1466,6.8633,6.6774,5.4945,8.3245,8.3248,8.3346,7.1224,7.6022,8.4651,6.2033,6.813,6.085,6.9098,7.2463,7.2558,6.6277,6.2996,5.9702,6.5081,6.134,8.1194,6.4551,7.3426,6.4218,7.5589,6.7314,5.8957,8.2662,8.2764,7.7858,6.5458,7.8727,8.3451,6.048,6.8664,6.6192,6.4744,5.5749,6.6507,7.1119,5.4473,6.3316,6.8483,6.005,8.2736,6.5953,6.5358,6.7289,6.8142,7.0399,6.647,7.8923,8.2723,4.544,6.8358,8.4003,7.6855,7.8569,6.4331,6.5609,6.7629,7.2215,6.8737,5.972,6.2391,6.5671,6.6989,6.7106,6.3924,7.0252,6.7349,6.1619,7.1479,6.8934,8.3077,6.863,8.3224,7.2508,8.3439,7.4486,6.7537,6.7089,6.481,6.3191,6.7078,6.2504,8.4726,7.3438,5.958,6.478,5.6284,6.4366,6.3562,6.5624,8.1629,7.5319,6.139,5.6189,5.6907,6.042,7.7455,4.5243,7.7654,8.3763,6.859,6.1173,6.3416,7.01,6.5774,6.2588,6.4857,6.236,6.3563,6.9718,8.3901,6.8593,6.3611,6.3654,6.8256,7.2527,7.525,7.9254,8.3997,4.5299,8.2256,7.6933,7.8155,8.3596,7.8495,8.3812,8.4118,6.1035,6.9837,6.1787,6.1342,6.5318,5.9267,6.2641,8.3846,5.3495,5.94,6.7993,6.6403,7.1209,6.1798,6.8557,8.3564,3.8467,8.2044,4.6144,6.0985,8.4191,8.4042,8.4977,5.9342,8.4249,6.4741,6.2918,6.7959,6.6749,6.1284,7.8592,6.9471,6.4567,6.5693,7.2646,6.2059,6.4646,6.8532,6.5232,6.1372,3.4866,8.2389,6.6239,8.2572,8.3569,7.3126,5.1055,5.4596,8.3248,6.961,6.1298,6.1401,5.9,5.693,8.0476,6.8019,6.4623,8.3086,7.9127,6.6876,6.7797,8.4209,6.947,6.8651,4.3512,8.2696,8.3141,7.362,8.4611,7.4581,3.9727,8.3848,6.5222,8.3696,8.3616,6.7947,6.4556,6.2992,8.3483,8.4313,7.329,8.4208,8.7299,8.5032,2.5805,8.3339,4.5081,5.1557,3.2681,8.1637,8.2492,7.74,8.3613,7.4893,5.6955,5.5697,8.7319,8.9214,6.4955,5.0143,8.3199,9.0507,7.2979,7.1274,7.5096,5.7079,8.3397,8.3871,8.537,7.7942,7.5383,8.4099,3.6366,8.2363,4.6895,7.8431,8.3536,6.7768,3.9734,8.0651,7.8995,8.2773,8.3565,8.3948,8.4259,8.4269,8.4329,8.4326,8.4594,7.0495,8.506,8.4895,4.687,4.8552,5.2593,4.5357,5.1382,7.092,7.2662,5.1052,5.1683,7.0958,5.4797,5.9226,5.4287,7.4976,7.5244,8.2346,8.2771,8.1195,5.3968,5.736,8.0757,8.2124,8.2586,5.7828,8.309,5.0869,8.111,8.2771,7.0432,5.892
26,7.447,7.4634,8.3893,8.3687,8.4058,8.4012,8.4685,8.4223,8.4256,8.4295,8.4195,8.7112,8.7201,8.4001,8.408,8.4648,8.5331,2.4844,7.953,8.4245,5.9965,6.9089,6.954,7.0134,8.0611,3.9168,2.1968,5.3412,8.3461,6.353,8.3904,8.4019,6.7175,4.9494,8.2239,7.8861,8.3857,5.7978,8.3895,7.1163,6.2209,8.3846,4.6206,8.3975,8.3833,8.4001,8.4229,8.3906,8.4282,8.5513,7.3276,8.4567,4.5374,8.405,8.7569,7.6764,8.4261,7.7249,8.7823,6.3625,6.2468,5.9468,7.4299,7.6659,8.3696,6.9129,8.4155,4.6618,8.3989,3.9375,8.3998,8.3811,8.3525,5.4369,8.4325,8.5081,4.8735,8.4197,8.4053,8.4599,8.439,8.4548,6.2209,9.0771,6.0378,7.0367,7.8915,8.3985,8.4067,6.0219,6.433,8.3621,6.2578,8.2229,8.4893,8.4135,8.4154,8.1288,8.478,8.4704,6.704,8.4476,8.4692,8.4536,8.4331,8.4696,8.4542,7.2328,6.221,6.6412,8.4197,8.444,8.4535,4.4214,8.4074,8.4199,6.692,6.1079,8.4052,8.4061,8.3692,8.4473,4.451,6.3869,5.9918,8.4135,8.4281,8.4392,7.2549,8.4561,8.7312,6.6396,6.5311,5.6026,6.9997,8.4056,8.367,8.4377,8.4294,8.4278,8.4614,8.4649,8.4535,8.4528,7.5114,4.9556,5.7467,8.4377,8.4636,8.4536,7.3242,7.9591,7.4565,6.845,7.6439,8.397,8.5679,8.8806,6.9398,7.0186,5.7915,8.3517,8.3973,8.443,8.4107,8.4141,8.4538,6.7786,6.8011,5.9455,8.4234,8.423,8.3579,7.0848,7.9286,7.5444,7.5287,8.05,8.4354,7.3949,7.2133,6.9191,8.5413,7.0394,7.1109,6.6418,8.4498,8.4977,5.5412,8.4515,8.4661,8.4323,5.6995,6.434,8.4057,8.2232,6.6418,6.5318,6.7979,8.5846,7.4282,8.6367,8.1156,7.9878,8.4016,8.3179,7.8065,8.3201,7.0584,6.6159,6.4173,8.3518,8.3677,4.6459,6.5038,7.0341,8.2867,7.4907,8.1325,7.1103,7.2638,8.3587,7.0303,7.2872,7.8135,5.4925,6.1267,7.8738,7.8298,7.7931,8.0579,7.3564,7.4188,7.1038,6.7352,8.7626,8.333,6.0692,6.3883,6.0095,6.6639,5.5398,8.3154,6.4601,6.2024,8.262,6.7086,8.5981,7.1808,7.7582,8.4321,8.8662,8.2762,8.2598,7.2607,7.0087,6.9837,6.6934,6.4265,5.9662,5.8176,8.2865,8.2178,8.3181,8.3881,5.7239,8.184,8.2529,6.6606,8.8735,7.1314,6.2774,7.8485,7.2951,6.365,7.2131,6.5541,6.7261,7.1216,5.7846,9.0125,6.6292,8.3078,7.7092,6.0418,5.9409,8.2706,6.7433,7.5809,8.3667,5.6654,6.243,8.2968,8.3908,6.437,8.1809,8.6298,8.805,4.5541,4.6633,8.2298,8.1161,8.1172,8.136,8.5016,8.4667,6.523,8.3987,8.4343,8.4527,8.4483,6.5703,8.4536,8.5699,8.4832,8.8587,8.7411,8.5229,7.5268,6.7827,8.4928,9.01,6.7732,8.7657,8.1035,9.1485,8.0791,6.5184,6.6904,7.0169,5.9019,8.3436,8.3754,8.3752,8.4213,8.407,8.4571,8.4398,6.6426,6.0811,8.3955,7.2715,7.432,6.2261,6.1637,6.2294,6.2172,7.4314,6.3262,6.0219,6.5494,6.614,5.8444,6.3643,6.5484,8.2922,8.3248,8.337,5.5449,8.2982,8.3105,6.7804,7.6218,7.4773,7.2695,8.2772,6.4305,6.7654,7.7924,8.041,7.5627,6.4182,6.8451,8.5364,6.6501,8.5184,6.5497,7.8693,6.2548,8.2683,8.2806,7.0026,8.3409,8.2893,8.379,5.369,8.3678,8.3735,7.0107,6.1615,8.512,6.8569,6.5546,6.1476,6.7695,7.3318,7.3615,7.0987,7.8774,7.1899,6.9294,8.4357,7.0046,8.2744,9.0791,8.3641,8.3914,6.6163,8.3381,8.3654,6.934,7.5032,7.2371,6.6463,7.0666,7.5926,5.8727,7.254,7.3145,5.9343,7.0189,6.0571,6.0036,8.0264,6.6289,7.4358,6.8859,8.2261,7.9892,5.3621,8.2743,7.9931,8.2544,8.3531,6.6733,8.2956,6.5653,6.2621,6.6178,6.8201,6.2733,6.0289,7.2617,6.8094,7.1948,7.205,7.0947,7.2363,5.809,6.9738,7.4433,8.2903,8.2842,7.8092,5.6677,6.544,8.2949,4.866,8.2593,5.1839,8.5695,5.7177,6.9893,5.7545,5.9938,7.7642,8.538,6.1219,6.8918,7.2375,7.0145,6.459,6.0886,6.728,7.1881,8.1607,8.2589,8.2265,8.3054,8.2834,8.1139,8.3399,8.3714,8.3833,6.8876,6.5605,7.371,4.5172,4.8636,4.4673,6.4038,6.0455,6.3912,4.92,5.8576,6.8144,5.634,5.1066,5.7094,8.1527,8.1955,8.2383,7.6834,8.1964,5.9469,8.1448,8.3159,6.3405,7.1803,6.8802,5.0032,5.28,5.1702,5.1685,5.9022,8.2665,5.4101,5.6039,8.048,6.7678,6.507,8.208,8.322,8.312,8.3611,8.37,8.3165,8.326,8.3288,8.2744,7.215,8.3967,8.4561,5.5522,6.6503,6.4282,5.0736,4.8462,6.7082,7.0673,5.4127,6.6057,6.0117,6.2573,5.963,8.161,8.1754,8.2685,8.7315,6.5511,8.3165,6.0952,6.243,6.0753,7.9595,5.8616,7.397,7.6739,5.8287,5.9725,7.4356,4.9986,7.983,6.1654,7.9633,7.8563,7.9375,8.2109,5.7349,8.1902,5.4746,6.1849,5.4399,5.8427,6.0979
27,8.6186,8.2541,8.3247,8.3445,8.3466,8.4608,8.4129,7.6831,8.1722,7.3643,8.2581,8.4119,8.307,8.3059,7.9542,8.3074,4.7474,6.72,8.6387,8.2811,8.2517,7.5232,8.2288,8.0113,8.3407,7.5908,8.2321,8.2213,8.2519,7.4499,8.2199,7.7893,6.934,8.287,8.272,8.296,8.2806,8.27,6.6467,8.2653,8.2895,7.9375,6.8549,8.1583,8.1474,8.151,7.5419,8.1487,7.2959,8.3456,8.3555,8.3263,8.3159,8.3076,7.8461,8.3662,8.2467,8.0287,7.6592,6.5471,8.153,8.1474,8.1638,8.1841,8.5667,5.6773,5.8845,8.815,8.7698,8.152,8.2057,7.5306,7.0742,8.3677,8.4199,8.4147,8.3955,7.8802,6.7005,6.748,6.0301,7.7358,7.6129,3.8041,5.9742,7.3841,7.8857,8.1467,8.1675,6.918,7.8138,8.1645,8.0509,8.2113,7.8698,8.0415,7.2999,7.7927,7.0547,8.3927,8.4094,7.0514,8.0151,8.4497,8.4383,8.4479,8.434,6.5067,8.4366,8.3497,6.8594,6.3139,6.2156,6.507,6.5506,6.5415,7.1508,8.3654,6.8125,7.0717,6.4626,7.0021,8.4015,8.0032,8.4319,6.6756,8.4156,8.4589,6.2036,6.0531,6.0436,6.2082,8.3905,6.7012,9.0548,6.3367,6.2849,6.6704,6.9928,6.5834,8.4351,8.4266,7.0631,6.6253,6.4282,8.4868,8.506,6.4646,6.4404,6.6936,6.7102,6.3175,8.3705,8.4783,8.5,6.6083,6.0335,6.4089,8.4526,6.4707,6.9232,6.6301,6.8896,6.4796,6.1665,5.871,7.177,8.3434,6.5824,6.4013,6.5848,8.3977,6.868,7.0944,6.3394,6.2833,6.8715,6.9626,6.7728,6.6924,6.626,8.8808,6.599,6.268,6.5128,8.0168,6.8506,7.3599,8.3929,7.8656,8.4156,7.0024,6.7904,8.3655,8.435,6.1553,6.588,6.5072,6.0133,6.0946,7.1169,6.7753,6.6259,6.7168,6.9838,6.277,6.3888,8.821,6.0786,7.6701,7.2171,6.0192,8.386,8.401,7.9928,6.7436,8.5737,6.6023,8.3925,7.8356,6.2398,6.2179,6.3713,6.421,6.9819,6.6773,6.8122,5.8248,6.3641,7.2509,5.85,7.0772,5.8431,6.0209,6.9279,6.22,8.3395,6.5539,8.3396,8.4127,8.3835,8.4593,8.4935,5.938,6.4321,6.3887,6.7671,6.6511,6.7522,6.9261,6.1341,5.6542,5.8486,6.4092,7.0434,7.3091,7.2892,6.9982,6.8576,8.3707,7.1659,7.2031,8.375,7.5348,6.6739,6.1083,5.9636,7.7516,6.5505,6.9266,6.6223,7.0467,7.2879,7.5186,7.4368,6.1281,6.0017,6.3068,8.011,7.2062,6.9395,7.1658,6.708,8.3519,5.9907,7.4049,7.3562,8.363,6.2445,7.1665,8.4045,8.4542,7.9002,6.8249,6.8498,6.2507,7.2986,6.5199,6.7695,6.6533,6.4074,5.7022,7.1975,6.471,7.3782,6.4108,7.0861,6.2588,6.7586,6.2378,8.3889,8.3624,6.7021,6.3519,6.1889,5.7855,8.3678,6.549,7.1273,6.3313,6.3834,6.2059,6.6334,6.4169,6.6124,6.6848,6.5057,7.1816,6.2634,6.8636,6.601,6.2761,7.1874,8.3308,6.6574,5.4526,5.2972,6.5312,8.3509,8.3694,6.3856,6.128,6.0894,6.3696,6.8254,6.5192,5.6217,6.8391,5.1839,4.9088,5.2754,6.8033,7.0789,7.3911,6.6948,8.2532,8.3253,5.8318,8.4206,7.6711,6.2465,8.3737,6.7705,6.8828,6.693,6.2126,7.7817,7.2574,6.476,5.0482,6.8555,5.8692,7.1974,6.8371,6.6964,7.3127,6.4756,7.8688,7.8889,6.0756,6.7371,6.6821,7.662,6.3057,5.822,6.4489,7.8453,6.2122,7.1386,8.2902,6.4464,6.8277,6.5784,5.8934,7.1767,7.6581,6.7024,7.4815,7.4224,8.2827,6.7671,6.1616,8.306,7.3403,6.8076,6.3934,6.6397,8.2801,6.3564,6.4064,6.2643,6.3536,7.0631,6.5782,6.8708,7.3263,6.3179,6.3841,7.4372,6.5996,8.2743,7.0177,7.002,7.0346,7.1487,7.1027,6.6103,6.4483,6.4152,8.3526,8.3968,6.2514,5.3364,6.8969,6.6991,6.2742,7.5413,7.7437,7.1811,6.2982,6.7106,7.6796,8.8023,7.4133,7.0691,6.7891,6.9809,6.6256,7.035,6.9221,6.7185,6.382,8.3188,6.9721,8.3453,7.1976,6.4424,5.5981,6.0527,7.013,7.2092,6.0756,6.3509,7.481,5.5864,6.5695,6.1935,6.8846,7.291,8.3012,8.3159,7.6284,8.334,7.2369,7.9303,8.3708,8.385,7.6667,7.609,7.5296,6.7946,8.2377,8.3451,8.3472,7.2686,7.0319,8.0467,5.476,7.2257,8.5593,5.9009,7.6844,8.2914,8.2866,7.6372,8.1712,8.2986,7.6097,7.7971,8.2584,7.3402,8.2846,7.3116,6.6853,8.231,8.0245,8.3063,8.1954,6.9959,7.8736,8.277,8.3177,7.3069,6.7989,7.4211,8.2532,8.1398,8.228,5.8042,7.3894,7.5708,7.3441,7.477,8.1187,8.9897,8.1847,8.4698,6.7693,8.4105,8.4191,8.2617,8.316,8.3482,5.9329,8.3371,8.313,7.778,8.1264,8.238,8.3108,8.3152,8.3037,7.9728,8.2628,8.2598,7.803,7.8991,8.1833,8.1469,8.1951,7.0119,6.7825,6.2574,7.6221,7.8328,6.6601,7.5632,8.0065,8.2056,7.7487,7.216,7.6266,7.5164,8.1514,8.1612,8.1533,7.1061,8.1077,8.1006,8.1451,7.6059,8.0546,6.5577,7.9318,7.0269
28,8.8076,7.9062,8.2285,8.5518,8.5932,8.5901,8.2699,7.8247,8.2816,7.1663,8.3983,8.4327,8.4525,8.4851,6.9036,8.4444,7.395,5.1904,8.3738,8.4262,8.4744,8.4435,8.3466,8.2354,8.6835,8.1261,8.4909,8.4854,8.4964,7.0741,8.3853,7.1304,8.6995,8.4585,8.4434,8.4544,8.4476,8.4649,8.484,8.4298,8.4383,8.0318,6.0959,8.4099,8.4342,8.4242,8.5887,8.3495,7.8187,8.5736,8.5585,8.5366,8.5419,8.5271,8.5277,8.5263,8.5036,8.5114,8.5552,8.5367,8.513,8.5301,8.5639,8.5207,7.5297,5.4325,7.2834,8.4037,8.4402,8.4007,8.3918,6.78,6.8296,8.7429,8.6166,8.6519,8.7633,7.2145,8.4131,7.6425,5.4059,4.1236,8.1433,8.2478,7.5857,8.0143,6.7332,8.3437,8.3513,6.3251,6.0601,8.2387,8.3276,8.2085,7.8262,7.9278,8.2954,6.0425,8.4322,8.4842,8.6138,8.547,6.8939,6.9184,6.5986,8.5108,8.5273,8.5011,8.515,8.5026,8.5098,8.5212,8.53,7.1574,8.016,8.546,8.5297,8.5938,7.8837,8.6388,5.6462,5.0509,8.4562,5.4773,5.6377,8.5092,5.3668,8.5972,8.4867,8.5094,8.5225,8.5434,8.5573,8.5529,8.5797,8.553,5.6974,5.1668,8.2981,8.3736,8.4724,8.482,8.488,5.8757,6.5114,8.5047,6.0744,5.6602,5.9187,8.5862,8.4982,8.5144,5.1568,8.8605,8.523,8.5244,8.5736,8.5584,8.5695,8.5752,6.5234,8.899,8.5865,8.5664,8.6611,8.591,6.6003,8.6954,6.3322,7.1919,8.5673,8.6111,8.5903,8.5899,6.6732,5.6456,5.471,5.5907,8.3942,8.4926,8.5349,8.9678,8.5216,8.5433,8.5814,8.7157,7.902,8.6104,8.5869,5.5851,8.5402,9.0278,5.1516,5.9212,8.3935,7.5985,8.5731,5.8134,7.9452,4.9535,6.2436,6.8907,6.3497,6.8303,7.1125,6.6924,8.5225,8.5464,8.5402,5.8552,6.1618,8.997,8.5889,8.5502,5.4062,5.8954,6.5532,7.6887,8.5712,8.5922,8.5935,8.6417,6.3126,6.5093,7.0362,6.5461,4.5305,7.3702,5.0559,8.6008,6.2492,8.4681,6.2249,6.2552,5.9098,8.4559,8.514,8.2621,6.2262,6.6252,5.2458,7.4869,8.5515,6.9499,6.84,6.5982,7.3869,7.4971,3.1314,7.3559,2.1214,7.3487,6.1012,5.6776,6.1276,5.6704,7.6057,8.4551,7.4681,5.2659,4.6757,7.739,3.7832,6.8019,7.0666,4.8801,5.1752,6.2993,4.0902,7.3171,4.487,7.598,6.204,7.5176,6.3368,8.404,6.419,7.1697,3.3703,3.5377,7.5977,6.2761,3.02,7.1879,3.6275,7.4512,6.7202,6.2072,6.9142,6.9796,7.0684,7.5037,7.212,5.6361,7.2236,7.0108,7.6921,6.8722,7.9664,7.6384,6.544,7.5944,8.2795,6.4073,6.3823,7.1663,5.5218,7.1043,7.3813,5.8968,5.7853,7.1095,7.082,6.7037,6.0033,7.1964,6.8343,6.2638,6.7516,6.9697,5.213,6.3047,5.9934,6.4028,6.8812,7.996,6.2176,6.4255,6.2335,5.9939,5.8754,5.0519,6.9328,7.0492,7.4314,7.1689,5.9514,6.4543,6.5449,6.5034,2.0699,6.0088,4.5068,5.9687,6.5422,4.821,6.5027,7.813,6.1798,6.5489,5.7987,6.8438,6.0152,5.8504,7.9632,6.9002,5.8572,6.5561,6.812,6.268,7.3928,7.7751,4.0091,5.0257,5.3263,6.1825,6.0821,4.0679,5.1175,6.8206,6.678,5.2036,5.1099,4.9178,5.4988,6.5098,5.7104,5.7638,6.286,4.2808,6.4481,6.5789,6.691,7.2323,7.0764,6.0529,6.4807,6.6061,6.8137,6.5918,6.8312,6.2236,5.0968,5.1901,6.1517,5.7564,6.9042,5.2478,6.1734,7.1579,7.1287,6.2299,6.7111,5.9739,6.242,6.2726,5.9253,5.5129,6.0945,6.2512,6.5698,6.341,7.4893,7.1137,7.6527,7.128,5.9745,5.8402,6.1025,5.8032,6.3294,6.3322,7.6501,8.1749,7.933,6.0411,5.8661,5.9412,8.512,6.5868,6.6079,5.9443,7.1522,8.0904,6.5686,6.8414,6.779,6.6168,6.2261,6.6751,6.4813,6.333,5.3555,5.3636,8.4263,7.2615,6.6586,7.1496,5.6232,5.9614,7.6136,7.409,8.8532,7.4064,6.4724,6.6404,6.7747,7.431,8.366,6.1578,7.2243,4.4837,6.2834,6.715,5.7878,6.5704,5.8015,6.8846,6.6868,6.3773,6.1559,7.4112,6.8127,5.9102,7.2598,6.3908,8.4901,6.5216,6.4809,6.7209,5.5733,8.0932,8.4765,8.4897,7.1707,7.1031,8.678,8.5075,7.9705,7.0588,8.5729,8.4155,8.4205,8.4409,7.9468,8.4465,8.449,7.6565,7.4974,8.447,8.4545,8.4077,6.7599,6.1737,7.9576,8.229,8.4691,8.4705,8.4738,8.4719,8.4718,8.4505,7.8615,6.6248,7.2544,8.2305,8.4113,8.4172,8.7065,8.4248,8.4329,8.9021,8.2665,8.364,7.5829,8.396,7.8757,6.6249,7.9689,8.1841,8.3921,8.4493,8.4605,8.4082,7.8441,8.0385,7.4373,8.5309,8.3676,8.4366,8.4153,8.4861,7.6723,8.3969,8.4145,8.1391,7.6281,8.362,8.3958,8.3479,7.0685,6.8819,5.7705,7.5256,7.802,6.1562,7.6929,8.0084,8.2839,7.7622,7.2756,7.6363,7.4245,8.2302,8.2405,8.2304,7.0499,8.3116,8.3077,8.299,6.9121,8.2875,5.4843,7.8964,6.3877
29,8.6102,8.8035,7.9782,8.4129,8.5544,7.8126,5.6443,6.3814,7.0621,6.0251,5.6796,6.2962,5.3501,5.9611,7.0348,6.5016,6.2844,5.3522,7.2743,6.0754,6.2985,6.5724,8.3083,7.8976,8.8267,8.0486,8.1433,5.6018,6.6744,6.5172,5.9721,6.8416,5.8762,5.1192,5.8781,6.7364,5.8712,5.691,5.6462,6.0418,6.1692,5.9691,5.9255,7.0177,6.2931,7.1674,8.1848,7.3878,8.2196,8.2232,8.2481,7.7631,6.7626,7.2187,6.6591,5.0935,6.9589,5.9864,5.6533,6.3013,5.8003,5.7429,5.8148,7.1105,7.0516,7.4703,6.6353,7.3537,5.8025,8.2447,8.2547,8.2884,6.3129,8.3986,8.3709,4.4282,7.5615,7.4884,7.1156,6.6929,7.0359,6.8108,4.6116,6.0688,4.4425,5.9004,7.3574,6.0222,6.2208,6.6838,7.3431,6.0243,6.3134,8.28,8.2973,8.3378,6.648,8.3323,8.9529,7.2713,6.7322,6.5223,6.894,4.8178,7.2231,4.6997,7.228,5.6683,4.8725,4.9459,6.0092,7.1819,5.7515,5.41,5.5855,6.2933,6.0524,8.2037,8.2527,7.8332,7.623,8.319,5.949,8.5612,6.9282,6.6651,7.3785,4.8048,5.7251,4.2427,7.243,5.5415,7.6162,6.1073,4.9568,5.9513,6.2571,5.3823,6.2289,5.595,6.3727,7.9282,8.1873,6.8873,8.3011,8.3244,6.6213,8.0738,8.5164,7.2791,4.84,4.7241,6.1839,5.1315,5.53,5.9657,6.8253,6.7778,6.6553,7.512,5.5124,6.6155,6.7529,5.4644,6.6569,7.0207,8.6759,5.9038,7.3889,6.8627,8.2681,7.5064,8.1856,5.5083,6.566,5.6793,5.3884,6.2376,6.4054,5.3738,6.6802,7.1872,5.5391,6.4134,8.578,7.0712,7.9602,7.2764,6.1419,7.5197,8.1606,7.9854,8.255,6.7754,8.6288,5.8246,5.4438,5.0873,6.1592,7.8178,7.3954,6.074,5.7314,5.6921,5.4959,6.3692,5.3818,5.8672,6.8662,7.5825,7.4241,8.3708,8.3759,7.7901,8.2852,3.9281,5.7418,6.1777,8.3402,6.7863,6.4533,5.3703,4.9914,6.2614,5.8143,5.4682,5.7177,6.2308,6.1605,7.1078,6.9367,6.602,6.8761,6.6885,5.3314,6.1416,8.31,8.3236,8.3244,8.2955,8.4298,8.3645,8.3953,6.1249,7.3067,8.3172,4.6068,5.6104,7.0935,5.4322,6.2648,6.555,2.173,6.3102,7.4233,5.9534,6.7626,7.4686,5.347,6.5264,8.3509,8.3494,8.3527,8.3383,8.3484,8.3616,8.3955,8.4498,6.1216,5.9462,5.9522,5.9365,5.2347,5.7914,6.2145,6.6311,6.0147,6.0626,5.5117,7.0094,7.456,6.4959,4.8555,6.8875,6.6732,8.3025,8.2995,8.3019,7.7986,8.2995,5.5699,5.6753,6.7531,4.315,5.5719,5.0078,5.8275,5.6993,4.6862,5.8262,5.5102,5.4152,7.273,6.2003,7.0956,6.4388,8.5679,6.2028,8.29,8.311,8.3266,7.7128,8.234,8.3714,8.3496,8.3817,6.4947,5.0891,5.9211,5.1104,5.5779,6.2389,6.029,6.3216,5.2202,5.4501,4.907,4.8749,6.626,6.3389,8.307,8.4171,8.3988,8.3463,8.3517,6.6864,2.3219,8.3397,8.3733,8.392,5.7369,4.3972,5.857,6.6293,6.7183,6.8725,6.6968,5.0162,4.9029,6.8091,6.0449,8.6997,6.8875,6.9973,8.2808,8.2816,8.3346,8.0494,8.3452,8.3767,8.314,8.3678,5.1129,8.3617,5.134,5.7333,5.9654,6.7762,7.5882,8.3657,6.5212,6.391,6.5948,6.4889,5.9174,6.0597,6.7487,7.3687,8.2468,6.8227,6.1093,6.1979,8.3746,4.2264,8.2009,8.2692,7.6375,6.8424,5.0172,5.2759,4.4644,6.4932,6.3423,6.5393,5.8804,8.2238,8.1989,6.5353,6.8766,6.2838,6.4111,6.7834,8.0456,6.6409,8.2844,8.3258,8.3205,8.0442,5.7059,8.3114,8.3492,7.8782,6.8515,7.2842,5.976,5.7601,7.0256,5.8886,6.4648,8.3082,5.973,8.3334,6.6354,6.9776,7.2667,6.7253,8.363,6.0213,7.6812,8.8737,8.1829,4.1271,8.2388,8.2791,8.3032,7.3065,5.5529,7.1303,6.503,6.2148,8.7498,5.6621,6.5243,7.6055,8.0624,8.3598,7.9594,6.9649,5.6827,6.6698,8.3629,7.348,7.3326,8.2829,8.261,6.746,8.2513,8.3127,8.3294,8.3819,5.7017,5.7574,4.9912,6.9802,7.061,7.1001,6.2496,8.2978,8.3218,6.854,8.6684,8.3854,6.1526,7.317,8.4157,8.4422,8.2349,8.3926,8.3481,8.3113,7.3749,8.3738,8.4074,8.4221,8.2197,7.5256,8.223,6.5852,6.8177,5.909,5.8757,8.3148,8.3786,6.5636,6.6345,6.2232,7.1397,6.8684,5.5334,8.3079,5.4741,8.2373,8.2681,8.2652,8.0028,8.2917,8.2954,8.361,8.447,7.3954,6.3983,7.3332,7.4753,7.9689,8.3149,8.0925,8.4324,6.3564,4.4558,3.6258,5.8539,5.918,7.153,8.2729,6.067,8.2814,8.2402,8.5483,7.1838,8.0275,8.2666,7.6611,7.8292,7.0149,8.3786,6.4139,6.8592,7.9907,7.885,7.0112,8.4673,6.0553,6.873,6.9096,7.9131,5.8384,8.3522,8.1734,7.4154,8.2529,7.3576,6.8011,5.8554,6.3668,5.9134,5.8592,6.0113,7.9101,7.0793,6.3532,6.8273,7.5651,7.088,7.4308,6.9288,6.4483,6.6126,7.3309,6.4293,4.8939,8.0586,7.8262,7.3351,6.7315,6.9564
30,8.251,8.1446,8.1667,6.7406,7.2577,7.2326,6.0726,6.2051,6.2772,6.3175,7.2569,7.032,6.2173,8.3265,7.3528,5.7518,5.6501,6.2467,6.3506,7.1603,5.7114,6.5825,6.0959,6.3362,8.4187,7.5858,8.3277,7.411,8.4011,8.3972,7.0636,7.8838,5.5681,4.6696,6.9122,6.1321,6.0031,8.4299,8.0778,6.7223,6.583,6.8124,6.981,5.5869,7.1965,6.2771,5.4917,7.4564,6.5282,6.6293,8.4263,8.8644,8.9185,7.6586,8.5048,8.509,7.5154,7.2182,7.8126,6.4306,6.1558,5.8701,6.4207,6.5772,7.4928,5.9517,6.1626,5.905,7.5211,7.1873,5.7062,7.7331,6.0925,8.3983,6.7464,6.6544,8.4449,5.925,8.3981,7.6302,7.6799,2.5776,8.4451,8.4824,8.6362,6.3458,8.4846,5.9909,6.01,6.7616,6.5764,6.8645,5.6458,5.7626,6.8049,6.6433,8.506,6.859,8.4884,8.4982,8.4977,8.5236,8.0889,8.5116,8.4711,6.9599,7.4962,6.9793,8.4209,8.4788,7.9999,6.114,7.6824,6.4148,5.7932,7.1128,5.794,7.0191,7.0237,7.3551,6.4355,8.5285,8.4723,6.8562,8.4722,8.4863,8.5057,6.0427,6.4806,8.436,8.4877,8.4524,6.7216,8.1482,6.4156,8.4676,5.8516,7.7598,6.5222,5.3551,5.5267,7.3172,5.9669,6.7759,6.1737,7.1386,8.3667,6.4617,6.2319,8.363,6.2952,5.6858,6.2718,6.3659,6.0945,6.9755,6.3981,8.6417,8.4744,8.4218,4.6467,5.8994,6.5949,6.729,8.3246,7.6927,7.5839,7.2941,6.6889,6.8341,6.4907,4.7779,4.6001,6.2494,6.243,6.6846,8.3988,6.2221,8.4368,6.3634,6.2439,6.6449,5.6966,7.1061,7.4228,6.4258,6.2518,5.5198,5.7805,6.4834,6.8248,2.4164,6.7732,4.705,4.3858,4.1648,5.6291,6.0628,5.7425,7.0376,7.129,6.0332,6.267,6.3132,6.4716,6.3012,6.1898,8.3223,7.3844,6.5927,5.9447,6.9832,6.3607,5.5129,7.1332,6.8549,6.1227,8.3277,8.3706,7.2976,6.0139,8.3807,5.8576,5.9113,6.2851,6.318,6.5547,8.1142,5.8148,6.6307,6.0168,6.1763,6.4226,5.1139,5.6271,6.7139,6.0066,5.7789,6.0622,5.9696,8.3677,6.1752,6.7754,6.0797,5.2046,6.001,5.4819,5.8809,8.2834,6.5387,7.5722,6.825,6.6739,6.6242,6.2412,7.541,5.263,6.2623,4.7036,8.3675,7.491,8.4269,5.6443,7.3377,5.4491,5.533,8.3675,7.129,8.3484,6.776,8.403,6.199,6.2743,6.5021,7.2846,8.668,6.7343,6.2811,5.2352,6.2616,7.2456,8.2975,5.9379,5.6792,5.6772,7.2607,7.4822,5.7633,6.8867,8.3766,8.4221,8.7907,5.7524,6.0843,6.6501,5.2144,6.6476,6.3877,5.2818,6.0635,5.9571,7.3147,8.3829,7.309,6.6448,6.8612,5.2997,8.4185,5.9133,6.7133,7.5766,6.1351,6.1688,6.7263,8.4082,8.4291,8.4442,8.4636,7.3935,6.6277,6.8728,6.3253,6.6415,6.3205,8.4568,6.5618,6.6365,6.9615,6.5323,6.3092,6.5117,6.9841,6.3937,5.6162,8.3885,6.306,6.0019,8.4003,8.4228,6.2178,5.8578,7.1287,6.6097,8.401,6.8898,7.3924,6.3788,5.9782,6.7825,6.4729,7.0236,6.6033,6.9763,7.0262,6.2678,6.503,6.3629,8.3073,8.4091,6.5894,6.6766,6.4102,8.353,6.1997,5.1495,8.65,6.5558,7.0927,5.9769,6.49,7.9123,6.268,7.1061,6.3722,7.3786,6.3074,6.1965,5.7277,7.5592,8.3221,6.9826,7.4103,8.433,7.5358,7.7925,6.2952,6.0569,6.1795,6.5927,6.0136,6.3129,8.2923,6.3493,8.3924,7.2432,7.0877,8.8748,5.6225,7.8027,8.7514,8.7703,5.9957,7.2225,8.3906,7.1177,6.4751,5.4039,5.513,6.6012,5.6274,5.3249,6.1783,6.2064,6.417,6.7387,7.8366,6.4396,6.4304,8.3334,7.681,6.7992,6.3004,7.4318,6.8,7.7947,6.0982,7.024,5.133,6.5914,8.3634,7.0265,5.8879,6.1934,6.8387,6.2256,6.1841,5.7934,6.0397,6.1267,7.071,7.0386,6.921,8.3343,8.1562,6.8645,7.3627,6.3253,6.9683,6.885,6.8794,5.7392,7.1542,8.3752,5.5648,7.3489,5.8929,6.4966,8.3544,6.8929,7.1313,5.5012,5.6112,5.5462,6.2541,7.4741,5.3799,7.2581,6.6103,6.879,8.8516,8.6994,6.5802,7.3326,6.9933,6.7724,5.8238,7.6559,6.7846,6.9522,6.0017,5.9698,6.4693,8.3372,6.1946,6.5759,5.6163,5.6564,7.2645,5.9938,6.8597,6.4328,6.8434,6.4149,8.3188,6.2557,5.4712,6.3706,6.0534,5.8511,8.3206,8.0947,6.7957,8.1827,5.6506,6.8084,8.4473,7.7,6.6779,8.4534,7.41,7.0945,7.2778,6.1001,7.8408,6.9399,5.5887,7.5266,8.3648,8.179,8.3505,6.937,5.9944,5.9758,6.8361,5.8523,5.5697,7.3247,6.7431,6.4994,6.9967,8.394,7.2691,8.4184,8.1834,8.4132,6.3866,6.0869,6.0506,8.3658,8.3702,7.8915,6.9045,6.2979,5.7905,7.6087,6.829,6.7765,7.5195,8.0255,8.0662,6.0517,6.087,6.5875,7.4865,8.2835,8.4002,5.7034,6.4976,5.7368,6.8506,5.9299,8.0798,5.8889,6.2167,5.6125,5.7085,6.791,5.945,6.6356,5.701,6.704,6.5075,5.5496,6.5648,6.3743
31,8.217,8.6221,7.8763,8.554,8.5894,7.3543,7.0764,7.4803,8.4341,7.7058,7.8724,8.4792,8.5259,8.1972,7.6057,8.5271,5.9229,6.2317,8.3353,8.6158,8.5016,8.4496,7.2655,8.0197,8.6851,7.8049,8.4146,8.4554,8.4862,7.3876,5.1107,7.7026,5.7476,6.1769,8.437,8.3738,8.3736,8.4038,8.1643,8.366,8.4013,8.0217,7.9755,8.3687,8.4157,8.3855,8.4961,8.0959,7.286,8.3705,8.4491,8.5494,8.5438,8.5475,7.3667,8.456,8.2505,7.0541,8.3683,8.4071,8.4022,6.8082,6.9636,8.414,8.4133,7.5817,8.0015,7.2525,8.4672,8.4365,8.2812,8.3219,7.6898,6.5965,6.8515,6.4132,6.6457,6.254,6.2818,8.4587,8.5227,7.2442,6.368,6.1472,6.5383,7.2983,8.5322,6.9173,6.2415,5.4835,5.4796,8.6754,8.7242,6.3241,5.723,5.9146,6.0428,6.8279,5.8963,8.5576,8.6447,8.9717,8.6016,8.6363,8.6737,6.5485,8.5942,5.0662,8.5867,5.5656,5.6887,7.1966,5.9902,5.5229,5.6218,5.4237,8.6246,5.2952,5.809,5.1742,6.0097,6.4803,7.2144,5.5104,8.5856,5.4909,6.2326,8.5046,6.2742,8.9985,5.8709,6.1718,8.6217,4.1777,8.5833,8.567,8.6414,6.9518,5.6326,3.1091,6.1109,5.1702,6.0588,6.175,5.4025,6.1548,6.1292,5.6983,6.4587,6.5755,6.049,6.7075,7.1431,6.2056,6.0596,6.5461,6.1944,6.2546,6.2565,5.9253,6.0563,6.3937,6.2001,5.7212,6.0865,6.6527,6.4499,5.6888,6.3236,6.2764,6.1146,7.7607,5.9898,8.6375,6.0785,6.2788,6.2586,8.9423,8.3471,6.2464,8.571,6.6315,5.4922,8.6136,8.6316,5.8556,5.0364,2.9513,6.111,6.5606,7.1623,5.8922,6.1086,8.4651,5.9181,5.8717,5.819,6.3909,6.8079,8.5012,8.4963,6.9358,5.8913,5.1964,5.8167,7.3768,8.638,8.5827,8.6266,3.6328,3.173,8.5805,5.4584,5.9295,6.2223,8.3943,7.54,8.6633,6.4434,6.6833,6.6877,5.2303,5.9048,5.6587,6.1319,6.5686,5.8817,5.094,5.5983,8.4595,8.5516,8.6304,8.6567,6.4605,8.5796,6.3713,5.9755,5.8344,6.1246,6.0492,5.7565,6.1085,6.128,7.3313,5.2731,4.9855,6.2078,5.5668,6.6522,5.9979,8.3894,8.8097,8.549,8.6059,8.617,5.9574,5.8525,6.4021,8.499,4.0787,5.6161,5.6047,7.0376,6.7346,5.7955,5.4251,5.9296,4.9572,5.4352,4.4441,5.5773,5.5594,5.0796,5.561,8.5741,5.8156,8.5556,8.5,5.9389,5.8571,5.4687,5.7084,8.5248,5.7006,5.5421,6.7503,6.5536,7.1305,6.5641,5.972,6.4731,6.6051,5.9768,6.0216,5.83,5.9891,8.3466,8.4306,8.5282,5.4076,8.5042,8.5361,8.6382,8.5782,8.7288,5.7142,5.5838,6.1818,6.752,5.7184,5.2852,6.1377,6.3983,8.4835,6.615,6.2124,6.076,5.936,5.8192,5.6493,8.3048,5.6746,8.5759,6.5435,5.6399,5.6537,8.6031,5.886,5.76,6.0325,6.5972,5.73,5.8204,5.421,6.2561,7.623,6.9796,5.7654,8.4798,6.0368,6.4973,5.7569,4.6407,5.3838,6.5625,5.9738,6.3656,6.408,6.7813,8.5149,7.8013,8.5665,7.5211,6.8077,6.1837,8.4225,5.5922,7.1536,5.6768,6.4833,6.6372,6.6678,6.1678,6.2268,5.9652,5.8462,6.1286,6.1525,5.5554,5.0197,6.2448,5.7588,6.9286,7.4854,8.4594,7.5769,8.7217,8.5943,8.6154,8.5927,6.0554,5.502,6.7531,6.5445,4.9431,7.0562,6.0988,6.0643,6.3895,6.1619,6.1118,4.9854,5.8163,8.3349,6.276,5.5245,8.4691,5.8008,8.4925,8.5207,7.6417,8.5437,5.3786,6.4243,6.2251,6.3509,6.6935,5.5218,7.3832,5.2274,5.9469,5.4531,5.5434,5.5777,5.6083,7.2219,5.794,8.3612,8.5224,8.7663,6.0063,8.6233,8.9265,8.9941,8.5347,8.5473,5.8967,6.4263,5.7749,5.4629,7.2119,5.1448,6.6664,5.8961,8.5063,7.8909,5.9043,4.0028,4.8607,5.4454,5.9604,5.9561,8.5307,5.7363,5.6072,5.6363,7.1719,8.7873,8.7745,6.5245,8.5409,6.3294,7.2918,5.3684,6.7822,6.4779,6.7199,6.1022,6.0878,6.5884,3.6773,3.9784,5.9116,7.6353,6.8353,6.4954,5.0709,8.4609,5.5526,8.3747,5.6329,8.5012,8.5465,8.5418,7.305,8.624,7.2216,5.6344,6.2907,4.6042,5.2404,4.698,6.169,5.5212,7.1175,6.9709,6.1768,8.3402,5.2931,8.4117,8.4538,8.4753,5.3992,5.9984,6.5349,5.3435,8.9149,6.5708,5.2597,5.916,6.2625,5.0802,6.1657,4.6696,6.3467,7.9932,5.892,8.1558,7.1103,5.7158,7.4545,5.0435,7.8509,6.0566,6.2193,7.0726,8.3631,8.3838,7.7975,8.3675,8.4154,7.0438,8.637,8.404,8.4288,8.578,8.097,6.4112,8.2222,6.7729,8.2808,8.4061,8.4459,7.9713,5.3214,5.0835,6.6103,6.2374,8.3461,8.3689,8.3488,8.3691,7.7977,8.3582,8.4234,5.6432,7.9159,8.3601,8.3914,8.3294,6.45,8.0538,5.135,7.3455,7.5836,7.7119,8.2981,8.3414,5.2234,8.4885,7.7075,6.4287,8.2621,8.2816,8.3216,8.268,7.5954,8.3926,8.3517,8.3726,7.8317,8.332,7.339,8.297,7.3988
32,8.8069,8.1689,8.1013,8.425,8.4442,8.318,6.9653,7.0072,8.9467,8.5383,8.2708,8.2872,8.2845,8.2802,8.9445,8.3938,5.5504,7.1011,7.8462,8.3341,8.3101,8.2602,8.1856,7.8276,8.3837,8.768,8.3464,8.3386,8.3318,8.1901,8.3212,8.7201,8.322,6.6039,7.8948,8.289,8.2806,8.2915,8.3796,8.2665,8.2894,6.1581,5.0484,8.1985,8.2185,8.1917,7.4442,8.3434,8.1972,8.4918,8.3705,8.3786,8.3124,8.3371,5.9403,8.096,8.2671,7.9146,7.9884,8.0721,8.1344,8.1309,8.1108,8.1506,8.1603,7.9136,6.38,8.641,8.105,8.1129,8.067,8.4178,7.9975,8.2128,8.404,8.4054,8.3811,8.367,8.3552,8.608,8.3822,8.3811,8.3993,8.4243,8.3746,8.4129,8.4154,8.4255,8.384,6.8033,6.4725,8.7752,8.3537,8.1911,7.4384,7.8337,7.1519,8.5002,8.5196,7.1003,8.6517,8.6149,8.4524,8.5244,8.4505,8.5127,8.5485,8.4862,8.4768,8.4847,8.4489,8.4382,6.3278,5.7565,6.6595,8.246,5.5902,7.2648,8.0948,8.1287,6.0186,6.889,8.4123,6.21,8.3351,8.4354,8.4178,6.4052,6.0301,8.3015,6.7315,6.0604,5.8923,8.316,6.279,8.3494,6.186,5.9267,8.3778,6.3737,7.9007,6.1038,8.3999,6.6794,6.947,6.3853,6.1701,6.4027,6.4887,8.3567,8.3753,8.8328,5.8873,5.8095,6.0307,6.9562,6.2125,6.6584,8.3322,6.2501,8.3529,6.132,5.4694,8.3306,8.3978,6.5526,6.4789,6.991,6.7978,5.8449,8.3585,6.3643,5.8276,6.2484,6.5635,5.7848,7.5454,8.3953,8.4106,5.447,6.1149,8.229,8.3564,8.354,8.4089,6.2678,6.3605,8.3523,8.1235,8.3599,8.3132,6.488,6.6832,8.2862,6.0627,6.1495,6.2177,6.4434,8.3727,8.389,6.1503,6.2512,8.3139,8.3836,8.4152,6.3475,8.3255,8.379,8.4073,6.4553,8.356,8.4072,8.4344,6.258,8.3465,7.2669,8.2913,5.8897,8.4003,8.3967,6.6661,6.5673,8.3803,6.099,6.2593,7.146,6.975,6.3175,6.5147,6.1143,6.2428,8.3353,6.4255,6.9631,8.3755,8.3888,8.1537,6.2712,6.9749,6.9829,5.8472,5.8754,7.0113,8.3195,5.2748,6.2001,6.2131,8.27,6.0059,5.6246,6.7137,6.7888,6.5677,6.3448,7.4447,6.4709,5.1668,4.5806,7.7214,8.0107,5.9826,6.9343,6.3364,6.0299,7.853,6.9223,4.7797,8.208,6.3303,5.5591,8.2671,4.9164,6.01,6.2263,6.1607,7.4722,7.2178,6.6679,7.1419,7.0451,6.8031,6.8158,6.1408,6.5028,5.8857,5.5704,7.377,5.6519,5.8062,5.8386,6.4951,8.3313,5.5527,8.2776,6.1867,6.7231,6.3959,5.1737,6.5281,7.0387,6.6945,6.7059,6.0521,6.7828,7.219,6.6762,5.493,5.9484,5.7356,6.1938,6.4903,6.8703,8.3652,5.4268,4.4416,5.7135,5.9321,6.1276,8.2218,6.929,4.9303,8.2554,5.3107,5.2057,7.3191,6.9582,5.7416,5.5582,6.1493,6.0713,5.2151,4.7537,3.9047,6.2891,4.388,6.8047,7.0126,8.2908,6.1079,8.2974,8.2783,7.2695,8.3359,8.333,6.1281,5.6781,8.2885,6.2072,4.9583,5.1241,6.1956,6.1379,5.1349,5.2282,5.3115,5.6763,5.8983,6.39,6.4228,8.1177,8.2472,6.3661,8.3389,8.5387,8.393,5.7894,4.1289,8.3463,8.6973,5.6538,8.2476,6.1458,4.8456,8.1311,6.3453,5.9556,8.0169,6.0494,5.4088,5.6725,5.881,5.8999,6.1043,8.1703,6.0114,6.0496,8.3465,8.3543,8.347,8.4103,6.2219,6.1045,8.3136,6.0854,6.1125,6.2096,8.3079,8.2986,7.2951,4.9436,8.1216,5.3301,8.2616,6.0942,6.9467,7.2004,5.8482,4.3894,6.4855,6.5126,8.2554,6.1136,8.242,8.271,8.3328,8.091,5.7287,5.9602,8.2926,6.1393,6.4962,8.2927,6.6875,8.2983,8.3736,7.0262,8.3637,8.3618,6.0295,9.0006,6.0808,8.2241,5.2926,4.7206,8.1348,8.3155,5.1923,5.1176,5.7895,6.7058,8.0304,6.4043,6.148,8.3189,8.332,8.3756,5.8877,5.6969,5.9723,8.2812,5.5346,8.2356,5.7148,5.8512,6.3118,6.7257,5.7295,6.5653,7.1316,7.1926,7.884,6.5547,6.5725,8.6053,8.1386,8.3192,8.3879,6.5426,8.2189,8.3603,7.4133,6.5518,8.2365,5.8119,8.3442,8.3429,8.3569,7.0594,6.7527,6.5286,5.7328,7.7468,8.1025,7.7743,9.0014,7.0085,6.5553,7.66,8.426,8.6089,6.8891,7.9567,8.2535,8.264,6.5025,8.2398,8.2774,5.5707,6.7392,8.2336,8.2093,8.1515,7.265,5.9457,8.0029,6.9137,8.2427,8.1963,7.8716,6.3635,8.2905,8.2722,7.6327,7.2585,5.673,7.8496,8.2226,8.2242,8.014,8.2029,8.2224,8.6397,7.2408,8.1914,8.8891,8.1948,6.9419,6.4226,8.5738,8.2427,8.1722,8.2578,8.278,8.1107,8.2465,8.3081,7.3545,8.0841,6.8763,8.2058,8.2166,8.51,8.0965,8.1668,8.2068,6.1026,7.4373,8.1682,8.2046,8.1402,7.3822,6.6692,5.2885,7.1685,6.4516,6.2043,6.3447,6.4767,7.2368,7.3938,7.4154,7.3146,7.6094,8.0311,8.0251,7.8414,7.4433,7.9804,7.9409,7.9658,8.3802,7.645,7.0047,7.5551,6.0349
33,8.744,8.5848,7.3471,8.4876,8.5062,6.2164,6.6425,7.5822,8.6994,8.5069,7.371,7.6172,7.6365,8.3837,8.6563,8.3707,8.3896,7.7095,8.5568,8.2911,8.3044,8.312,8.1693,7.9286,8.2875,7.729,8.2757,8.2797,8.3098,8.2919,8.3294,8.3246,7.3999,8.3623,8.3738,8.3802,8.3817,8.3898,6.9817,8.3816,8.3863,6.7689,8.185,8.3176,8.3377,8.3387,8.3167,7.1207,8.2468,8.4385,8.4321,8.4028,8.4138,8.4012,6.8343,8.3828,8.4106,8.4241,8.4197,8.4249,8.4272,8.429,8.416,8.4159,8.4041,7.8136,6.5988,8.0928,8.1503,8.1742,8.1758,7.5908,7.3462,8.5495,8.5365,8.4964,8.4762,6.4752,7.6881,6.4643,6.5774,8.1248,7.4805,8.1469,8.2266,8.2934,6.2885,8.2544,8.2751,8.2081,7.0005,8.1385,8.187,8.1706,8.1766,8.4573,6.9025,5.8885,8.5896,7.6003,7.8101,8.3486,8.4484,7.8561,6.5954,8.4268,6.6166,8.4773,7.1495,6.6607,8.4268,9.0395,8.5007,7.1811,7.6092,7.4353,8.5494,8.4855,8.488,8.3955,5.7735,8.5734,8.5384,8.4556,6.5599,8.4685,8.389,6.795,8.6302,8.534,8.5346,8.5407,8.5495,8.5199,8.5102,8.7121,8.5201,7.0271,6.7299,8.0874,8.5431,8.5289,8.5187,6.3613,6.8245,5.169,6.1796,8.4519,8.4734,5.6972,8.534,6.8332,8.6562,6.9003,8.6061,8.583,6.8489,6.7275,6.7888,8.529,8.5286,8.1204,6.9667,8.621,8.5755,6.7168,8.4925,6.6356,7.5636,7.6467,8.708,6.6346,8.7847,1.2045,1.2886,6.962,7.0798,6.737,6.6881,6.98,6.7276,7.9019,6.9022,6.098,7.1027,6.8033,7.3506,6.4808,7.067,6.1463,8.4192,6.7336,7.3722,6.4224,5.3884,5.4875,6.9058,5.5224,7.7003,5.8923,7.6365,7.1342,6.6416,6.0467,6.0966,4.5547,6.9188,5.9251,5.9334,6.5861,6.5694,6.0791,6.3163,6.7194,6.5748,5.8572,6.5114,7.1477,4.6665,7.1441,7.0973,6.243,6.0864,5.8804,6.7329,6.9547,6.4665,5.8965,5.2294,6.7456,6.4556,5.7152,7.5469,6.167,6.3203,6.0464,5.9476,7.3004,6.3903,5.8081,6.9729,6.8142,3.7188,6.3458,6.3827,6.1191,6.5181,5.3936,6.5356,7.3519,5.9449,6.4594,6.0178,5.1239,5.5357,6.0403,4.4363,4.2448,6.0387,5.8302,5.9008,7.017,5.8795,6.5797,5.2774,7.8261,5.6961,6.2706,6.8896,6.8324,5.5564,6.1757,6.3417,7.1119,6.2019,5.2418,6.0314,5.6209,5.725,5.4313,6.0127,4.8,6.4491,5.2485,6.979,8.0921,5.8534,6.3927,7.1917,6.4539,6.5302,6.5008,6.4198,6.0492,5.4714,5.3858,6.4325,4.7917,6.9609,4.2954,4.6582,3.1989,6.4077,4.8836,5.0714,4.6486,5.8421,4.8531,5.0204,4.2784,5.9929,5.8801,7.0547,6.6389,5.2272,7.0959,5.7994,5.8454,7.0627,6.4637,6.6413,4.9486,5.4856,4.4304,4.4705,4.8483,7.1467,6.9677,6.2746,6.319,5.481,5.9933,5.6585,5.2628,5.8871,5.9709,7.1266,7.0478,5.615,5.7682,6.2038,6.3866,6.8639,5.1467,6.6304,5.0434,6.7051,5.5086,6.1857,6.0881,6.5828,7.0926,4.9559,4.6553,5.7587,5.1785,7.9032,5.7551,7.3841,7.1407,6.4872,5.5965,7.0365,8.2638,7.2325,5.6984,6.5414,6.8084,6.4482,6.8446,6.5827,6.0816,7.1315,6.1701,6.001,5.5953,5.2816,5.5097,6.5565,5.7596,5.2264,6.9235,7.3502,6.3173,7.3485,2.8558,6.1264,8.4473,6.209,7.5059,6.4639,6.5421,6.5254,6.498,6.4932,6.252,6.2107,7.4632,6.7286,4.4656,5.3362,5.9587,6.9117,5.8252,6.2452,5.8486,6.6605,7.2198,6.4473,4.64,6.4592,7.5158,7.2608,7.2913,7.4415,6.2553,6.5194,6.1067,5.8949,5.9542,5.7544,6.4568,8.0052,4.858,5.3875,6.2535,7.4872,7.4116,6.3768,5.5316,6.071,7.4221,7.1835,6.2622,6.3358,6.9592,8.3431,7.244,6.1182,5.8108,6.6637,5.7642,5.9971,5.7338,6.7458,6.4273,6.089,5.3859,6.5839,5.5662,7.9949,5.9563,6.2083,5.9193,6.1581,7.0711,5.4986,6.292,7.0768,6.3232,5.9434,6.5285,5.6829,6.4633,6.3275,5.6585,6.796,6.5561,5.6542,6.8435,6.1531,8.1905,8.049,7.2889,8.0499,6.8332,6.0291,5.6846,7.1751,5.744,6.1271,8.2247,8.3247,8.3562,8.292,8.3633,7.1169,7.7355,6.4841,8.3652,6.8681,8.3426,8.2562,8.6166,8.3828,8.3763,8.3844,7.608,8.2704,8.37,8.3612,8.3109,8.723,6.3761,8.1814,8.2628,8.3211,8.3468,8.3117,8.0976,8.3295,7.6212,8.4552,8.2504,7.0095,6.1357,8.2858,8.3034,7.0391,8.289,8.3077,8.2921,6.6611,8.2673,8.28,8.2672,8.2358,6.5912,8.6257,7.8351,8.3213,8.3618,8.3771,8.3597,8.358,8.3558,8.3528,6.6167,7.082,8.3331,8.368,8.3452,8.811,8.3381,8.3479,7.3235,7.7567,8.2326,8.2967,8.2774,7.5145,7.136,5.8422,7.1509,8.0067,7.153,8.003,7.9679,8.177,7.652,8.1076,7.3692,7.8977,8.1688,8.1224,7.9916,7.1103,8.1164,8.0663,8.9607,7.5672,8.1169,6.6968,8.0573,6.6328
34,8.0665,4.0459,8.5636,7.8072,6.2456,8.4647,8.4976,7.057,3.1931,2.4768,8.3734,8.4069,8.2486,5.8095,6.7653,3.1047,8.3945,8.5382,8.5239,8.4996,3.0005,8.4582,8.7346,8.5975,5.6894,3.1252,8.5015,6.3973,7.2391,3.6863,5.2152,8.3625,5.4161,6.4005,5.3907,8.3179,8.3659,8.4044,8.4283,8.4557,8.4945,3.0604,8.4377,4.1958,5.8592,8.5052,8.5011,6.6367,3.4627,8.7022,8.4858,8.9188,8.4778,8.5912,8.8668,8.5315,7.3243,7.8182,8.4743,3.1058,8.4329,6.7168,5.0852,5.9225,5.1126,8.2676,8.4233,8.5329,8.4469,8.4986,8.5773,6.9177,6.26,3.5323,7.0395,8.484,8.9918,8.564,8.5639,8.5741,8.5201,8.6181,8.5633,8.5961,8.5445,4.1198,7.5428,8.4681,8.5025,8.5494,8.5865,7.6109,8.5636,5.0986,8.4398,8.8124,7.1204,3.7801,8.4831,8.5446,8.5595,8.6135,8.5579,8.55,4.1977,5.1581,6.4792,6.4695,2.5474,2.3577,3.3256,8.434,8.4937,8.4507,8.5026,8.5137,7.686,8.4855,8.4962,6.7499,5.2094,8.5242,3.3657,5.8562,3.5885,8.4235,8.4733,8.5345,5.5631,3.1964,3.2062,8.4356,8.4542,7.2107,5.3565,4.1904,8.4422,3.3721,8.4356,3.2623,8.4354,8.4792,8.5719,3.2189,6.3423,5.9313,8.3483,8.4433,8.6071,3.464,8.4169,8.4912,8.4664,3.6544,8.5266,6.5375,8.4665,4.4274,8.4586,8.4417,8.5004,8.7613,8.5316,8.5163,8.5416,8.4729,3.7069,4.5172,7.0197,5.875,5.4593,6.1101,6.4001,6.679,5.8847,8.377,5.391,5.2903,8.3765,8.4053,3.5475,8.4168,8.4988,8.4723,8.5113,8.5228,3.8014,3.5091,8.4849,8.5093,8.533,5.76,6.6277,6.4719,6.7872,6.7373,6.616,7.1763,6.6363,6.4734,5.6846,8.5125,7.9582,6.0305,6.4475,8.4253,3.5117,8.4067,3.8162,6.61,4.329,4.4129,8.4174,3.3006,8.4401,6.4179,6.7089,6.6271,6.3375,6.4707,5.7816,5.5634,6.7518,5.605,7.1882,5.1984,6.3181,6.178,6.158,5.6225,5.5983,6.6507,6.0342,8.3492,4.3813,5.4512,5.265,5.9055,5.3049,4.5212,7.0801,5.3565,7.0241,7.0244,6.6018,7.0367,6.4816,7.0179,7.4185,6.3367,5.9234,6.6685,6.9485,4.9901,7.1905,7.1984,6.623,6.3741,6.7953,6.4196,6.3368,5.8647,5.9042,6.4478,5.0388,6.916,5.9743,5.2637,8.0416,5.6017,6.5534,6.3757,6.6777,6.2403,7.0815,4.6472,5.801,5.989,5.7573,6.5871,6.1043,7.4503,6.5419,6.3121,7.4512,7.3261,6.8085,7.3014,6.3773,2.5413,7.5051,6.5072,6.6938,6.3192,5.5693,5.8077,4.5181,4.3749,6.4178,6.1757,7.4185,7.5065,6.2767,7.6509,6.6548,7.5854,6.8731,6.2919,6.182,6.4817,6.8272,6.2049,6.4012,6.7195,7.1437,7.3798,7.6338,6.9717,6.8482,5.7286,6.4783,6.1575,6.726,6.4762,4.7166,6.7089,5.4928,6.9252,6.5847,6.5275,6.9551,6.6853,8.0512,8.1781,6.7559,6.3728,6.0915,6.6517,6.0297,7.3114,4.9027,3.9394,5.8916,5.8751,6.3328,5.732,6.7681,5.9545,5.7707,4.577,6.5789,6.0042,7.594,8.0742,7.1259,7.2915,6.5231,6.8061,5.7407,5.5095,6.9068,6.3427,6.4062,6.2797,6.9026,6.3333,5.8377,6.8479,5.4153,4.9242,6.8028,5.8508,6.454,4.3402,6.7136,5.9897,6.5578,6.2263,7.1682,5.9689,7.12,6.005,6.3306,6.3976,6.6256,6.6774,5.8029,5.9169,6.9258,6.3562,7.3642,6.1708,7.0544,6.7169,5.9705,5.6961,6.8595,6.2065,5.9291,5.1607,6.2808,7.3776,6.1814,7.4078,6.3795,5.8946,6.9619,6.8463,5.7577,6.1894,6.4337,6.6584,6.4285,6.6484,6.4712,7.35,6.3405,5.6846,7.1871,6.521,6.4195,6.5904,6.0496,5.9495,5.4534,6.6594,5.9368,5.926,6.9773,8.4004,5.2864,5.5782,5.792,6.0511,6.7331,7.9644,6.3377,6.5518,6.8437,6.5421,6.4702,6.7814,6.4162,6.9329,6.408,6.5642,6.1944,6.1284,6.6619,6.4972,5.8899,5.6069,6.4177,5.5731,7.1617,6.0991,6.3395,5.04,5.4006,4.9649,8.9216,6.0393,7.0345,5.6478,6.5282,5.8783,6.802,6.1575,6.9022,8.3882,6.4945,6.1038,6.2347,5.9836,6.6881,6.2784,5.7093,6.112,6.5926,6.295,6.5922,5.5678,6.8402,6.0545,5.6118,5.5998,6.6122,8.3617,5.5951,5.8363,7.0425,6.2266,6.4144,5.7012,6.4501,5.5341,6.0183,6.2706,5.866,6.3064,8.3763,8.4333,7.2155,6.1623,6.1431,6.2189,6.0757,8.3852,5.5273,5.5212,8.4403,7.3441,5.584,5.5719,5.7185,6.1351,8.46,5.9708,6.3954,5.2379,6.7515,6.3306,6.6457,6.3898,8.5247,8.4908,6.7051,5.8146,6.4462,5.7466,5.5913,6.172,8.4159,6.2237,7.9461,8.4416,5.9718,5.6114,6.5978,5.6578,8.4683,5.9693,5.825,5.9452,6.0379,7.0155,6.1737,5.3134,5.8169,8.3463,8.4469,5.3363,5.6981,5.7884,6.0221,6.5575,6.1919,5.8411,6.2585,5.5303,6.3535,6.2172,6.0786,5.8858,5.6258,5.8582,5.4654,5.9149,5.5218,6.2805,5.749,5.9538,5.5938,8.3116,6.5062
35,8.3381,8.6334,7.0984,8.3767,8.6414,7.2017,7.9538,7.6771,8.0024,8.287,7.042,7.2596,4.7597,8.2332,8.5503,8.3221,7.6617,6.8137,8.4147,8.2274,8.227,8.2324,8.8723,8.4984,8.2716,8.0237,8.3608,8.3555,8.3308,8.4143,8.2459,8.4599,8.1884,8.3546,8.4084,8.4528,8.3551,8.3488,7.7395,8.3391,8.3629,7.7366,8.4567,8.2194,8.2424,8.2373,8.2114,8.1305,7.4873,8.4443,8.4283,8.4362,8.4997,8.5439,8.2567,7.5391,7.9904,5.8563,5.3727,8.214,8.2352,8.2245,5.6586,8.2042,8.2046,8.6037,7.8828,8.5966,8.792,8.3899,8.3414,8.2047,7.6411,7.0612,7.06,7.0363,7.7981,7.2773,7.7216,7.5387,7.3548,6.9929,7.8887,7.811,7.4932,2.9267,8.2965,7.0666,6.7663,7.4783,8.4936,8.4078,6.4723,8.5184,7.365,7.5686,7.5533,7.3844,8.096,6.1033,8.0814,5.5511,7.0859,6.1183,8.6939,6.1812,4.9164,7.4875,7.4455,8.6476,8.4171,5.6195,6.8027,6.3342,7.7923,8.0737,7.8104,7.6291,7.6738,6.6617,8.4171,8.1808,7.0485,6.4862,5.5519,6.5426,7.065,7.0157,7.5099,7.37,6.7164,7.1742,6.6507,7.0008,6.7618,6.7942,7.7533,6.7646,6.9012,6.6547,7.1913,6.7151,7.3645,6.5542,6.5873,8.4276,7.6833,5.6349,5.6783,6.8628,7.0704,7.0789,7.3751,5.6628,6.5365,8.4344,7.3732,7.9211,8.1007,6.9965,6.8493,7.991,7.3649,8.4945,7.6301,6.9201,6.7111,8.3949,8.0743,8.5023,6.1371,6.5198,7.3444,5.8091,6.0519,6.7878,7.8867,7.3704,8.4684,7.7997,8.551,7.1178,8.3652,7.7554,8.6014,7.3959,2.4558,7.583,6.4785,6.9405,6.318,8.5111,8.2749,7.5472,6.741,5.9201,7.5949,6.9612,6.5582,6.6595,7.0551,6.5989,8.4325,7.8408,8.5315,9.1058,7.9868,7.5546,7.2094,6.1753,7.9474,8.4276,8.3846,1.494,8.2876,5.0303,8.4992,7.5222,8.1333,8.4901,7.3229,6.7935,6.855,6.2932,6.8188,7.2749,6.6066,7.9834,6.3997,9.3473,7.0689,7.1683,6.4169,6.0438,6.6967,8.4692,7.8215,7.1273,8.3365,8.4007,8.597,8.3614,7.3292,7.9578,6.5687,8.9854,8.4241,8.0444,8.4435,7.5404,6.7072,6.4785,6.6824,8.6795,7.4067,6.055,7.1961,6.5634,6.0724,6.2481,6.1833,6.5327,6.5522,6.132,7.7014,6.8417,8.449,8.5096,6.8657,8.305,7.9166,7.7395,8.2824,8.6768,6.953,6.7499,5.933,6.5345,6.4304,7.1065,7.1421,7.7126,6.3468,6.2064,6.2458,5.9011,8.1152,6.63,7.464,7.4999,7.9395,7.5415,6.8117,6.5698,7.614,8.8623,6.4697,6.4013,6.6777,5.914,6.9228,7.0123,6.6675,7.4364,7.9356,6.824,5.1086,6.8312,6.9781,5.9857,6.7854,7.9901,7.3823,7.2967,6.8483,7.2983,7.339,8.0674,6.6469,7.3752,6.0493,7.173,6.5509,5.8251,7.6053,7.114,7.9962,8.6981,7.0735,7.2653,5.4243,5.9073,8.327,7.5749,5.9892,6.29,7.3423,6.7886,7.4967,6.828,6.9708,7.3185,7.6996,6.5437,7.0065,6.862,6.6586,5.2983,5.9691,7.209,6.1094,8.4323,6.8341,6.8336,6.4724,8.4257,7.4154,8.4384,5.9539,7.8444,7.3079,7.647,7.3512,7.1529,6.9926,7.9362,5.5266,6.2426,7.3105,8.6476,6.6586,6.0167,6.4463,7.0516,7.1066,7.0142,7.1879,6.7363,5.4246,6.7709,8.3375,6.6137,6.0946,6.1718,7.4869,6.4214,6.6637,6.7451,7.8573,7.6842,6.5885,8.4195,8.4912,6.966,4.7147,6.4957,7.4616,7.114,7.6969,8.0465,7.0129,7.4539,6.9068,8.4484,8.471,8.9737,5.9489,6.1002,6.9416,7.2606,7.1642,7.9863,5.6428,5.5919,6.034,6.8166,7.1134,8.385,6.4114,7.0589,6.3359,6.8712,6.9852,7.2093,7.0043,6.3339,8.7221,8.4515,6.4709,8.4455,5.7436,8.4449,7.1579,6.8372,5.7498,7.223,5.9545,5.6393,6.8721,6.6382,8.3646,7.337,6.6724,6.6736,7.5226,5.8953,5.4686,5.5265,6.2887,6.4749,7.1831,6.8831,6.9753,5.9587,5.8244,6.1498,5.5808,8.0887,8.0312,5.0972,5.5686,6.1334,6.5602,6.3476,6.2039,7.2581,8.3275,7.6177,8.3669,8.3891,6.6854,8.3823,9.1921,6.8947,8.3853,8.3975,6.6159,7.6005,6.9567,6.9803,8.0658,6.2402,6.0864,8.3329,5.8005,6.5111,5.5935,8.3719,8.3971,8.1094,8.4001,8.4542,8.4796,8.4714,7.9032,8.4934,8.4847,8.3668,8.0397,8.5087,8.4434,8.4581,6.3326,6.7878,7.5606,8.3468,8.3289,8.3742,7.388,8.17,8.4077,8.083,4.1707,7.9641,7.8457,6.6247,8.3369,8.3191,7.6088,8.1615,8.3632,5.2385,8.0366,8.3123,9.0245,8.3256,7.4691,6.4015,7.9253,8.2765,8.3681,8.4014,8.3958,7.4631,7.3835,8.3373,8.3528,8.336,8.3219,8.3372,8.3636,8.3202,7.7816,8.351,8.3502,6.3916,8.0569,8.259,7.8206,8.3645,8.1655,7.334,5.653,7.2085,8.1164,7.2926,8.0515,8.209,8.258,7.8367,8.2569,7.7758,8.1485,8.2751,8.2655,6.98,7.5746,8.2448,8.2525,6.6289,7.7502,8.1735,8.0259,8.2442,6.5907
36,8.7964,8.2056,8.9643,8.6516,8.6624,7.8552,7.7453,8.3368,8.2978,4.6718,8.3777,8.3757,8.4187,8.4387,8.4778,8.4266,8.2376,6.4631,6.8454,8.4565,8.4924,8.3987,7.7442,7.8972,8.5511,8.1065,8.3308,8.3526,8.4097,8.4032,8.3867,6.8904,8.3844,8.3403,7.1122,8.3054,8.309,8.3205,7.2619,8.2911,8.3124,5.6126,8.3175,8.3498,8.4098,8.3779,7.0397,6.5429,8.2812,8.3926,8.4215,8.4268,8.4737,8.4769,8.4256,8.4774,8.4619,7.755,8.5412,8.5698,8.458,8.4489,8.4611,8.4765,8.4696,7.7067,4.8695,8.029,7.0799,8.453,8.3608,8.524,6.9991,8.6575,8.6301,8.5725,8.5677,7.9977,8.5007,6.3401,8.368,6.7868,7.4254,8.3729,8.3462,7.5689,7.3476,8.2764,8.2965,8.2538,7.9267,8.2855,8.2773,8.2801,7.861,7.704,8.2404,7.7148,8.3669,8.3557,8.3884,8.3892,8.4276,8.4173,7.6244,7.5238,8.3031,8.1229,8.2355,8.3176,7.6704,8.3221,8.3055,5.4095,6.7369,8.2241,8.2914,8.3032,8.2907,6.0581,7.2789,5.3503,8.0325,8.2503,8.2852,8.2321,7.0377,6.3005,3.4306,8.8051,6.8319,8.1985,7.6281,7.6257,7.1446,8.1959,8.1255,7.774,5.9246,4.8513,8.0633,8.0788,7.7408,4.4775,7.2796,8.4519,6.7599,7.0826,7.2897,7.2167,8.5596,8.5277,7.0761,7.1424,8.4674,8.4742,7.0861,8.4665,7.1463,6.2374,5.3579,7.3233,8.6469,8.4532,8.4304,8.4602,8.1139,7.2754,7.3197,7.7629,8.5989,8.5865,8.0606,7.6075,8.6187,8.165,7.5943,8.0998,8.5194,8.5186,8.5368,8.6132,8.5662,7.1704,8.8707,7.5267,7.6773,8.3448,8.4976,7.7418,1.8596,6.3701,5.9438,8.5713,8.4776,8.7635,8.5013,6.6683,3.8138,8.6099,8.7482,8.5714,8.9877,6.6008,8.6073,8.2586,7.1813,8.5269,8.2516,7.1539,8.8185,8.749,8.6326,8.634,8.5725,6.9221,6.3618,8.6321,8.6945,8.6244,8.7046,7.1466,6.2077,6.1666,8.7168,8.6122,8.6019,8.6987,8.6062,3.0334,8.6647,8.632,9.0552,2.2964,8.8614,6.378,8.537,6.5225,8.5052,6.532,6.1897,8.2928,8.0019,6.5061,3.8398,5.904,8.7804,6.9659,6.489,6.3811,6.604,8.6096,8.6092,2.7735,8.6983,8.5703,7.0242,8.703,7.4742,8.6099,8.6987,8.5761,7.8232,6.7941,4.91,5.2263,5.7364,4.862,8.4613,6.5743,6.4157,5.8657,4.4683,5.9016,7.0841,6.8066,6.6843,5.5715,3.3823,7.0717,8.5494,6.8751,7.1558,8.5191,8.5306,8.5967,6.5166,7.1313,4.1209,4.2656,5.2692,5.7192,6.5622,6.2969,5.9261,6.0179,4.7746,5.4015,6.9468,7.4064,8.5833,5.9395,5.4687,4.2662,7.1065,6.1827,6.5732,8.4926,8.5195,6.8196,7.5248,6.7318,3.9198,3.7782,4.3714,6.2923,5.3789,6.4322,5.881,6.1617,6.1207,6.0057,7.2344,7.0339,6.4958,6.2123,5.8107,6.26,5.9356,6.3314,6.098,3.1501,5.6832,4.4844,6.352,7.0143,5.4271,7.4743,6.9684,4.4204,6.1807,6.3796,6.879,6.5927,6.3398,6.4075,6.3434,5.9386,5.8878,7.0357,8.0031,6.8904,7.8888,7.0132,4.5955,7.1799,7.6201,5.9305,5.3114,7.1042,7.3877,7.129,7.3058,7.0471,5.3442,6.5677,6.301,5.5284,7.8341,7.2443,6.456,7.0802,6.6027,6.2911,6.2733,7.085,5.9661,6.1791,6.9296,6.3479,5.7992,7.0179,7.152,7.0246,6.4724,7.7574,6.3855,7.3519,4.2447,5.4661,5.1253,8.4167,8.2988,6.3276,5.8456,5.8476,5.5185,6.2813,6.1671,6.0849,6.4013,6.0363,6.0204,6.9679,7.4128,6.1835,5.6516,6.2681,6.8544,7.3068,7.9148,6.6928,6.1859,6.8171,5.8618,6.743,5.8743,5.7871,5.9512,5.7958,8.6166,7.5046,6.0989,6.9726,6.9891,6.4246,6.8205,6.3019,5.7824,6.6678,8.0009,6.574,8.706,8.9772,8.1062,8.5419,7.4784,7.3237,7.4604,8.5224,7.6053,7.0777,6.2079,6.963,7.2549,7.6495,8.3387,8.4568,7.5094,7.39,7.1847,7.0211,8.4669,8.4995,8.7071,8.6848,7.9508,5.823,8.4523,8.4513,8.4971,8.4789,5.4845,7.738,6.5337,8.4831,8.5079,8.5064,8.4961,8.5081,8.541,7.873,8.5198,7.3483,8.5372,8.5269,6.746,8.4802,7.7916,7.4601,5.8693,8.4848,8.5453,8.5217,8.5439,8.5182,6.3857,7.4605,6.3246,7.8906,5.7444,8.5141,8.5013,8.5177,8.5285,8.513,8.5029,7.2843,7.5196,8.5661,7.4272,8.4041,8.4173,7.517,8.7894,8.4449,8.4773,8.4897,8.5115,7.137,8.4483,8.4485,8.0714,6.9634,8.2504,5.6825,8.4055,8.4129,7.1983,8.4231,8.4308,6.1032,7.114,8.3933,8.9524,8.4126,7.4176,7.1852,8.3311,8.1614,8.3681,8.4274,8.4429,8.426,6.6121,6.0662,7.0233,7.1941,7.2866,8.3763,8.3788,8.4561,7.8443,8.3232,8.3494,8.3455,8.7504,8.2495,8.3147,8.3025,7.5048,7.1488,5.7565,7.0908,7.6976,7.2925,7.8157,6.0887,7.8803,8.1297,7.3885,7.4337,7.8307,8.1094,8.1108,7.8404,7.3663,8.1725,8.1082,8.1589,7.3399,6.3949,6.4825,7.6738,6.5362
37,8.8954,8.2203,8.1836,8.1527,8.2101,7.947,8.0143,8.0955,8.096,6.2799,7.7609,8.1282,8.1493,6.9384,7.5876,8.0969,8.1726,7.6055,7.7018,8.0742,8.1574,8.138,7.0408,7.9248,6.9939,8.4257,8.1004,8.159,8.2013,8.4919,8.374,8.2762,7.2948,8.0953,8.1539,8.1815,8.1995,8.2229,7.2691,8.2155,8.2463,7.8797,6.8784,8.2397,8.2804,8.2476,7.7439,7.3569,8.3678,8.2437,6.8733,8.294,8.4411,8.6303,7.843,8.2743,8.2165,8.2882,8.29,8.3085,8.3188,8.3403,8.3705,8.4071,8.3736,6.1107,7.7339,8.2249,8.2824,8.2273,8.1246,8.2514,6.4167,8.6174,8.358,8.3798,8.391,6.4348,5.5676,8.3261,8.4199,8.366,8.365,8.3862,8.4298,8.4141,8.4299,5.8811,8.3839,8.4198,8.4143,8.4091,8.4385,4.8053,3.8718,5.219,4.371,8.1416,5.8262,8.3318,8.356,8.4067,5.141,8.5339,8.4304,8.4259,8.4321,8.4634,8.5075,9.0294,8.4563,8.4824,4.1789,4.2866,4.4229,4.834,5.6687,5.8345,7.6013,5.6512,6.5113,5.8858,8.4348,8.4826,4.7401,5.2973,5.5393,8.445,8.4084,8.4488,8.8024,8.4908,8.5532,8.5346,8.5077,7.2229,6.4133,5.9861,6.4249,6.1802,5.396,5.9843,5.6152,6.6847,6.6108,6.4042,8.652,4.4107,8.5046,5.6154,5.9592,5.7157,4.5364,4.728,8.3289,8.3944,6.6043,5.2318,5.5524,5.8807,6.2317,6.9509,5.866,6.8134,6.1026,6.058,5.8682,6.8057,7.3191,7.3948,4.97,6.0088,5.2824,6.1127,5.8658,6.8243,6.4657,4.3733,5.2408,5.9628,5.166,5.5127,7.4584,8.0853,6.1902,5.8583,5.9199,5.7692,5.7039,5.8945,7.9843,5.7768,7.1017,6.896,6.3811,6.243,5.7836,6.8406,3.9444,7.5126,4.4741,2.9103,7.3681,7.0552,6.4034,6.9963,7.9417,5.9972,6.0686,6.1862,5.9547,6.0599,6.2638,6.6851,5.9552,6.0738,6.136,6.8328,7.0118,6.4348,6.2756,5.5622,5.9166,6.5005,6.2579,6.0058,7.526,6.0482,6.706,8.203,6.3475,6.872,6.3049,6.0401,6.7577,6.2335,5.7314,5.8303,6.6143,5.9388,7.4865,6.9041,8.3551,5.6441,5.6839,5.7493,5.6322,6.343,7.4159,6.2486,6.4207,6.3625,6.5082,6.0154,7.7679,6.8146,6.0855,6.3213,6.4062,7.2459,7.028,5.9131,6.3371,7.6957,7.8786,7.982,7.003,5.8642,5.7918,6.1394,5.5506,6.1431,7.0599,2.2576,5.2446,6.635,7.4883,6.2739,2.6808,6.0485,6.4938,6.4024,6.4249,7.4994,8.3934,6.342,6.8429,6.0754,5.4793,6.1977,6.495,7.5539,6.634,7.7237,6.3123,6.4645,7.11,3.0663,5.2502,7.1909,7.8582,5.2075,5.3131,6.5211,7.2203,5.2573,6.3569,7.4208,6.3271,6.0731,5.8528,7.5112,5.8818,5.6293,6.6904,5.8714,6.1606,6.4485,7.5716,4.8148,6.231,2.6647,6.6727,6.0005,6.193,3.3766,5.1253,6.2763,6.2148,5.7516,6.1928,6.1601,6.5141,6.5747,6.7079,7.5005,6.2316,5.8673,5.3847,8.3325,8.5269,6.066,5.8731,6.4558,4.8964,5.6664,5.0075,5.0263,5.5125,5.4625,5.1596,6.2838,5.4778,6.0521,7.1881,6.9663,5.7337,7.0984,6.9418,5.6574,6.0228,5.9903,5.0316,8.2618,8.3484,8.3913,7.552,5.7537,5.1148,4.6839,5.3769,5.1627,4.78,5.5466,6.3008,7.8025,6.637,6.2531,6.102,6.3321,6.5787,8.6972,8.1794,8.0263,8.1494,5.2928,8.3089,5.4898,8.3422,7.7286,8.3582,8.3946,5.2692,4.7099,8.2947,4.889,5.147,4.9848,5.9326,6.8317,6.4892,6.3799,6.3757,5.9954,6.3332,6.6707,6.1282,6.8723,5.8065,8.361,8.3996,5.4977,8.3228,6.5349,8.3559,8.4742,8.8239,8.435,5.2297,6.2451,5.4159,5.6979,8.3786,6.3703,6.9393,6.3536,6.2321,6.638,7.0843,5.6546,6.066,5.5972,6.3715,8.3982,8.3994,8.432,8.458,8.5413,8.4542,8.4576,5.3114,8.3833,4.8235,5.2611,6.5048,6.3829,7.9155,5.9687,6.4418,5.8242,7.1495,5.6351,7.371,6.1431,6.0024,5.1888,5.907,6.0967,8.347,5.7924,8.3199,8.3852,8.6507,8.4559,6.9992,8.4243,5.6009,6.7375,5.7289,5.4445,6.9224,7.3401,5.3237,6.0353,8.3638,5.9306,8.4136,6.1547,5.8611,4.6906,6.0213,8.6276,7.203,6.4686,5.8547,5.1914,7.2488,6.1947,6.5766,7.4267,7.8676,8.1472,6.3382,6.9191,5.4369,7.6585,7.3876,5.3802,5.8236,5.6504,8.4189,5.585,7.0136,8.5113,7.4509,8.0922,7.072,8.3462,8.3882,7.0028,8.3855,7.9039,7.7617,7.4025,8.5269,8.3586,8.3827,8.4035,8.3913,8.4043,8.4208,8.3233,7.3613,8.4039,8.4319,8.43,8.1408,7.2777,7.6497,7.4088,8.2907,8.3846,8.412,6.7888,8.3816,6.2328,7.8518,6.1806,6.98,8.3273,8.3604,8.3656,7.7264,8.3529,8.3745,5.1227,8.4028,8.3273,8.3643,8.3465,7.5839,8.0608,6.0471,7.8919,8.1944,8.1807,8.3057,8.2962,8.369,8.5721,8.0598,8.019,8.209,8.3084,8.3105,8.3089,7.3457,8.3327,8.3331,6.9788,8.4395,8.3107,8.1887,8.2413,6.9295
38,8.3344,7.7735,8.356,8.4557,8.5406,8.6531,7.4114,8.2507,8.3221,8.4906,8.3684,8.3714,8.3637,8.3653,7.644,8.3829,6.6235,7.0879,7.8357,8.3249,8.317,8.6271,8.5193,8.12,8.6481,7.5696,8.349,8.3452,8.3453,6.9069,8.5508,7.7855,8.3775,8.396,8.4146,8.3723,8.3652,8.3671,8.1474,8.3305,8.3429,7.9756,8.3511,8.3763,8.364,8.2107,8.4982,8.2105,7.5627,8.4765,8.4338,8.4182,6.5792,8.7148,7.2433,8.1634,8.2479,5.3254,8.0873,8.1885,8.2217,8.2309,7.6493,8.227,8.2565,6.776,7.1913,8.0322,8.0884,8.3677,6.6357,8.3837,7.4095,7.7683,8.4066,8.4087,8.4132,8.4023,8.4075,8.5387,8.5187,8.4346,8.4477,7.2503,7.0923,8.3266,7.2924,8.4642,8.4992,8.4668,8.1452,8.4905,7.9229,4.8777,7.4038,7.0035,7.7394,6.8015,8.6222,8.5293,8.5585,8.5628,7.8474,8.4605,6.7598,8.5574,8.5814,8.6119,9.1085,7.8664,7.7648,7.6993,7.7984,7.7745,8.1462,7.9917,7.4607,8.8721,6.8266,8.3625,8.0009,7.8585,6.7164,8.4218,6.0946,8.4577,5.7508,5.7168,7.5258,8.4611,8.4826,8.5069,7.2934,8.5246,8.5216,8.5218,8.543,7.0398,8.4901,8.0532,8.5215,8.5176,6.8266,7.5494,8.4431,6.4735,6.6349,6.7971,5.4564,4.3982,4.9623,5.8045,5.2019,8.4208,8.4431,8.4983,8.5328,8.5242,8.513,8.5209,5.0099,8.377,8.4099,8.4382,8.4809,8.4541,6.2037,7.2982,6.299,6.0917,6.4155,6.7635,5.3642,4.814,5.9049,5.018,5.7285,5.0478,8.2759,8.3705,8.4228,8.4504,8.4989,8.4741,8.4804,8.5704,8.4939,8.4806,8.5125,8.0528,8.4876,7.8997,8.5197,4.2668,5.755,5.718,7.3435,4.368,5.3797,4.5132,5.8935,6.1855,8.4357,8.4712,8.4824,8.5127,8.5065,8.5163,4.9637,5.2585,8.3686,8.1308,5.6287,6.9345,6.3133,7.3024,7.8772,5.6023,5.7611,4.9241,5.7806,7.3439,3.7416,4.9321,4.3925,6.294,7.1724,8.36,6.8002,8.4284,4.5216,6.1396,7.9016,6.9625,7.8618,5.2956,5.9796,6.2316,6.0234,7.9767,8.4508,6.4516,5.5746,8.4176,5.5999,3.9289,6.8079,7.0857,4.1934,4.6408,4.8802,7.2016,8.3415,4.5951,5.9368,5.994,6.0676,6.9607,4.9513,5.9104,5.6162,5.8012,5.884,8.2163,7.8004,6.6927,6.4173,8.4627,7.2737,8.4395,4.2889,5.1249,4.8212,5.2181,6.7769,5.852,5.5678,6.3443,5.9748,7.7279,6.1487,5.0257,5.1627,5.3374,5.6423,6.263,5.6382,7.2248,8.3862,6.5531,5.9364,4.9749,8.3272,8.6126,6.6563,6.2241,4.4931,3.2598,6.9549,5.4704,5.915,5.4664,7.4855,5.0268,5.8158,4.9565,4.7691,4.3939,5.596,5.5766,5.413,4.0086,7.3444,6.5222,5.553,8.2929,4.9267,8.3689,6.9505,5.3332,4.4817,7.6776,5.2208,5.3812,6.5844,6.2813,5.4859,7.173,5.5888,5.0587,5.0142,5.3771,6.3736,7.1569,8.3348,5.2726,3.0303,6.7338,8.27,5.1785,8.3296,8.3643,4.518,5.8297,4.7015,6.0805,5.4912,5.1158,5.9224,6.0665,6.2734,5.2881,4.7538,5.6088,5.3344,6.1265,5.2709,7.8216,6.6458,7.7997,6.3791,6.4194,4.861,5.9747,5.604,4.457,6.155,5.9329,5.7179,6.1096,6.0229,5.1022,5.8808,6.3225,6.8752,4.9645,7.3392,5.3651,5.2697,4.5783,6.5593,7.7309,7.1817,2.7956,8.1668,8.4998,5.0233,8.4275,8.4546,5.4305,7.7942,4.7353,5.652,4.942,4.6796,4.9435,5.3338,5.4816,5.0223,5.8103,8.1713,5.6312,4.9641,4.8796,5.7067,6.6827,7.6574,8.3474,8.404,8.3876,5.2045,5.5628,5.0423,6.8734,6.9274,5.4239,5.5583,4.3685,6.4975,5.9116,4.8748,6.479,6.0121,6.2388,5.7246,6.0966,8.3071,5.7928,5.973,6.8488,5.6884,8.4279,5.2106,6.4417,6.2428,8.3625,8.3852,6.4166,5.0515,4.8161,6.1359,6.4653,5.9199,6.2753,5.4623,6.6221,6.1692,5.4191,6.8956,5.9067,5.3312,5.3939,5.8419,5.8674,6.4938,7.0269,6.8443,7.8377,7.7252,8.1066,8.2521,7.7572,7.0151,5.1532,4.84,6.9738,7.2974,7.3913,5.094,7.8372,6.7771,6.2793,6.2733,6.6067,8.0776,8.239,8.1762,6.5651,7.6891,5.9609,6.0878,6.915,8.4008,6.2902,8.3128,8.4029,8.4327,8.4421,7.6743,8.9877,8.4134,8.4599,8.4749,8.9764,8.4747,8.4748,8.4824,7.0797,6.2539,7.1119,7.5322,4.8493,6.8734,6.8389,5.4669,8.3594,7.9832,8.4109,7.7992,8.0931,8.3978,7.539,6.7885,6.0802,7.3407,6.9334,8.322,8.3311,7.5569,8.3192,8.3621,7.5835,7.3793,7.9155,8.3847,7.1888,8.216,6.8004,8.0524,8.059,8.3994,8.4394,8.4311,7.2209,7.6599,5.7436,7.2981,6.5958,8.5777,8.3778,8.36,8.2292,8.2589,8.3474,8.3717,6.0658,8.3017,8.3057,8.3381,8.2302,7.2529,7.431,5.5625,7.45,7.9514,7.7607,7.8709,8.0677,8.3331,8.5622,7.8607,7.372,8.0831,8.2841,8.2809,8.2359,7.0001,8.2158,8.232,8.2916,7.981,8.2232,7.7032,8.2017,6.7667
39,8.5514,8.083,8.5976,8.3872,8.404,8.3865,8.1507,7.4024,8.4248,6.6698,8.1872,8.2153,8.2402,8.2707,8.2647,8.2679,7.4862,7.5307,8.2915,8.2042,8.2528,8.2155,8.1954,7.9731,6.6413,8.2149,8.3327,8.3342,8.346,6.1115,8.2771,7.5112,8.2311,8.2985,8.3045,8.3143,8.3076,8.3232,8.3309,8.3468,8.3594,8.4624,7.6227,8.3184,8.3273,8.3297,8.2772,8.5488,8.1066,8.467,8.4198,8.3999,8.4007,8.3991,8.2499,8.3847,8.3834,8.4629,8.4116,8.4084,8.4053,8.417,8.4178,8.4129,8.4105,7.8091,6.2955,8.2246,8.2714,8.2839,8.2831,7.0591,7.4252,8.5548,8.5393,8.5133,8.4801,6.7351,6.4377,7.7082,6.2737,6.4414,8.1003,8.144,8.1987,7.8556,8.4801,8.2694,8.3043,6.9679,7.3778,8.1704,8.2325,8.2299,8.2347,7.7872,6.0538,8.3577,8.3493,8.3621,6.6144,5.9719,7.1444,6.325,5.4498,6.7221,8.3723,8.4069,8.1175,8.4158,8.4649,8.4419,6.0504,8.3892,8.3923,6.3748,8.3994,8.4082,7.6596,4.7847,3.7438,8.2513,8.3256,8.3586,8.4061,8.4391,7.4223,6.3053,6.5911,8.5292,8.4847,8.5204,8.5111,8.3182,8.4469,9.0018,8.4695,5.3171,8.425,8.4495,8.4709,6.0948,7.3293,5.7862,6.3529,8.4633,8.484,8.5119,8.5017,4.4868,4.8727,5.7193,7.0227,8.3907,8.4402,8.5391,8.4435,8.4621,8.4308,8.4549,5.0009,8.325,8.3951,8.397,8.4319,8.4566,7.2762,6.5657,4.1644,4.1072,8.3485,8.4068,8.4377,8.4683,8.3949,7.03,6.9353,6.6155,8.4857,8.5184,8.5252,8.5134,8.5305,8.5184,8.505,5.5234,7.0356,8.4552,8.4577,8.4831,6.7409,5.7544,6.1893,9.0716,8.5118,8.5021,4.153,7.221,5.7431,7.0125,5.2097,6.0578,8.355,8.4473,8.4596,8.4935,8.4817,8.467,8.4906,6.482,6.9073,8.4945,8.5062,5.4688,6.0589,6.1188,6.0544,8.6691,8.4429,6.839,8.3208,5.975,7.0484,6.4557,6.3444,4.9187,8.5432,8.4197,8.4952,8.5218,4.3792,8.9399,4.1816,6.334,6.3798,6.048,8.4018,8.4119,7.1132,5.6147,6.1539,8.461,8.5142,8.4983,5.2086,8.4497,7.2753,6.3136,6.974,7.0591,5.938,6.5045,8.3958,8.456,8.4676,8.4712,8.4994,5.9839,6.3973,6.9066,8.9748,8.4408,7.3436,5.3773,8.3726,8.8119,5.7435,5.8928,4.6228,8.3559,7.4218,5.6841,6.8694,6.0292,6.209,8.3813,8.4359,6.794,8.4142,8.422,7.2762,6.1557,7.5281,6.5573,6.2605,7.0531,7.5283,6.1499,5.1696,7.3355,7.0151,6.1322,8.4208,6.1249,7.4522,7.6353,5.9618,6.6886,7.7031,5.6702,5.0965,6.4665,5.9456,7.3093,7.1617,6.7683,8.0225,7.9014,8.2847,5.7057,6.7635,5.8413,5.7456,7.2851,7.6297,6.6515,6.0458,6.4044,6.7361,5.9652,7.188,6.1906,7.0136,7.0782,7.268,6.767,6.6244,7.1116,6.4226,7.044,7.2805,7.9964,8.1493,6.3009,6.1037,7.2945,6.3017,7.0046,6.3007,6.8453,6.3406,5.7594,6.4073,7.6838,6.5655,7.7567,7.3391,7.19,6.6271,7.0353,7.206,6.8201,7.4206,6.2463,7.5215,6.0683,7.3851,7.2554,6.4128,6.4963,7.5555,7.8793,6.591,7.6743,6.6415,7.1324,7.6363,6.7274,6.1987,5.0632,6.3158,6.0922,7.1926,6.1306,6.5449,7.2859,7.327,5.2075,7.2143,7.7985,7.9601,7.4482,6.735,7.3134,8.1191,8.4484,6.426,7.5516,6.8682,6.2818,7.016,5.9772,6.8021,6.9397,7.5086,6.1243,6.6382,7.3712,5.9591,5.7498,5.7056,6.3366,7.5344,6.2104,7.3734,7.1391,7.2289,7.1681,6.3061,8.403,8.2453,7.1295,8.3695,7.4541,6.7631,7.6864,7.6538,7.0192,6.9796,7.0544,6.6374,6.4415,7.8817,7.2647,7.3375,6.9958,6.7268,6.2009,8.8125,6.3744,5.9799,5.1934,6.013,6.323,6.2898,6.3125,5.6671,6.4608,7.4696,6.3407,6.9598,6.3316,5.6306,6.5201,6.2609,5.8723,6.6619,6.9903,6.6919,5.6504,6.2765,6.2438,6.2246,6.6505,6.5349,5.9912,6.8398,6.1908,7.1329,7.2146,6.6286,6.8257,6.3562,6.3234,5.4912,5.8652,7.7097,5.7538,7.675,8.425,7.6455,8.552,7.1842,6.879,7.7699,5.7909,7.232,7.2287,5.5096,7.2002,5.8565,8.3713,8.4803,8.4698,8.0704,7.5213,6.5002,5.2464,6.4867,8.1737,6.5607,8.3531,8.3801,8.3941,8.4021,8.4026,8.4078,8.2235,8.2996,8.3568,8.3686,8.3584,8.3933,5.5379,7.0517,8.0613,8.398,8.391,8.3793,8.1841,8.3967,8.4006,7.6838,3.617,6.2008,8.3643,8.3394,8.3488,6.9685,8.3415,8.3529,7.3674,8.4152,8.304,8.343,8.3327,8.1928,5.5011,7.3913,7.0665,8.3355,8.4062,8.4201,8.4543,8.388,6.462,6.3519,8.5295,8.5004,8.3453,8.3696,7.827,7.4255,8.3557,8.3701,8.3363,7.4026,8.288,8.3409,8.3213,7.1694,6.3971,5.7171,7.1404,5.575,5.3555,5.5943,7.4602,7.9795,8.0621,7.4242,6.7673,7.8639,8.1876,8.222,8.1665,6.2508,8.1424,8.193,8.2159,6.56,8.0943,5.3482,7.7543,5.8712
40,8.7852,8.4827,8.4524,8.409,8.502,7.2742,4.4926,8.5479,6.6423,6.0935,7.1963,6.4965,3.2323,8.3883,5.1409,7.8283,7.826,6.5944,5.2112,8.5938,6.883,8.4818,7.8639,8.1055,8.126,7.5777,8.5733,6.4997,8.727,8.5434,6.8721,5.9121,8.5818,8.4635,6.6697,5.1898,5.5692,5.596,8.4309,5.2745,5.4874,6.0064,6.74,6.7395,6.997,8.4344,8.4398,8.4086,8.4455,8.7144,7.6782,6.9383,7.3248,5.9168,6.9326,6.4614,7.2033,6.145,4.4069,8.9051,6.7696,6.4066,5.6377,7.6112,7.6117,6.897,6.6114,5.718,7.0743,8.9849,8.5745,8.5061,6.8151,8.4059,6.8544,7.6214,8.4903,7.826,7.0525,7.7581,8.5774,7.6532,6.1752,5.2215,6.3041,7.2281,7.9977,8.1838,7.2446,7.1688,6.6324,8.0108,6.8484,8.4736,8.4652,6.8264,8.432,8.5478,8.9369,7.7113,8.5363,8.5293,7.2325,5.7861,5.4907,6.1659,7.3344,7.9601,6.8275,7.4017,6.4796,8.1263,8.4298,7.7775,6.2185,8.4933,8.4243,8.4894,8.4864,8.7128,8.8604,8.5354,8.5433,8.5656,6.394,6.6503,5.0547,8.5794,8.6728,7.2345,8.6432,5.2877,7.1735,6.0833,6.9336,5.7876,5.512,6.095,5.2046,6.5504,6.5572,8.3382,8.3656,7.9033,8.4827,8.5316,8.529,6.0374,5.2427,6.7589,5.675,5.6259,5.7236,6.2714,6.9243,5.372,8.1524,8.4673,6.5216,6.7484,7.6771,8.4718,5.9698,5.8912,8.2912,8.4421,8.9709,7.4915,7.3834,6.8357,8.4964,5.9786,6.5696,6.7981,6.8118,7.7935,5.99,8.8322,6.0478,6.3226,6.0707,7.1984,8.4563,8.2192,8.4664,8.0624,7.4986,5.6034,6.7865,8.4534,6.8269,7.7819,8.4395,7.838,8.4677,6.2394,8.4589,7.7541,6.0139,8.5399,5.8562,8.6804,8.8256,8.4523,7.2841,8.7753,9.0066,7.31,6.7158,8.1784,7.1332,6.9346,6.6303,8.9689,8.4546,7.1148,7.1454,6.9847,7.5628,6.2801,5.7454,6.9976,6.4378,5.3045,6.4799,6.4372,6.4359,7.6118,7.4647,5.5301,7.2253,5.3498,8.4232,7.8309,7.1397,7.6983,7.4638,8.2484,8.4455,7.9336,8.3419,8.3347,7.7593,5.9855,6.7162,6.2669,8.7523,8.7967,7.7816,7.3241,6.8139,5.6363,7.0092,7.1045,6.7741,6.5743,8.3962,6.873,7.5237,8.4818,7.052,8.0433,8.4527,8.4553,8.4437,8.4907,8.7134,6.4435,5.9205,6.0238,5.4051,8.4947,7.3799,6.3707,7.2387,5.7619,6.56,6.2078,6.6372,6.9171,6.9808,4.705,5.8908,6.0955,6.564,8.3927,8.3811,8.4019,8.509,6.7589,7.13,6.1061,6.2446,6.4242,6.5578,7.8649,6.197,7.6565,7.1855,5.494,6.9817,8.6508,8.0388,6.8607,7.4331,8.18,6.176,6.0411,5.9829,5.7445,8.3755,7.4658,6.9414,7.447,6.9956,5.6553,5.5772,6.2279,5.2386,6.1458,6.6453,5.7732,8.5575,6.2109,6.5538,6.6641,6.0296,6.4527,6.5616,5.2157,6.8836,5.5768,8.3089,8.3696,8.3958,5.8991,7.911,8.4182,7.7436,6.6956,6.6569,6.5872,7.4897,6.6227,5.3325,7.7522,5.5829,6.9475,7.124,7.5635,6.8263,6.8315,7.5804,7.3716,8.7065,6.6148,7.2678,7.3647,6.7591,6.2963,8.4021,7.6988,7.459,6.4631,7.5208,5.1681,5.6232,7.2202,5.2534,7.6278,7.2392,6.1396,8.4054,8.4448,6.1905,6.1419,5.462,6.4521,6.1704,7.1232,7.4871,8.6074,7.1307,7.0538,7.1202,8.4113,8.2497,6.7887,6.7519,7.297,5.887,6.7006,7.9451,7.9006,6.2998,5.708,8.3957,6.6738,5.5074,5.5246,6.8734,5.2594,6.9042,8.5457,6.9124,7.4653,8.3785,8.3543,6.7013,8.4294,8.4638,6.9293,6.5155,5.9664,8.3933,4.9279,5.1323,6.6994,7.1861,5.6083,5.4343,8.3204,6.3506,6.7651,6.2346,6.1025,7.7791,7.9292,7.5017,8.8728,6.9712,7.7385,7.995,7.8819,6.7279,5.0183,5.34,7.0931,5.9825,7.0459,6.0263,7.1477,6.3887,8.3953,6.7334,5.813,5.3893,9.0206,8.4265,6.9787,5.9386,8.4415,7.3601,8.3968,7.1338,8.1137,8.4232,6.83,8.5181,7.7342,7.098,6.4544,5.5645,6.5383,6.5019,5.7827,7.2709,8.3644,7.5005,7.0806,5.5851,8.4447,7.2679,7.5496,7.4247,6.6663,7.9234,6.072,8.4497,6.8607,5.4616,6.2881,6.4618,8.5585,7.3134,8.4255,6.5566,5.8214,6.9402,6.1036,7.1729,6.7231,7.0695,7.6702,6.9006,7.1092,7.5704,6.6016,7.1929,6.9735,6.824,8.4117,8.3771,8.4099,8.2128,8.4142,7.0633,6.707,6.1576,5.1462,5.7514,5.9882,6.7083,5.4623,5.7469,5.4562,6.2456,8.2054,5.3311,7.2792,8.413,9.0576,6.5866,5.8785,7.1018,8.3688,8.367,8.0006,8.1258,7.4675,8.4167,6.5964,5.7067,6.4357,5.866,6.2415,6.1415,6.3711,5.833,6.1669,8.3775,6.4559,7.7145,8.0526,5.4482,7.2337,8.3286,7.1351,5.8053,8.3893,8.2808,8.122,6.5688,6.5336,6.8498,6.1327,6.2587,7.2199,6.1701,6.6198,8.3256,5.5906,5.9675,6.0578,6.2543,8.1453,7.258,6.2487,4.2615,5.668,5.8462,6.7388,5.3401,5.9095,6.7925
41,8.637,8.3776,7.6633,7.854,6.4155,6.9594,7.6613,6.8004,6.4595,5.3209,5.4357,5.6588,6.1968,6.9493,7.1474,5.6578,8.4366,5.5755,8.5945,7.261,6.6,8.0,7.568,7.7244,7.9711,8.3245,8.4742,6.9467,5.2927,6.0003,7.019,7.8485,6.6301,6.8293,7.609,6.0924,6.442,6.4594,9.0045,7.4892,5.9351,8.5304,8.5239,6.0666,7.2531,7.8398,8.3957,7.5999,8.52,8.5417,8.6018,6.4342,6.189,6.459,6.2485,6.7014,6.7946,6.6518,6.6255,7.4091,6.083,7.1525,8.5585,8.521,8.9525,8.5424,8.5705,8.7152,6.08,8.5355,8.5545,8.5903,6.6812,8.6,8.7369,4.7279,8.6323,8.7501,5.1592,4.3131,5.9067,7.2736,6.9983,7.1006,5.4439,7.3558,8.4719,8.9784,8.7675,5.877,7.7653,8.5796,7.0368,7.8554,8.5582,6.8498,7.7777,5.2109,8.6571,8.6414,4.9141,8.5657,7.678,4.4449,5.3315,6.9612,8.1343,5.9473,7.6453,7.2781,8.527,6.0584,8.4607,8.527,8.5902,8.6119,7.6983,6.6765,8.5864,7.2724,7.3986,8.5918,5.6958,8.6529,8.6348,8.623,8.5883,4.128,6.9204,6.1943,7.368,6.3177,6.7929,5.4254,8.515,8.5427,8.5589,8.9048,8.6106,7.2356,6.7285,8.4286,8.5435,7.248,8.5936,8.9053,7.1154,5.6939,6.0444,5.8406,5.851,6.3764,7.3978,6.148,6.4318,6.8707,5.6877,8.4647,8.4333,8.5428,8.5692,8.6147,7.0228,6.5396,8.0142,8.0639,8.4982,7.855,8.0684,7.9722,6.4651,6.2873,6.2933,6.1505,8.3424,4.566,7.0202,6.3519,8.3981,5.7795,6.036,8.4536,9.0062,8.5209,8.5527,5.892,8.5787,6.449,7.8239,7.6084,7.8431,7.192,8.2765,8.2148,6.1417,6.276,6.2592,8.4623,8.3796,5.8251,6.65,5.7402,8.2525,5.9234,5.942,5.5843,8.2467,6.0717,7.2274,6.0186,6.4756,6.9972,8.6182,8.6872,6.2865,7.6461,8.1651,8.4753,8.4589,5.5957,8.2442,8.3451,7.2685,8.3777,5.8477,5.8157,6.6033,6.2469,6.1312,6.0125,5.7762,6.2558,6.4523,6.8561,7.1263,7.9411,8.117,8.4583,8.4475,7.4538,8.6163,8.4495,8.6062,8.5207,6.2462,5.9611,6.1413,8.4346,6.9921,6.2758,6.2466,7.1902,6.324,6.928,5.5477,6.0456,6.4955,7.04,6.974,6.5656,6.1817,8.564,8.4231,8.5301,8.5126,8.5107,8.6028,6.5975,6.7028,5.778,6.6041,7.3269,6.7891,5.9545,7.3913,5.6998,6.8878,5.897,5.979,6.9805,4.5001,5.9919,5.8597,7.4605,6.7963,6.6697,8.3637,5.9338,7.6972,8.4158,8.5089,4.8609,6.1351,6.2573,6.0436,4.8883,7.2963,5.7125,6.1309,5.5499,6.7899,6.0592,5.5555,6.6693,7.3572,6.4754,6.4869,6.2687,6.2726,7.5805,8.4455,8.4918,8.5645,5.8262,8.5785,6.8406,5.8488,8.5337,7.5654,4.4897,7.0415,5.9245,5.6258,6.1134,7.3416,5.869,6.3418,6.3754,6.066,6.8238,6.6525,6.3845,6.434,7.8853,8.4634,6.902,7.78,8.4768,8.5478,6.0086,5.9725,8.4295,8.4572,6.1929,5.3294,5.6912,5.51,5.6649,6.0997,5.6557,6.8131,6.1089,6.0887,6.1141,6.0651,5.5427,6.3921,7.8177,8.3789,8.4686,8.698,7.1088,8.4664,5.9303,5.4837,5.1404,6.6957,6.5475,6.4508,5.1849,3.8971,5.3539,5.6976,5.9942,5.284,6.0145,5.6461,4.8047,5.5545,5.9473,7.1443,6.604,7.8445,7.5102,8.0166,8.3602,8.4955,6.159,4.7262,6.2057,6.0789,5.7596,6.4783,7.2998,5.7768,6.3544,6.2223,6.468,5.6836,5.4345,5.5823,6.2828,4.0169,6.6068,6.5863,8.4496,8.485,5.1797,7.9312,7.2828,6.1557,5.2117,6.169,6.4696,6.1079,6.5355,6.3644,6.7504,6.7377,6.0102,6.241,6.168,6.7676,6.346,5.9287,5.3806,6.5835,7.7727,6.8795,8.3923,8.5021,7.2563,8.2407,8.3311,6.9093,7.435,6.0098,6.1912,6.9528,6.4069,5.5072,6.1111,7.531,5.7906,6.625,6.9024,6.2646,6.1796,6.4195,7.3052,8.4918,6.9347,7.3585,7.2065,8.2427,7.8873,8.3136,8.3737,5.733,7.3365,5.7619,4.8071,5.5485,5.5099,6.6096,7.3494,6.1426,7.074,6.5446,8.1192,7.7041,7.0801,6.2524,6.6668,5.48,5.9427,5.8145,8.3019,8.2837,8.4612,8.4145,8.4629,8.3368,6.5273,6.5626,6.0141,6.7237,6.4612,6.1715,6.5798,6.1022,6.6169,7.1598,6.609,6.0751,8.4136,8.5055,7.2655,7.7385,8.6264,7.56,8.3536,8.3859,8.4378,8.1612,8.5237,7.0882,6.2428,6.6337,5.4546,6.7506,5.9882,7.4448,8.343,6.2027,6.9842,6.1641,8.3911,7.2371,7.1441,7.2431,6.9491,6.9179,6.6734,7.5641,5.9851,8.2731,7.6497,7.5904,7.4506,5.513,8.6021,8.3376,8.4053,8.4319,6.426,7.4786,5.4354,6.681,8.3213,7.5007,6.76,8.3477,8.4146,6.4808,8.4728,8.6559,7.2984,7.4611,7.9992,7.3335,7.1542,6.7619,6.6215,7.9968,6.8539,7.6429,6.3375,6.4137,6.6566,7.1653,6.6766,6.7099,6.5745,6.9912,3.6411,8.3319,6.2856,8.4045,8.5436,6.9998,7.2838,7.3138,8.1465,6.891
42,8.0681,8.6919,8.0527,8.4286,8.4362,7.263,6.3627,8.9461,8.6922,8.1912,7.9228,8.325,7.0078,8.4245,7.3295,8.3104,8.3362,5.6703,7.1828,8.2897,8.2919,8.4908,6.6393,7.9701,8.2067,7.4484,8.235,8.2581,8.4383,7.8831,8.4119,8.0191,8.4386,8.3447,8.3296,8.3383,8.3395,8.3423,8.1082,8.2839,8.3022,6.7607,8.0639,8.2215,8.2465,8.2513,8.3148,5.8883,8.3618,8.1882,8.3189,8.3358,8.5085,8.3653,7.4849,8.3178,7.79,8.3312,8.3403,8.3555,8.3558,8.3702,8.3585,8.3529,8.3682,7.0267,7.0668,8.8312,8.0018,8.1075,8.1318,7.8718,7.164,7.7468,8.5698,8.4083,8.4507,7.645,8.3162,6.0168,8.3512,8.3453,8.3777,6.1749,7.2418,7.6896,8.3302,8.3783,8.367,6.6869,8.2797,8.3708,8.4045,8.381,7.6658,8.588,6.9856,5.1265,7.7317,6.4677,6.1554,7.2138,6.362,6.5496,7.7431,3.9062,6.8083,6.3043,5.2599,5.9825,3.0848,4.6556,5.022,5.0525,6.4709,6.0861,6.0743,7.1085,6.7322,7.2904,6.2089,6.452,2.0674,5.6918,6.1048,6.0965,5.919,1.8764,5.1262,5.3517,7.1347,7.6379,6.246,7.5005,6.4194,5.853,6.0177,5.7529,6.6274,6.1221,5.6849,6.6848,4.0384,6.2104,3.0501,5.7058,4.0126,6.5154,6.4029,7.544,6.8837,5.3903,5.4215,5.7525,6.0692,4.7048,7.2822,2.7821,3.7769,5.5299,7.4455,5.2247,6.194,6.1196,5.8936,8.3966,6.2496,6.3908,5.7987,6.7555,6.7257,2.8765,5.4559,4.8587,5.2766,5.2087,2.5278,6.095,7.5356,5.9373,5.9298,6.1188,5.1276,5.9589,3.9746,5.2974,4.2937,7.2315,6.2897,5.7197,5.7702,6.1593,6.9562,7.3419,6.7246,5.401,5.5492,6.2965,7.8682,6.2841,6.9494,3.8429,5.9224,6.1119,7.999,6.2836,5.7371,6.1221,6.6859,4.9534,5.8788,6.433,6.575,6.439,6.4983,5.3567,6.8711,6.3184,7.6843,4.3396,5.9077,5.765,6.1985,7.1651,7.1218,6.5958,4.8188,7.8193,6.7968,8.4056,7.0031,5.9737,6.1728,7.4355,7.0178,5.5472,6.1924,6.1561,7.5619,7.1932,7.3463,7.0752,7.623,7.5196,7.7968,6.0526,5.3747,6.1262,7.684,7.6361,6.9538,6.7402,7.4153,6.044,8.0277,6.1583,5.9674,8.1435,7.5383,6.2279,7.1515,7.7926,6.4402,6.0968,8.0906,6.4497,7.1482,6.8913,7.1791,7.5131,4.3292,7.3841,7.9365,6.4528,5.2992,7.7472,6.6241,6.5906,6.4411,6.3721,8.3542,7.7665,7.4891,7.4956,5.7405,6.0928,6.5274,6.5957,5.822,6.4892,6.4123,6.6841,7.565,6.8853,6.373,6.2151,6.6552,7.54,6.9251,7.4885,6.4501,5.2463,7.3395,7.9623,6.7652,8.1792,7.3843,6.5201,7.0664,6.1501,5.9022,6.6557,7.5899,6.5018,7.9503,6.4763,5.0426,6.6209,6.8293,6.6023,7.1133,6.1728,5.904,6.532,5.9043,6.4303,6.6159,7.0861,6.8799,8.3192,4.2591,6.6288,7.4581,8.2997,7.8389,8.7631,5.4656,4.3172,8.4043,7.0006,6.543,5.8687,7.4642,6.8533,6.4087,5.8352,6.6946,6.088,6.6989,6.2225,6.3069,6.7789,5.8965,5.9505,6.3776,5.0258,6.37,5.5227,6.362,7.0959,4.5778,5.7928,8.4491,8.1841,6.3263,5.0154,6.8223,5.7639,5.8589,6.138,5.9434,6.7359,6.3648,6.2766,5.3892,5.5922,8.3833,8.3815,3.783,5.5643,5.6799,5.5856,7.1667,5.8972,5.7119,6.3887,8.4252,5.211,6.1042,6.5105,5.4553,6.0862,6.4803,6.7625,6.1883,5.6624,5.6882,5.9098,5.7544,6.0822,6.2326,6.6397,7.0818,6.3063,6.1565,6.2,6.0949,6.8785,6.3044,6.8193,6.1646,5.5242,5.7556,6.3204,7.1162,7.1736,6.5349,6.165,5.6727,7.3585,7.0659,6.763,8.3756,5.953,6.6404,8.8404,5.8184,6.1122,6.4593,7.4528,7.069,6.3199,8.6862,6.3955,4.817,6.549,6.7506,6.9904,6.761,6.3842,6.8989,7.6393,6.8585,7.2176,8.0924,7.7003,7.2348,8.4207,8.4565,6.4396,7.3834,8.1124,7.7347,6.45,6.474,6.5229,8.8775,8.2374,7.7672,6.8402,6.9286,8.2408,7.0284,6.713,6.5263,6.825,8.5683,6.0571,5.9123,7.2054,6.7187,6.0481,8.4441,5.9181,8.4554,6.8815,7.2757,8.0747,7.0806,6.5685,6.201,7.4777,7.2834,8.572,7.0395,7.6478,8.7535,8.7535,7.7288,6.6231,6.8863,8.4572,8.7025,8.6502,8.5587,8.4866,8.505,8.3348,7.7621,8.4816,8.6817,7.6435,8.4812,7.3105,8.0015,8.1685,8.484,8.4833,8.5386,7.5439,8.4532,8.4761,8.0943,8.3378,8.1895,7.5016,8.3875,8.3985,4.6023,8.3767,8.394,7.6538,7.492,8.3624,8.8153,8.368,8.5282,6.5083,8.0171,7.9487,8.4233,8.4454,8.4602,8.4432,8.4389,8.4304,7.9144,8.4298,7.99,8.4126,8.4241,8.414,8.0545,8.3647,8.3896,7.2231,7.8897,8.3138,8.3724,8.3538,8.0189,7.2098,5.9742,7.8483,8.3018,8.2001,8.2519,8.3325,8.3922,8.5192,8.0979,7.3573,8.1736,8.282,8.3075,8.3115,7.1947,8.2532,8.2556,8.3494,7.8743,8.2496,8.1965,8.2794,6.4516
43,8.6834,8.1047,8.2584,8.2508,8.2816,7.3451,7.2273,7.8723,8.3899,8.2904,6.7626,8.7094,8.2834,8.2022,8.2642,8.2706,8.2847,7.5226,8.2882,8.2482,8.2405,8.2497,8.5358,8.2528,8.2134,7.5384,8.279,8.2713,8.2883,8.4247,8.2638,8.2716,8.8871,8.3117,8.2911,8.2975,8.3131,8.3088,7.636,8.3021,8.3151,7.3062,8.2134,8.254,8.2657,8.2724,8.2682,8.2843,8.3187,8.3591,8.3752,8.3478,8.3567,8.3409,8.7789,8.3276,8.3201,8.357,8.3376,8.3448,8.3431,8.3479,8.3454,8.334,8.3692,6.2138,5.5791,8.9357,8.2321,8.2719,8.2728,8.2549,7.0607,8.3972,8.4452,8.4313,8.4024,7.0068,8.2938,6.9813,7.0776,7.6784,8.3093,8.2476,8.2701,8.4385,7.3984,8.274,8.2768,6.7095,7.3762,8.1689,8.19,8.1829,8.1808,7.6302,7.5466,6.8269,8.3247,8.9658,7.0458,8.4479,6.97,8.4023,8.3952,6.1885,8.2754,8.3386,8.3676,8.3775,6.0175,8.4068,8.4215,6.9089,7.9647,8.3074,6.7935,7.1776,6.5012,7.388,6.0673,8.3168,7.4364,8.12,7.36,7.6754,8.0927,8.5437,7.8406,8.1896,7.9142,8.1039,7.0266,6.8842,6.7696,6.5205,6.637,6.9224,7.1558,8.1072,6.3479,8.3266,6.9252,5.961,7.2917,8.3882,6.2068,6.7781,5.4064,4.46,5.4719,5.1101,8.3326,4.2069,7.8599,4.2942,6.971,6.1457,5.7931,8.4036,5.3286,8.0546,8.3302,5.1236,8.3263,5.0434,8.3078,4.4187,4.7731,6.5505,8.3045,8.585,8.0552,6.2361,7.7646,8.6389,8.678,7.8481,7.7592,7.7164,7.7861,8.3145,6.562,8.097,8.4848,8.2953,8.035,8.1952,7.5616,8.5364,8.5105,8.2453,8.0526,7.1129,8.5975,8.862,6.7638,5.7255,7.2382,6.8763,7.3488,6.7919,5.1371,6.3328,7.2661,3.6364,4.9497,8.2788,4.7897,6.2972,7.7333,6.3066,7.3218,8.3962,6.6971,8.4343,6.8948,5.4239,8.3727,5.7587,5.4033,6.3177,6.0034,6.6925,5.8832,6.6423,6.5719,5.4818,6.3659,5.8909,5.6576,5.7068,5.5926,5.9919,6.128,5.9752,5.8549,8.2287,8.2676,8.3005,8.372,6.8389,6.68,6.9532,5.1409,4.4373,4.6851,5.86,5.4087,6.8383,6.8551,5.2499,5.1856,5.5488,5.2999,4.5375,5.9773,5.0033,5.6867,5.266,5.0764,5.5206,6.5992,6.8545,7.6427,6.3084,6.7084,6.5843,5.3113,5.6334,5.6288,5.6574,4.9926,5.7446,7.0197,5.9773,5.9976,4.7174,6.1869,6.9147,5.5128,5.3515,4.4512,4.671,5.3186,5.0033,8.1687,6.8357,6.2481,6.4768,8.3448,8.9463,5.5075,4.8591,5.5123,4.3688,5.7632,7.4378,5.0331,5.261,5.56,5.7668,5.5462,7.3635,5.4957,5.8129,4.5313,4.4888,5.7328,5.9479,5.068,8.0708,5.7212,6.5535,5.7378,5.5418,8.437,5.2328,5.4753,5.1229,5.9764,6.6814,6.8878,5.8922,6.8478,6.1289,5.71,5.5525,5.4829,5.3839,5.9748,6.1839,6.2073,6.4661,6.0444,6.6482,5.2542,6.6839,7.961,5.5093,5.5796,4.8759,5.8791,6.0267,5.7864,8.1987,4.63,5.0886,5.3116,5.5545,5.6829,5.2098,6.3009,6.1322,5.6894,5.5309,5.6449,5.4555,6.8895,6.6433,5.2803,8.3097,5.5797,5.9584,5.52,5.2651,4.9691,5.1434,4.8558,6.3106,6.5202,5.9636,6.2472,5.2842,5.9925,8.2881,7.6211,6.482,8.3033,6.3307,6.2252,8.0774,5.3449,7.1067,6.1305,5.8579,6.658,8.3082,6.5677,6.1451,6.1181,6.1312,4.72,5.2262,6.7734,5.4961,4.6708,8.0786,6.4439,6.0236,5.3872,5.6515,8.2003,7.6917,8.2956,5.6688,5.846,7.1388,7.1115,8.137,7.4853,8.5389,6.4098,5.1622,5.9394,4.357,5.8241,5.9901,6.5613,4.9307,6.4934,6.6806,7.0544,8.2345,7.7297,6.8672,5.921,8.224,7.1604,6.7379,4.8938,5.7604,5.7794,7.2551,6.2012,6.02,6.5524,5.5812,8.2055,6.1757,5.6177,6.9546,7.6017,6.0641,6.6601,6.9779,7.1155,6.6363,8.2477,6.0545,6.8368,5.4149,6.4607,4.8351,5.6941,7.5133,7.4575,8.1314,4.754,5.1806,8.1606,6.7801,6.2223,8.1916,5.4086,8.1647,8.5212,5.9748,5.9445,6.9031,6.3905,8.2433,5.7683,5.7301,7.0976,6.5928,6.9509,8.2749,8.3299,7.0758,6.0899,8.3089,8.3674,8.4024,8.3649,8.7569,8.8229,7.2105,6.8894,6.8673,8.0298,8.3493,8.3636,8.3604,8.3332,8.3475,8.3582,7.7261,8.4914,8.3694,8.3613,8.3477,8.674,8.1435,4.9908,8.3389,8.3546,8.4027,8.3701,8.3618,8.386,8.6725,5.4228,8.3581,7.5539,8.7123,8.3639,8.3706,8.3389,8.3535,8.3617,8.3507,8.1007,8.3503,9.0021,8.3506,8.3237,8.1208,8.1428,5.1652,8.364,8.3926,8.3925,8.3776,8.3636,8.3749,8.3766,8.3508,8.0389,8.3776,8.3823,8.3597,5.9418,8.349,8.3632,7.5202,7.6759,8.3184,8.3459,8.3228,8.2622,7.5083,6.5345,7.8735,8.2888,8.103,8.1931,8.3004,8.2962,8.3369,8.7046,8.1426,8.125,8.3104,8.24,8.2912,8.0744,8.2858,8.2588,8.3651,7.7833,8.2391,7.9625,8.2958,6.5974
44,8.2209,8.0464,8.8245,8.628,8.6472,7.2695,7.9981,8.2248,8.3417,6.3562,5.8398,5.2584,8.1666,6.3383,7.974,8.3217,7.8549,7.2727,5.8925,8.2809,8.3437,8.1352,7.9987,7.6017,8.7462,8.571,8.2954,8.2864,8.3294,7.4139,8.3004,6.0146,8.4387,8.3692,8.3457,8.2982,8.3133,8.3227,8.3369,8.3061,8.3073,8.5939,7.6027,8.2797,8.2869,8.2759,8.3962,8.1895,8.3533,8.3431,8.3689,8.3657,8.4002,8.3987,7.0179,8.3676,8.3624,7.5531,8.5006,5.5955,8.2355,8.2614,8.2777,8.3002,8.4015,7.9622,5.0143,8.9045,6.9616,8.2048,8.1929,8.2182,6.8469,8.4513,8.4708,8.4657,8.4761,8.4462,8.427,6.4667,7.7606,8.2384,5.4162,6.7811,8.2692,8.3081,8.2786,8.3198,8.319,8.2941,8.3595,8.3459,8.4337,8.2815,8.2637,8.1993,7.9328,6.6388,8.3805,8.3797,8.3909,8.3997,8.4181,8.3835,8.318,7.1951,8.0446,8.2394,8.2835,8.3871,8.6287,8.3203,8.3044,6.9649,8.2423,8.2793,8.2924,8.2602,8.2921,7.8435,8.387,7.025,7.176,8.1987,8.3169,8.4678,7.6947,7.8931,7.736,8.4935,7.3267,8.1352,7.3407,6.8959,8.1228,8.1275,8.1305,7.7758,8.1837,7.8343,8.1543,8.0087,8.1762,7.8423,8.642,7.0641,8.3885,8.3687,8.4338,8.656,8.4244,8.3932,6.4784,6.408,8.4542,8.6132,6.6183,8.4094,8.4252,8.43,6.7496,7.0036,6.7617,8.3543,8.3802,4.1906,3.8152,7.3434,7.1527,5.0228,6.8337,8.3181,8.3497,8.3821,5.5016,8.3243,4.6889,4.2265,8.0485,8.2724,6.1357,6.0234,4.5466,5.4971,4.7524,5.7479,6.158,5.4665,5.2601,4.8626,4.8172,6.2922,5.9532,5.6662,6.2125,7.2895,7.3941,5.4272,5.9898,6.2965,6.3553,5.846,6.7848,6.2479,5.1003,5.1994,5.8481,5.988,5.589,5.9501,7.3272,5.0765,6.0077,6.2302,4.8516,6.6492,8.1825,5.8457,6.367,5.5393,6.605,6.2905,6.3226,6.9999,6.6384,6.9688,6.988,6.3106,6.6296,5.3705,5.8106,6.1334,6.4956,6.3387,6.2283,6.4196,6.8551,8.912,7.0527,6.227,5.2256,4.944,5.4702,5.1922,6.2285,6.6862,6.0152,6.152,6.3611,6.6489,5.9659,6.4384,6.4955,6.4364,6.6096,6.0138,5.9261,6.1702,5.7401,6.7972,6.1798,6.95,7.2415,7.0872,6.2328,5.1098,6.6175,6.1742,8.3708,5.7533,6.6327,6.7987,6.0732,6.5792,6.5237,6.5733,6.5058,8.4227,6.308,8.3827,6.7736,6.2039,6.5135,6.6467,6.3522,6.6132,6.2093,6.043,6.4596,6.6619,6.3937,6.4526,6.5937,5.8474,6.2863,6.4451,5.6743,6.5173,5.4877,6.2274,5.5775,7.2674,6.0352,6.195,5.9957,6.1239,8.4463,6.6329,6.5938,6.3269,7.6613,6.6159,7.1788,6.1435,6.0562,6.5094,6.005,6.8363,6.7446,5.5706,6.1896,6.1826,6.3769,6.1769,5.8871,5.8943,6.611,6.9981,8.3202,6.5049,6.4572,6.3394,5.9569,6.6465,6.2715,8.0888,8.098,6.0472,6.0838,8.3663,8.4269,6.5362,6.268,6.048,6.2399,5.9705,6.2026,6.6114,6.1313,6.0581,6.177,6.5908,6.6517,5.9006,6.9961,6.293,6.2101,6.7667,7.5751,7.7496,7.5013,5.9824,6.1387,6.5442,6.4564,6.1162,6.5981,5.5378,6.0426,6.4569,8.262,6.95,6.6384,6.85,6.1028,5.3706,7.2,5.7495,6.2259,6.4658,8.3297,6.7498,7.4532,7.776,6.6686,4.2284,5.542,5.7572,5.992,5.9839,5.8271,6.1189,5.5589,5.6077,6.0036,6.0004,6.0217,6.4074,8.2422,8.3424,6.1011,6.1188,6.1135,6.1572,5.6071,6.2531,5.9348,7.2698,6.9979,7.0507,8.3679,7.319,8.2612,7.6451,6.6936,8.363,5.9856,8.3491,8.3541,8.3852,8.4301,8.4041,8.4318,8.3781,6.5849,6.5734,8.3782,6.8531,5.9844,7.2044,7.5894,8.0263,7.4834,7.4917,8.0514,8.3199,6.3672,8.336,5.7606,6.7022,7.7625,7.2735,8.2985,8.3067,8.3208,6.3813,8.2541,8.3053,8.3186,8.3734,7.2879,8.7972,8.2828,8.0478,6.7397,8.2914,7.823,7.3719,8.32,8.3372,8.3637,8.3568,8.3402,7.6586,6.7844,8.362,8.3737,8.3652,8.3626,8.3619,8.3617,6.6664,8.337,7.4095,8.2951,8.327,7.8732,8.3128,7.1313,6.4657,5.8549,8.2879,8.339,8.3411,8.349,8.3453,7.5734,7.493,5.688,6.7744,7.0184,8.2518,8.2975,8.3202,8.3392,8.3198,8.3325,7.3039,7.5034,8.9013,7.8687,8.2953,8.2962,6.8934,8.0314,7.6656,8.2856,8.2812,8.3473,6.4754,8.2908,8.3349,8.1296,7.6544,5.8804,6.9713,8.2613,8.2823,6.3626,8.2737,8.2778,6.5694,7.8646,8.2348,8.8433,8.2885,7.8607,6.9521,7.7084,8.1304,8.2357,8.2964,8.3239,8.2803,8.2928,6.4945,6.8187,7.5415,7.8584,8.2286,8.2668,7.6331,7.6834,8.2228,8.2586,7.8023,7.6144,8.202,8.2456,8.2253,7.3458,6.7485,5.6558,6.9153,6.1717,6.4946,6.4903,6.427,6.7276,6.5619,7.7804,7.5593,7.5663,7.3862,7.2002,7.2753,7.5803,7.5296,7.2103,6.972,7.4281,5.9567,6.2394,6.7238,6.602
45,8.4576,8.7052,7.8771,8.4548,8.7812,8.3632,7.7904,8.1517,8.5316,7.8203,8.4372,8.7141,8.3646,8.3737,8.6306,8.353,8.5038,7.8843,7.9471,8.3039,8.299,8.2937,8.292,8.4626,7.6516,8.422,8.899,8.2807,8.5079,8.5323,8.5238,6.1999,8.4056,7.5661,8.2498,8.4616,8.4476,8.4482,8.6747,8.4574,8.4468,7.8275,6.6277,8.5102,8.28,8.4765,8.1363,8.0906,8.6113,8.5598,5.8447,8.4855,8.6453,8.3115,8.7135,6.0121,8.419,8.4566,6.5702,8.4159,7.3614,8.4995,5.9595,5.9551,6.0905,5.6835,6.3709,5.5374,6.2926,7.1977,8.4551,6.8002,6.1311,8.4531,8.444,8.4892,6.6188,8.4076,8.4678,6.1931,7.8169,6.1739,8.4145,8.4802,8.4435,7.3797,8.4939,7.289,6.912,8.5126,7.2559,5.1899,5.3309,6.0425,8.398,7.4149,6.5502,8.4617,6.8127,8.4699,8.529,8.5348,7.0666,7.3521,8.4705,8.4975,8.6825,8.5315,7.617,8.5252,6.66,8.4925,6.3431,6.399,8.5097,6.9045,6.9565,5.6087,8.4177,6.3933,6.3978,6.3855,8.3833,8.4656,6.4616,6.076,8.5203,6.8849,7.9397,6.3085,7.7238,6.4078,5.8947,8.4518,8.4858,6.2606,8.2107,7.9183,6.3745,8.4144,6.6145,5.4933,6.3049,5.8782,5.976,5.9623,5.7141,5.9193,6.8645,6.5507,7.274,7.2218,6.3724,6.1853,6.5701,6.8153,8.5014,6.4975,5.409,6.0032,6.2767,8.5676,6.7465,8.4367,5.3339,6.0106,6.1289,5.8129,6.1685,5.6594,8.5813,6.187,8.446,8.2298,8.4727,7.8017,6.4547,6.0163,6.5279,7.4742,6.4498,4.9672,6.3472,6.6793,6.6211,9.0151,6.1182,5.8115,4.977,6.0751,7.387,5.5488,5.6545,8.3997,7.9419,7.5461,8.4868,6.9976,7.2637,6.502,6.634,4.5217,6.0058,7.1889,6.6149,6.4871,5.0976,4.6556,7.1641,8.482,6.178,6.4571,8.4339,5.8199,5.8257,4.8908,6.103,5.6232,5.9863,6.2412,8.381,6.6021,6.5474,6.9064,6.2113,5.7094,6.9401,5.207,5.7256,6.2709,5.4831,5.7014,6.1259,5.605,5.7926,5.4183,7.0177,5.7791,8.298,6.803,5.8143,8.3931,8.1338,8.4409,7.0505,8.367,6.3495,5.4873,5.7849,6.1067,5.9362,7.1427,6.0047,5.8853,7.1598,5.5954,5.367,6.1591,5.559,6.3911,6.926,5.6363,6.1344,6.0655,7.788,5.8279,7.4289,7.8211,5.774,4.2486,4.4609,5.421,5.9843,5.3467,5.4527,6.9195,5.6562,5.3453,5.8234,5.4849,4.2987,6.0918,5.4303,8.2719,5.0138,7.3142,5.9982,7.2572,8.2574,8.4771,6.5443,6.1709,6.2372,6.6606,4.8341,5.4777,5.5774,5.056,5.4662,5.457,7.1136,6.0432,7.427,6.4467,4.3978,8.3773,5.2995,5.6437,5.6146,8.9331,8.1959,5.8351,7.0421,8.4368,6.1489,6.4396,8.445,6.4253,6.9382,5.9773,4.1548,5.73,7.5908,6.2008,5.3811,5.4323,5.4958,5.2833,5.8692,8.2077,5.1714,8.3689,8.4577,6.3202,6.8254,6.0011,8.149,8.3822,8.4199,6.2558,5.7266,7.8734,7.5918,6.8906,6.5065,6.1678,4.3928,4.6028,6.5466,4.8936,5.1123,5.7956,7.1699,5.833,6.2639,6.8282,6.0339,6.5021,8.2674,7.1484,6.0108,6.3021,6.1866,8.3169,6.5468,6.8969,6.9697,7.1653,6.946,6.6801,6.5367,4.5739,8.1765,5.8006,7.4725,8.1079,7.3517,8.6502,8.307,6.7621,8.3721,6.1324,8.3148,7.4226,6.3572,5.2754,8.4368,8.4545,6.4284,7.155,8.4689,5.8628,6.4299,8.3136,7.4679,7.0793,6.7897,6.4851,8.1449,6.3763,8.5916,8.6463,6.3492,6.2605,8.9182,6.4479,5.2767,6.6221,6.1057,4.5425,8.381,5.9678,6.0253,8.3288,5.7334,8.3103,7.0077,8.377,8.3566,8.5186,8.0295,6.2373,6.5119,5.3969,8.337,6.1324,6.2149,8.0357,8.0606,6.9307,7.1155,5.7118,6.7494,6.409,8.3814,7.7459,6.1549,8.3046,7.5073,8.36,8.4292,6.8815,8.3801,9.0135,7.2342,8.4226,5.1081,6.4332,5.9444,5.2218,8.359,5.9949,8.3334,8.4102,7.5943,8.3975,8.3806,8.0897,8.5203,8.488,8.0503,8.4031,7.3103,6.8677,8.454,6.7977,8.436,6.6141,8.4171,6.6299,8.12,5.6527,6.3385,6.2008,6.1589,6.7562,8.3482,7.2884,8.4334,4.997,5.3165,5.5192,6.4079,7.5616,7.4888,7.5612,8.3908,7.7357,7.3866,8.3526,8.3724,8.4225,8.4506,8.453,6.8288,8.378,6.4226,4.5213,8.3986,6.0236,8.3218,8.2933,8.4323,8.4144,7.6217,6.0104,8.4281,6.7885,6.5948,6.2885,6.7416,6.715,6.9381,6.8223,5.5909,6.6405,6.3709,8.3726,8.3182,8.3583,8.0929,5.6679,6.1628,4.6578,5.4492,8.1187,4.7452,5.4382,6.678,8.3513,6.5884,8.353,8.1947,8.2842,5.9853,7.2511,8.4481,8.0402,8.4088,8.4959,8.4245,8.4671,8.4876,8.4277,8.435,6.8645,8.393,8.4139,8.4397,7.5049,8.1145,6.9741,5.6542,7.3818,7.474,8.1729,8.318,5.3719,8.2495,7.6934,7.9143,7.297,4.8188,8.3047,8.2642,8.1973,7.2736,8.1956,8.2204,5.7029,7.1052,7.2506,8.1257,7.8394,7.1105
46,8.3811,8.3959,8.5225,8.2652,7.5262,6.8982,7.5309,7.7377,7.7558,5.3659,8.4097,8.1004,8.2582,8.5438,7.2293,8.204,8.0086,7.1108,8.2677,8.0047,8.1729,8.329,7.9249,8.0583,7.1628,7.4844,8.1998,8.2071,8.2506,8.644,7.5526,8.9676,8.3617,8.2787,8.2677,8.2694,8.2734,8.2948,8.3824,8.3243,8.3306,7.3073,7.9296,8.2078,8.2407,8.2286,8.2183,8.2879,7.9057,8.429,8.3994,8.3727,8.3659,8.3709,6.7849,8.2051,8.4286,6.3662,8.1626,8.1976,8.2272,8.2464,8.0268,8.2563,8.2544,8.0415,7.1226,8.1543,8.182,8.1833,8.1786,7.5682,6.9835,8.5771,8.3966,8.3991,8.3558,7.0467,6.5089,5.3189,8.3644,8.3628,8.3699,8.3702,8.3829,8.0552,8.9895,8.9376,8.5018,7.6545,8.1089,8.5318,8.5447,8.5536,8.4508,7.9034,6.7871,8.2221,8.5435,8.5138,6.3103,9.0508,5.9991,6.3615,5.5446,8.3625,8.4293,8.4294,8.4558,8.4934,8.4934,6.5682,8.4227,8.4489,6.6895,8.4203,6.6414,6.355,8.4478,6.6437,6.4333,8.1456,8.4435,8.489,8.472,6.444,6.1475,6.3546,6.2344,5.3857,8.3575,8.4056,5.8147,8.4953,8.5559,8.4651,6.9343,5.5311,8.6613,8.407,8.451,8.4676,8.4988,6.2123,6.5521,8.4665,8.4833,5.3647,8.3914,6.3324,6.5183,8.3839,6.3178,6.6017,8.3912,8.4511,8.175,8.4357,6.1109,8.4012,6.9673,8.4168,8.4295,8.4554,6.1325,5.7126,8.3597,6.1859,6.5971,8.4324,8.4378,5.9527,5.8018,6.6195,6.3413,6.4999,8.4171,6.5115,6.101,8.3529,8.3932,8.4463,6.2808,5.8987,8.3598,8.3873,7.4187,4.3611,5.078,8.3556,6.3226,8.3595,6.05,6.6001,8.3768,8.4149,6.0956,6.7042,7.0422,6.6409,6.0163,6.8341,6.119,8.325,6.2815,5.6665,7.2009,6.088,8.3449,7.4425,7.0541,6.214,6.7704,4.2745,8.4264,5.609,5.9675,6.256,8.2702,6.8715,6.0551,8.4851,7.3445,5.5477,6.8164,7.0529,6.3,8.3737,5.8642,8.3544,5.804,6.7087,7.2841,7.1251,7.4696,6.8455,6.6178,5.6488,5.8785,5.7952,7.5164,7.1318,8.3254,7.0995,6.9333,8.3714,6.257,6.1491,6.7315,6.5152,6.8627,6.7249,6.2045,6.1242,5.6856,6.0911,6.8722,6.4053,7.5603,6.6031,6.5022,6.7247,7.0692,6.7642,6.6602,7.394,8.3584,6.5307,6.4542,6.7792,6.4148,6.1253,6.6823,6.546,6.1103,6.1787,6.3585,5.3078,6.2887,5.8527,5.801,6.3965,6.4095,5.7102,6.3191,5.8182,8.4559,6.4272,6.4737,6.3454,6.9305,6.7153,6.3416,6.3948,5.2604,6.3689,6.4139,6.2116,6.2118,6.3848,6.7933,7.0853,5.9896,6.0843,5.0572,6.8852,6.3719,6.9243,5.9432,7.5982,7.8178,8.2952,5.8076,5.6016,5.986,6.5697,6.5004,6.6221,5.1054,5.8806,6.8868,6.057,6.3189,5.9807,6.6132,6.5015,6.1728,6.3121,5.1065,5.9301,6.5919,6.6447,6.2698,5.0033,6.8922,7.7094,7.2063,6.2216,6.4282,5.7317,6.1501,5.7191,5.2929,6.4914,7.2964,6.0757,6.8946,6.1708,6.4695,6.1215,5.5684,5.8294,6.7905,6.1567,6.9987,6.3558,6.1385,6.5361,6.6596,6.2975,6.3251,6.2046,6.9678,6.3399,6.4921,5.917,5.9486,5.7804,6.7701,6.1486,6.7468,6.7592,5.9879,5.8895,5.7666,5.7595,6.8456,6.3819,7.5448,6.3874,5.8387,6.1316,6.8818,6.1536,5.5371,6.7246,6.2317,6.5873,6.6296,6.0834,5.9608,6.2525,6.3272,5.6923,5.8527,6.4477,6.4997,6.1473,5.7988,5.9161,5.9362,5.1456,5.699,6.698,7.3073,5.3318,5.8439,5.5009,6.7765,5.9778,5.9493,6.5982,5.7175,6.0718,6.4448,6.0718,6.1508,6.0819,6.3239,6.0367,6.0014,6.6104,6.5318,6.1501,6.1004,6.1713,6.5455,5.9437,7.1166,5.4492,5.2086,5.2157,6.7352,5.9785,6.1096,5.8837,6.0494,5.9936,6.0408,5.8874,6.1684,6.2734,5.7331,5.8421,5.6283,5.7057,6.0839,6.3117,6.5762,5.8499,6.1542,7.4699,4.9952,6.2345,5.8793,5.8583,5.8957,5.7623,5.9623,6.2828,6.1062,6.1566,6.8507,6.6293,6.0144,6.0678,6.0823,5.8538,6.5713,6.6045,5.4332,6.2001,6.2425,5.9931,6.0081,5.941,5.7996,6.7606,6.005,5.6062,7.1986,7.4369,8.2418,8.2942,8.3094,5.1404,8.268,6.7686,6.4006,6.8035,5.9936,8.3009,6.9204,6.0485,6.7056,6.4645,8.2329,5.8994,7.5783,8.2255,8.2782,8.26,6.1663,6.8037,7.4379,7.8132,8.2455,8.2771,8.2792,8.3011,8.2908,8.3047,7.4652,7.404,7.831,8.2924,8.2928,8.2937,5.8672,8.2855,8.2983,6.9062,8.7301,8.2155,8.2513,8.2209,7.1046,7.5677,7.5712,7.9327,8.1993,8.2831,8.3019,7.1203,8.264,5.7372,5.3366,7.9071,5.992,8.2898,8.3064,8.2793,8.1733,8.3154,8.3271,5.8116,8.2394,8.2068,8.2738,8.2475,7.3441,6.7742,5.6575,6.4694,6.413,6.1622,6.0848,7.3999,8.0826,7.1747,6.9652,6.9635,7.5897,8.1177,8.1289,8.1252,7.0681,8.1509,8.1661,8.1038,8.1616,8.1508,5.3522,7.9771,6.3372
47,8.6717,7.6478,8.3945,8.391,6.5848,8.6266,8.5443,4.4582,8.8234,6.0237,8.3726,8.4551,8.455,8.5215,4.4135,6.3714,6.2539,6.7178,4.0387,3.6356,5.9275,6.8521,7.5323,7.0649,8.7231,8.4459,8.4953,8.4865,8.5007,8.5938,8.517,5.3776,8.2604,8.3343,8.4085,8.4434,8.4511,8.9923,8.5012,8.5305,8.6016,8.6166,8.7217,8.6109,8.6115,7.5255,7.4092,8.1125,8.5912,8.5992,8.6202,5.9387,8.4414,5.1542,6.6412,8.4382,5.2625,6.8004,8.3905,8.4461,6.8224,8.4513,8.4826,8.4905,8.5159,6.7051,5.1347,8.3902,8.4675,8.4228,8.4582,8.4736,5.4356,8.5787,8.6368,6.8901,8.5497,5.1553,5.0234,5.8824,8.4817,8.5111,8.5497,6.3749,4.1012,8.5149,3.3008,8.5679,3.4159,4.8676,4.5561,8.4636,7.0891,8.494,8.5185,8.5101,7.6208,8.6494,8.6771,8.6251,8.5776,7.4157,5.9333,6.098,8.595,8.5241,5.5867,8.4756,8.5286,5.7374,8.5092,8.5192,8.5709,8.6219,8.6211,4.1103,8.5557,8.528,8.5541,7.3757,7.7304,8.5972,8.6007,4.2145,8.5254,5.3812,7.6963,5.0724,5.5144,8.4595,6.6012,4.5527,5.4079,8.5086,8.3683,4.8115,3.8932,4.6973,3.3242,8.5365,8.5078,8.4549,8.4229,7.5663,8.7043,8.6376,8.4626,7.5235,8.547,8.5122,5.5358,6.3568,6.1475,5.5962,5.4173,8.3467,8.4686,8.4987,8.499,8.5283,8.5743,4.9797,8.7814,8.824,5.7329,7.8847,8.3711,7.0109,7.6859,5.7687,8.4831,7.3836,8.4868,8.4746,6.6141,5.8352,7.0398,6.0533,8.3886,8.4399,8.4879,8.5151,5.0389,8.4015,8.4743,8.4953,8.5652,6.4151,8.5029,8.5125,7.4398,6.6468,6.064,8.3284,8.4812,6.8153,7.2578,8.4909,5.8442,7.3735,5.6467,3.3519,8.3408,6.8498,8.3505,8.3915,8.4912,5.4175,8.4813,5.6528,3.618,8.5106,8.7375,8.1926,3.8738,8.3248,7.402,8.4717,8.4867,6.4195,6.4539,8.4374,5.8483,5.8942,5.9109,8.4409,7.4237,6.0167,8.4772,8.8738,4.9749,8.4239,4.7685,8.3878,4.607,6.8748,6.6465,8.3231,8.3878,6.7773,7.6225,8.4878,8.4748,6.2615,6.9308,5.9948,5.1946,5.8568,6.3385,5.308,5.4387,3.713,5.5196,5.668,6.3204,8.315,5.1352,5.1502,5.4766,6.9206,7.2449,8.3098,8.346,7.3681,8.4695,8.4659,8.4676,5.4713,4.9691,4.7601,5.0468,6.0738,5.9571,5.4323,5.393,5.1309,5.5133,5.6149,5.3744,6.0716,5.3427,5.2288,6.5,6.5821,7.0873,8.3382,8.3675,7.9979,8.1726,8.4605,8.4736,5.4608,5.2488,5.231,5.5899,6.1615,5.9191,6.0295,6.7164,6.8002,6.5016,6.8877,7.3926,6.058,5.5557,5.4328,4.5387,6.7418,6.1162,8.4231,8.45,5.2875,8.4378,8.5425,8.5358,7.2218,5.3938,6.3969,5.3303,6.3572,4.9444,5.75,6.3929,7.7806,6.5615,6.1107,6.381,7.4374,6.2772,7.4199,7.7288,8.4002,6.7892,8.428,8.8361,7.281,7.671,8.1611,8.3762,6.9949,6.8719,7.5378,5.4911,7.1492,5.9543,7.9765,7.4353,7.8089,8.0591,7.4052,5.6694,5.2986,4.8591,6.5904,6.4687,7.8908,6.4714,7.1135,8.3594,8.352,8.5627,7.8439,8.6567,6.6613,6.4819,6.5392,6.3004,6.0151,6.8141,6.5466,6.9249,6.1821,6.7167,7.0779,5.701,6.164,6.3283,6.4326,6.1013,6.01,5.8191,4.9713,5.3509,8.1188,8.2742,8.3994,8.4304,6.1914,4.6347,5.987,5.7669,5.6429,6.1446,5.816,4.2259,4.1031,3.786,5.9316,5.06,5.9379,5.4756,5.1868,6.1179,5.7904,5.901,8.4081,8.3379,7.6047,8.4124,8.3663,8.453,6.0038,5.3221,6.2651,5.8367,5.0831,6.3044,4.4138,4.6435,4.5472,5.5835,6.8964,5.6604,5.7724,6.1625,5.5029,5.5676,5.9199,6.462,8.4034,7.2613,5.2029,6.3149,8.3574,8.3891,6.6586,6.0029,6.6865,6.4196,5.3169,5.8095,8.3511,8.0339,5.984,6.2094,5.6421,8.3927,8.4239,6.541,8.6797,6.7675,7.4295,5.1733,8.4155,8.3824,7.9515,8.3514,8.423,8.4927,7.1667,8.5887,5.2238,6.5936,5.3022,7.3955,5.5647,7.1983,7.2268,8.389,8.4492,8.1039,8.4605,8.5136,6.988,6.2465,8.5196,6.8929,8.4243,8.3744,8.4137,6.9699,8.5236,8.557,5.9911,5.3106,8.4539,6.5843,5.6407,8.4389,5.9157,8.4216,6.1172,6.821,5.6282,8.3918,5.1212,8.4691,6.4855,8.4868,8.5298,6.9045,8.486,8.432,7.2707,8.046,8.4204,8.4971,6.6112,6.8701,8.5759,8.6069,6.1809,6.0898,6.094,6.5287,6.9515,6.3646,8.9478,8.3763,8.4544,8.4832,6.7334,8.4852,8.5325,7.1501,8.4522,7.56,7.8602,6.6483,6.8263,8.3954,6.5786,6.7631,5.9241,8.2967,6.0873,6.1535,7.1749,6.541,6.517,7.8011,6.7198,6.76,8.4122,8.4443,7.1985,6.7003,4.971,5.3626,8.3286,6.897,6.5481,6.3963,6.6703,6.0436,6.9612,5.6596,5.9368,5.4682,5.9218,6.4242,6.0578,6.7418,5.4909,5.164,5.8463,5.4444,6.1549,5.6086,6.9107,6.7822,7.0444,6.3794,6.009,5.332
48,8.8516,8.3135,8.048,8.2838,8.2936,8.4035,8.1004,7.1747,8.6483,7.8925,8.256,8.4017,8.4205,8.3075,8.7066,8.2902,7.6384,8.7171,8.278,8.2869,8.2709,8.4273,7.2059,7.8317,6.8355,8.6894,8.1548,8.1998,8.2307,8.3138,8.2838,7.4108,8.2219,7.257,8.2838,8.2853,8.3076,8.3142,8.1236,8.2838,8.2999,8.0426,6.6612,8.2878,8.3042,8.2928,8.3002,7.3841,8.2164,8.3943,7.8123,8.3934,8.3859,8.3972,7.0814,8.237,8.2931,7.5403,8.1828,8.232,8.282,8.2987,8.2863,8.3055,8.3147,7.2249,7.6658,8.8438,8.2657,8.2571,8.2686,6.7418,8.7734,6.7893,8.3885,8.3589,8.3731,8.5666,7.0956,8.479,7.7173,8.4313,8.4722,8.4242,8.4446,8.4263,8.4666,8.4267,8.5006,7.0792,6.7325,8.4328,8.0317,8.4585,8.157,8.1042,8.7479,4.9962,3.4052,8.2799,8.342,8.3919,5.103,8.1772,8.2813,5.6157,8.2716,8.346,4.3586,8.384,8.4385,4.1955,3.7386,6.1017,8.3893,7.5962,8.4375,6.4755,8.4966,6.633,6.888,8.4941,8.4874,3.9052,3.8887,8.3941,3.1044,8.4081,3.1116,8.486,9.1136,5.778,6.0667,8.514,5.7678,3.4117,8.4452,3.7322,3.4366,8.4178,8.449,8.4861,5.0655,5.809,6.2127,5.4014,8.4574,3.3323,8.448,8.4953,8.5626,4.7017,5.1258,5.3283,6.569,6.5817,5.9415,5.4863,4.833,6.4766,5.3415,5.0047,4.2488,5.0695,8.4051,4.7841,8.453,7.5,6.3135,8.4363,8.4635,3.9037,8.4413,8.4506,3.4444,8.4611,3.3488,5.4074,6.0186,6.1176,3.8201,8.4585,8.5163,8.5194,8.5192,9.1328,6.4079,5.9615,5.1786,8.4512,6.4456,8.4329,5.614,5.9837,6.2912,5.9199,3.733,5.988,4.9317,5.4863,6.5203,4.6458,7.0623,6.2852,2.3793,1.9354,5.4174,5.7888,8.8777,6.3623,5.0023,8.5259,8.426,8.1054,4.553,5.6837,6.4263,6.3332,8.3893,6.4657,7.1184,6.6078,5.892,6.2417,6.795,6.2317,6.5504,4.4856,3.0355,2.2263,3.1617,5.74,6.578,7.4686,6.2093,6.2126,4.4353,8.4143,6.5134,5.2066,6.1545,5.9195,6.7668,5.8108,5.6504,6.8148,6.3371,5.95,5.9547,5.5218,5.6478,5.4582,5.9668,3.4859,2.2252,5.6228,7.0436,5.7909,6.3245,6.6005,5.9803,6.3032,6.3296,6.041,6.7847,7.386,5.5145,6.0098,5.5849,6.5057,6.2693,6.8825,5.6268,6.7148,6.5117,5.8239,5.815,7.1618,2.9709,2.8545,5.4221,7.2352,5.8183,6.4093,7.6063,4.9445,7.5274,6.9692,7.3775,6.6692,5.1866,6.3773,7.3333,6.2233,6.0588,6.5627,6.0201,6.803,5.7352,6.0379,6.1432,6.2863,5.7429,5.1375,1.9828,6.7251,4.9471,7.5711,7.8052,6.2391,6.5276,7.5618,6.4805,5.9615,5.5214,5.456,5.7516,5.7883,8.932,5.5202,5.1756,5.8429,5.9541,7.5191,6.3096,5.679,7.0023,6.7083,6.4435,5.8574,6.1994,6.8202,6.4614,6.3397,6.4752,7.3648,5.3646,8.5471,5.5552,5.5605,5.9419,5.604,7.0615,5.8218,6.4296,8.3599,7.2501,5.3696,5.7289,4.869,6.4005,5.3063,6.5155,4.4398,6.3425,5.3416,5.2369,5.7591,8.3694,6.0908,5.5141,5.204,8.4071,5.2835,5.2947,6.8273,5.4815,4.5209,5.6237,6.0154,5.5946,8.3224,5.7663,4.9361,6.2095,5.5324,6.2585,6.37,5.3482,5.636,8.2888,5.3579,5.766,6.1286,6.6905,8.4269,5.4721,5.5156,8.3779,8.2668,4.9534,8.4086,8.4355,8.472,7.1839,8.5552,5.8554,4.8629,5.4122,5.0568,6.4055,5.9524,6.0207,8.2142,8.3137,5.2062,8.3998,8.4153,5.5374,8.4399,5.1423,4.8424,8.4508,5.4137,5.2842,9.0161,8.4498,5.5226,4.7233,8.4482,5.8345,7.161,5.7123,4.6807,5.3052,5.9863,6.2518,8.4011,8.4277,8.4617,8.4774,4.6765,8.4916,5.1481,8.5091,5.1744,8.5245,4.7629,5.0859,5.3674,8.4909,5.0082,4.8351,8.4828,8.5208,6.1555,5.746,6.2817,8.444,8.5156,8.4867,8.4941,5.6369,8.4623,5.0127,8.449,5.3451,8.7749,6.537,8.5371,6.1205,4.1946,8.5073,8.5591,6.0537,6.3025,6.0859,4.8591,5.395,8.394,5.5731,8.4028,5.2712,5.2324,8.4473,5.902,8.4705,5.801,6.1663,6.2407,5.6139,8.3436,8.4315,8.4464,8.4716,7.0355,4.0168,5.8529,4.0025,7.1639,5.5227,8.4257,8.4283,8.0488,5.4006,8.4546,8.4719,5.6757,7.7254,8.5872,8.4073,8.3885,7.9756,5.3505,8.1479,8.3314,8.4227,8.4532,8.4658,8.4529,8.4641,8.4486,7.3904,5.7869,3.9765,6.9618,8.4009,8.4147,8.7263,8.4101,8.4256,8.3778,2.8878,8.3894,8.7283,8.3946,8.3106,6.7777,8.2872,4.7895,8.3597,8.4318,8.4482,4.9388,6.1478,7.9986,6.0442,6.6937,8.3946,6.5125,8.4025,8.8871,8.1882,8.3941,8.4176,3.0772,7.747,8.3797,8.3996,8.3583,7.9778,6.9022,5.9859,8.2418,6.8676,8.2407,8.285,8.1502,8.7316,7.8467,7.7917,8.1855,8.2128,8.3135,8.3319,8.2451,7.7103,8.3184,8.342,8.3189,7.7795,8.1505,7.6263,7.4055,6.2597
49,8.6725,8.1602,8.4082,7.1372,7.4055,6.9052,5.3411,8.625,7.5432,8.5507,8.9344,6.9092,8.6019,7.3821,6.9917,6.462,5.2199,4.8113,4.7546,7.1328,6.371,8.2521,7.7917,7.6615,8.5951,8.1457,8.5291,6.6055,7.9026,4.188,4.1348,3.8205,5.812,5.5442,5.0861,5.7323,5.3843,5.2163,8.3015,5.2371,5.2154,3.7024,6.5821,5.6305,7.1775,8.317,8.3459,7.9488,8.5273,8.5181,8.5374,8.4929,7.07,6.333,6.1347,4.3298,4.4831,5.2756,6.2479,4.7925,2.9712,5.0261,4.0787,6.1082,5.8638,6.3723,6.3954,5.9536,8.3721,8.4096,8.4302,8.4617,6.4512,8.5551,8.607,8.5225,6.5787,6.234,5.2514,5.6038,6.229,8.1133,5.7471,5.6983,4.0291,6.6661,6.2325,8.4696,8.4842,6.3914,6.3358,7.4149,8.4116,8.4868,8.5152,7.4698,7.9958,8.5644,8.5748,8.4935,5.3572,5.6674,5.433,5.858,5.5582,5.6588,8.8876,8.4674,7.4077,6.6526,8.4925,7.2507,6.5638,6.0961,7.5308,7.2132,7.8706,8.4542,8.4738,7.8418,7.9903,8.5165,8.5256,8.5531,5.5652,5.7303,5.1005,5.6423,5.7167,5.1302,5.8414,7.0446,6.3094,5.8261,5.467,5.5211,6.2764,6.6168,5.5829,5.8123,6.7958,8.382,8.4692,6.9053,8.4891,8.5096,7.595,8.8115,5.9219,5.2063,4.9691,5.5071,5.5128,6.2151,5.8972,7.4143,6.0852,6.553,6.0589,6.0357,7.4148,6.372,6.8028,6.5721,7.8008,8.3596,8.3306,6.794,8.1396,5.7919,8.4753,8.4946,5.8602,5.2549,5.4326,5.6596,5.6242,5.4839,6.0263,4.8527,5.9051,5.846,5.9923,5.9264,6.9142,7.7135,6.2805,7.0006,8.44,8.4322,8.4195,7.0082,8.3016,6.3406,8.5326,8.493,5.4227,6.3677,5.0562,6.7967,4.9822,5.7162,6.4903,6.6652,5.7744,6.0471,6.3568,5.7341,6.3558,6.6973,7.7319,6.9311,8.8002,8.4253,8.4305,7.3979,7.9058,6.5672,8.2974,8.4362,5.189,5.0573,5.9242,5.5427,6.1645,5.7735,5.312,5.6409,5.7171,5.6292,5.519,5.8422,5.7446,6.8039,7.8652,7.3878,5.9265,8.3006,8.337,3.6864,8.0488,7.4716,7.0618,6.501,6.8725,5.9391,5.4193,6.0959,5.6955,4.7033,5.3554,5.6377,6.115,6.615,5.9647,6.4116,6.4891,6.5382,6.7482,7.0254,7.2505,8.3604,8.3839,8.3999,8.4578,8.5176,8.6491,8.5,7.6702,6.3236,6.0639,6.4692,5.8804,6.0498,6.474,6.2329,5.8502,6.3036,6.0414,5.7393,6.1772,6.3054,7.1388,7.6259,6.4124,8.3664,8.4053,8.4351,8.4472,7.9267,5.5567,8.4751,8.5143,5.4234,5.4126,6.0525,5.7978,6.4335,6.596,5.5384,6.218,5.9997,5.5003,5.9094,6.4536,5.9967,6.4341,6.7318,5.9093,8.3479,8.3807,8.5943,6.7469,8.4418,8.4503,8.5961,5.8291,5.8547,5.8269,5.2401,6.6474,6.6958,4.3515,5.8164,4.8773,6.2815,5.6512,5.7507,6.2141,5.8,6.9683,6.9212,6.5261,8.3897,8.3981,6.6947,5.4011,8.4458,8.4711,7.2465,6.8543,6.7455,6.258,5.9401,6.2343,5.6105,5.6246,6.4801,4.1771,5.6666,5.3723,6.2141,5.9174,7.7594,7.9191,6.7537,7.1436,8.3661,8.2314,7.5785,8.3659,8.2068,8.437,6.9541,7.9529,5.5101,6.4474,4.4798,5.7124,5.6019,6.1289,6.667,6.4597,5.8518,5.3808,8.3058,7.3961,7.1529,5.5089,7.5992,6.6468,8.3808,8.5073,7.9856,6.4105,8.4213,6.8805,6.7127,7.6938,6.0941,6.0841,4.1944,6.4164,5.0604,5.7612,6.5432,5.9064,5.6579,6.5178,7.1159,9.0214,5.8393,5.9841,6.3406,6.9477,8.3388,8.3864,7.369,5.4928,8.4095,8.4586,6.1406,8.4323,6.2937,6.3005,6.0925,6.1415,5.333,5.6645,6.0374,6.0104,5.828,5.7715,8.4376,8.4206,8.4494,5.981,6.4963,8.2576,8.2115,7.6526,7.2011,6.7067,8.4366,8.3248,6.6118,6.6025,5.4419,5.8813,4.113,4.1483,5.8864,5.8405,6.71,5.7959,5.8861,5.9478,5.3984,6.9881,8.3761,6.7885,6.7849,6.51,8.3129,8.0197,7.7309,8.3148,8.4148,8.4216,8.4358,6.4026,8.4135,5.2887,7.372,5.8583,6.0686,5.7959,6.076,6.2124,6.8844,8.1795,6.8001,8.4269,8.4506,5.0734,6.8806,8.3472,8.3641,8.3552,4.86,6.6762,8.4858,8.531,8.4572,8.5253,6.1994,6.2352,8.4226,7.1222,6.2744,6.2844,6.8651,6.187,6.387,6.4897,8.993,8.436,7.1986,8.4295,8.4998,8.4106,8.4762,8.4493,8.4571,8.4231,8.4133,6.9559,8.4305,8.4862,8.5059,6.6205,6.8847,5.5552,5.9049,6.0622,5.9421,6.163,6.2741,6.4036,6.0503,8.3242,6.0785,5.4731,8.474,7.7316,8.4091,8.3839,7.35,6.6936,7.241,8.3601,5.5603,8.3582,6.4281,8.4189,5.6382,6.1275,8.3923,7.1038,6.9259,6.3457,5.7879,6.3759,8.29,7.0096,5.851,6.8791,6.4572,6.2884,8.2728,7.0149,6.2926,6.3918,6.5106,6.245,5.9395,7.3262,5.9554,8.3283,8.1424,5.701,8.3834,6.3814,6.1162,8.3115,8.3667,8.3992,8.4219,6.1257,5.8978,8.3132,7.5644,5.7921,6.2073,5.8493
50,8.8204,7.9022,8.6274,8.4634,8.448,8.6462,7.2033,7.2116,8.5705,7.8888,8.4094,8.354,8.721,7.7766,8.5188,8.3552,8.3842,8.5984,8.3942,8.3195,8.3114,8.3118,7.9896,7.6604,8.788,8.365,8.3196,8.3261,8.3399,8.3337,8.3225,7.2886,7.7886,8.2908,8.2912,8.3204,8.3248,8.3329,8.3639,8.357,8.3711,8.0812,6.9086,8.3352,8.3398,8.339,8.3542,8.0407,7.9519,8.447,8.4332,8.4165,8.4414,8.4422,8.1614,8.4467,8.4141,8.407,8.1235,7.6615,8.3473,8.3551,8.3592,8.3641,7.0309,8.1401,4.8528,8.9713,8.2637,8.2795,8.2972,8.3556,6.8858,8.5985,8.6019,8.5668,8.5563,7.7838,7.3991,5.6856,8.1405,8.372,7.7664,7.8348,8.3007,8.3319,8.2907,8.3546,8.3664,8.3499,8.1701,8.4246,8.4334,8.3843,8.3769,6.5112,8.0385,8.1036,8.2887,8.3266,8.3616,6.9919,7.8213,8.4294,8.147,7.8435,8.5797,7.092,8.1686,8.2002,7.0009,8.2805,8.2832,5.036,5.1989,8.1964,8.2679,8.2648,8.2032,8.1423,5.9386,7.2714,6.2698,8.3602,7.3261,6.494,6.7231,6.3363,6.2067,6.9466,6.2982,7.2784,5.7589,6.3593,8.4167,6.1404,5.1857,5.7941,6.4294,5.773,6.115,6.7834,7.4675,6.7553,6.316,8.3139,5.6992,5.997,8.366,6.5661,7.2386,6.9163,5.5093,6.5216,5.6236,6.9649,6.5516,8.4264,6.5519,6.759,6.2911,7.9075,5.9342,8.5788,6.5793,7.4662,7.7207,6.9334,6.508,6.1866,6.444,6.0188,6.6631,5.7366,6.2145,6.0191,6.4408,7.4737,5.9321,7.2341,7.1185,6.4287,7.0605,8.4198,6.3506,7.3972,8.3058,8.4311,5.5903,8.0014,8.4061,6.7617,6.7057,6.1496,6.1627,6.8099,8.445,6.1308,6.4895,4.762,3.1196,6.4012,6.1572,8.9899,6.2582,8.4356,8.4731,8.4197,5.9098,6.5401,7.7752,7.4408,7.8376,7.9537,8.4258,7.2617,8.5428,6.7478,6.2778,6.3232,7.4383,6.9403,6.1277,2.2449,5.8456,5.9921,5.8628,6.3487,6.449,8.4424,7.8592,8.0589,6.1684,6.0204,7.1526,5.7098,6.1686,7.4878,6.7132,7.2105,8.0942,6.6592,6.1783,6.0027,6.2267,6.8684,7.0475,1.4624,7.5362,6.6354,5.847,6.8507,7.3621,6.8893,7.5849,7.06,6.9856,6.7784,8.4077,6.7675,7.4833,6.1023,6.5581,7.5667,6.7055,6.8439,7.1806,7.8681,7.1812,6.5743,2.9718,6.9021,6.4295,5.0504,5.9443,7.0562,6.6686,6.176,7.5216,6.6621,8.221,7.1885,5.9497,6.7394,7.246,7.0874,7.9404,8.1297,6.4923,6.4978,6.3427,5.8946,5.1159,5.9149,6.1681,5.2918,5.1774,5.5365,5.5305,5.2531,5.8334,6.8171,5.9897,6.6601,6.5949,6.2733,5.4057,6.6989,6.1222,5.9247,5.6996,6.7836,7.2633,8.4221,7.151,6.2153,4.8587,5.7546,5.4072,5.7431,6.0278,5.4954,5.8979,5.7578,5.3356,6.0196,6.3414,6.7089,6.5482,7.3308,6.1326,5.9168,6.0083,5.2944,5.8176,5.6089,9.0135,6.1004,6.216,4.3187,4.8502,5.6182,6.1178,5.8153,5.7992,5.7596,5.8435,6.3278,5.4038,7.8683,6.9755,7.1902,5.9434,7.1256,5.3,6.0209,6.7301,6.4058,8.3281,5.475,5.9796,7.3605,4.3663,6.2893,5.5383,5.4012,8.3412,6.7909,6.4095,5.4663,6.5204,7.1613,6.2882,6.145,6.1126,5.2073,5.5713,5.4049,5.4175,5.6892,5.8415,5.5672,6.2441,5.8364,5.8445,8.291,6.9047,6.1044,8.3132,6.2005,5.9249,4.9859,8.373,8.4007,8.4446,5.5938,5.4242,6.1747,5.8173,5.4625,5.5255,8.192,5.3378,5.4008,6.5143,6.3058,6.0267,5.8886,5.8046,8.3429,7.2551,7.4352,6.3305,8.4151,5.7717,6.033,8.3645,5.6161,8.3702,6.2021,6.943,6.046,4.5022,4.486,8.4009,5.7671,5.672,5.9052,8.4452,5.627,8.3973,5.6567,6.9697,8.4877,6.9119,6.4542,5.4215,8.4535,8.4363,6.3148,6.7402,6.9613,8.4762,8.4603,6.4705,8.5083,8.5123,7.2067,7.5449,6.099,8.515,5.5671,7.5217,6.8738,6.662,6.1091,6.6025,7.563,8.3533,8.4754,6.3127,6.579,6.5597,8.5784,6.2284,6.5627,8.4671,8.4749,8.393,8.4298,8.4487,8.4419,8.4362,7.4243,7.8523,8.4036,8.4113,7.935,7.7099,6.4068,5.9624,8.4049,8.4522,8.4391,8.4591,7.563,6.7788,6.3013,7.0816,6.6049,5.9782,7.9149,8.3812,8.3942,8.4089,8.4136,8.4188,6.9539,8.1396,8.9468,8.4669,8.4488,8.4207,7.5089,7.7443,8.2837,8.4433,8.4301,8.364,5.8241,8.3403,8.3946,7.7609,5.7418,5.4502,8.2568,8.3237,8.3572,6.9284,8.3468,8.3521,7.8809,7.7655,8.3261,8.5532,8.352,8.3385,7.2971,7.8991,7.923,8.35,8.3951,8.4099,8.3808,8.3888,8.3693,7.1992,7.8944,8.2908,8.3518,8.3685,8.3573,7.6292,8.3869,8.3973,6.6043,7.7663,8.3116,8.3383,8.3093,7.0151,6.6575,6.1778,7.0952,8.1567,7.7802,8.0643,7.9298,8.2253,8.2303,7.4644,7.1914,7.9379,8.1702,8.148,7.9607,7.2706,8.257,8.2172,8.2692,7.3136,7.7524,7.236,7.9811,6.17
